2026-10-06 08:08:25 INFO  [background-preinit] Version - HV000001: Hibernate Validator 8.0.2.Final
2026-10-06 08:08:25 INFO  [main] ProjectSApplication - Starting ProjectSApplication using Java 17.0.20.1 with PID 16035 (/home/abhimanyu/Projects/Training/ProjectS/target/classes started by abhimanyu in /home/abhimanyu/Projects/Training/ProjectS)
2026-10-06 08:08:25 INFO  [main] ProjectSApplication - No active profile set, falling back to 1 default profile: "default"
2026-10-06 08:08:26 INFO  [main] RepositoryConfigurationDelegate - Multiple Spring Data modules found, entering strict repository configuration mode
2026-10-06 08:08:26 INFO  [main] RepositoryConfigurationDelegate - Bootstrapping Spring Data JDBC repositories in DEFAULT mode.
2026-10-06 08:08:26 INFO  [main] RepositoryConfigurationExtensionSupport - Spring Data JDBC - Could not safely identify store assignment for repository candidate interface com.project.ProjectS.repository.AnswerEventRepository; If you want this repository to be a JDBC repository, consider annotating your entities with one of these annotations: org.springframework.data.relational.core.mapping.Table.
2026-10-06 08:08:26 INFO  [main] RepositoryConfigurationExtensionSupport - Spring Data JDBC - Could not safely identify store assignment for repository candidate interface com.project.ProjectS.repository.AttendanceRepository; If you want this repository to be a JDBC repository, consider annotating your entities with one of these annotations: org.springframework.data.relational.core.mapping.Table.
2026-10-06 08:08:26 INFO  [main] RepositoryConfigurationExtensionSupport - Spring Data JDBC - Could not safely identify store assignment for repository candidate interface com.project.ProjectS.repository.BranchRepository; If you want this repository to be a JDBC repository, consider annotating your entities with one of these annotations: org.springframework.data.relational.core.mapping.Table.
2026-10-06 08:08:26 INFO  [main] RepositoryConfigurationExtensionSupport - Spring Data JDBC - Could not safely identify store assignment for repository candidate interface com.project.ProjectS.repository.ChapterRepository; If you want this repository to be a JDBC repository, consider annotating your entities with one of these annotations: org.springframework.data.relational.core.mapping.Table.
2026-10-06 08:08:26 INFO  [main] RepositoryConfigurationExtensionSupport - Spring Data JDBC - Could not safely identify store assignment for repository candidate interface com.project.ProjectS.repository.CollegeRepository; If you want this repository to be a JDBC repository, consider annotating your entities with one of these annotations: org.springframework.data.relational.core.mapping.Table.
2026-10-06 08:08:26 INFO  [main] RepositoryConfigurationExtensionSupport - Spring Data JDBC - Could not safely identify store assignment for repository candidate interface com.project.ProjectS.repository.CourseRepository; If you want this repository to be a JDBC repository, consider annotating your entities with one of these annotations: org.springframework.data.relational.core.mapping.Table.
2026-10-06 08:08:26 INFO  [main] RepositoryConfigurationExtensionSupport - Spring Data JDBC - Could not safely identify store assignment for repository candidate interface com.project.ProjectS.repository.ExamQuestionRepository; If you want this repository to be a JDBC repository, consider annotating your entities with one of these annotations: org.springframework.data.relational.core.mapping.Table.
2026-10-06 08:08:26 INFO  [main] RepositoryConfigurationExtensionSupport - Spring Data JDBC - Could not safely identify store assignment for repository candidate interface com.project.ProjectS.repository.ExamRepository; If you want this repository to be a JDBC repository, consider annotating your entities with one of these annotations: org.springframework.data.relational.core.mapping.Table.
2026-10-06 08:08:26 INFO  [main] RepositoryConfigurationExtensionSupport - Spring Data JDBC - Could not safely identify store assignment for repository candidate interface com.project.ProjectS.repository.ExamResultRepository; If you want this repository to be a JDBC repository, consider annotating your entities with one of these annotations: org.springframework.data.relational.core.mapping.Table.
2026-10-06 08:08:26 INFO  [main] RepositoryConfigurationExtensionSupport - Spring Data JDBC - Could not safely identify store assignment for repository candidate interface com.project.ProjectS.repository.McqOptionRepository; If you want this repository to be a JDBC repository, consider annotating your entities with one of these annotations: org.springframework.data.relational.core.mapping.Table.
2026-10-06 08:08:26 INFO  [main] RepositoryConfigurationExtensionSupport - Spring Data JDBC - Could not safely identify store assignment for repository candidate interface com.project.ProjectS.repository.McqQuestionRepository; If you want this repository to be a JDBC repository, consider annotating your entities with one of these annotations: org.springframework.data.relational.core.mapping.Table.
2026-10-06 08:08:26 INFO  [main] RepositoryConfigurationExtensionSupport - Spring Data JDBC - Could not safely identify store assignment for repository candidate interface com.project.ProjectS.repository.MockExamQuestionRepository; If you want this repository to be a JDBC repository, consider annotating your entities with one of these annotations: org.springframework.data.relational.core.mapping.Table.
2026-10-06 08:08:26 INFO  [main] RepositoryConfigurationExtensionSupport - Spring Data JDBC - Could not safely identify store assignment for repository candidate interface com.project.ProjectS.repository.MockExamRepository; If you want this repository to be a JDBC repository, consider annotating your entities with one of these annotations: org.springframework.data.relational.core.mapping.Table.
2026-10-06 08:08:26 INFO  [main] RepositoryConfigurationExtensionSupport - Spring Data JDBC - Could not safely identify store assignment for repository candidate interface com.project.ProjectS.repository.MockExamResultRepository; If you want this repository to be a JDBC repository, consider annotating your entities with one of these annotations: org.springframework.data.relational.core.mapping.Table.
2026-10-06 08:08:26 INFO  [main] RepositoryConfigurationExtensionSupport - Spring Data JDBC - Could not safely identify store assignment for repository candidate interface com.project.ProjectS.repository.NotificationRepository; If you want this repository to be a JDBC repository, consider annotating your entities with one of these annotations: org.springframework.data.relational.core.mapping.Table.
2026-10-06 08:08:26 INFO  [main] RepositoryConfigurationExtensionSupport - Spring Data JDBC - Could not safely identify store assignment for repository candidate interface com.project.ProjectS.repository.PlanCourseRepository; If you want this repository to be a JDBC repository, consider annotating your entities with one of these annotations: org.springframework.data.relational.core.mapping.Table.
2026-10-06 08:08:26 INFO  [main] RepositoryConfigurationExtensionSupport - Spring Data JDBC - Could not safely identify store assignment for repository candidate interface com.project.ProjectS.repository.PracticeResultRepository; If you want this repository to be a JDBC repository, consider annotating your entities with one of these annotations: org.springframework.data.relational.core.mapping.Table.
2026-10-06 08:08:26 INFO  [main] RepositoryConfigurationExtensionSupport - Spring Data JDBC - Could not safely identify store assignment for repository candidate interface com.project.ProjectS.repository.QuestionAnswerRepository; If you want this repository to be a JDBC repository, consider annotating your entities with one of these annotations: org.springframework.data.relational.core.mapping.Table.
2026-10-06 08:08:26 INFO  [main] RepositoryConfigurationExtensionSupport - Spring Data JDBC - Could not safely identify store assignment for repository candidate interface com.project.ProjectS.repository.QuestionAttributeRepository; If you want this repository to be a JDBC repository, consider annotating your entities with one of these annotations: org.springframework.data.relational.core.mapping.Table.
2026-10-06 08:08:26 INFO  [main] RepositoryConfigurationExtensionSupport - Spring Data JDBC - Could not safely identify store assignment for repository candidate interface com.project.ProjectS.repository.QuestionFillBlankAnswerRepository; If you want this repository to be a JDBC repository, consider annotating your entities with one of these annotations: org.springframework.data.relational.core.mapping.Table.
2026-10-06 08:08:26 INFO  [main] RepositoryConfigurationExtensionSupport - Spring Data JDBC - Could not safely identify store assignment for repository candidate interface com.project.ProjectS.repository.QuestionMatchingPairRepository; If you want this repository to be a JDBC repository, consider annotating your entities with one of these annotations: org.springframework.data.relational.core.mapping.Table.
2026-10-06 08:08:26 INFO  [main] RepositoryConfigurationExtensionSupport - Spring Data JDBC - Could not safely identify store assignment for repository candidate interface com.project.ProjectS.repository.QuestionRepository; If you want this repository to be a JDBC repository, consider annotating your entities with one of these annotations: org.springframework.data.relational.core.mapping.Table.
2026-10-06 08:08:26 INFO  [main] RepositoryConfigurationExtensionSupport - Spring Data JDBC - Could not safely identify store assignment for repository candidate interface com.project.ProjectS.repository.QuestionTypeRepository; If you want this repository to be a JDBC repository, consider annotating your entities with one of these annotations: org.springframework.data.relational.core.mapping.Table.
2026-10-06 08:08:26 INFO  [main] RepositoryConfigurationExtensionSupport - Spring Data JDBC - Could not safely identify store assignment for repository candidate interface com.project.ProjectS.repository.RoleRepository; If you want this repository to be a JDBC repository, consider annotating your entities with one of these annotations: org.springframework.data.relational.core.mapping.Table.
2026-10-06 08:08:26 INFO  [main] RepositoryConfigurationExtensionSupport - Spring Data JDBC - Could not safely identify store assignment for repository candidate interface com.project.ProjectS.repository.RuleEngineRepository; If you want this repository to be a JDBC repository, consider annotating your entities with one of these annotations: org.springframework.data.relational.core.mapping.Table.
2026-10-06 08:08:26 INFO  [main] RepositoryConfigurationExtensionSupport - Spring Data JDBC - Could not safely identify store assignment for repository candidate interface com.project.ProjectS.repository.SectionRepository; If you want this repository to be a JDBC repository, consider annotating your entities with one of these annotations: org.springframework.data.relational.core.mapping.Table.
2026-10-06 08:08:26 INFO  [main] RepositoryConfigurationExtensionSupport - Spring Data JDBC - Could not safely identify store assignment for repository candidate interface com.project.ProjectS.repository.SubjectRepository; If you want this repository to be a JDBC repository, consider annotating your entities with one of these annotations: org.springframework.data.relational.core.mapping.Table.
2026-10-06 08:08:26 INFO  [main] RepositoryConfigurationExtensionSupport - Spring Data JDBC - Could not safely identify store assignment for repository candidate interface com.project.ProjectS.repository.SubscriptionPlanRepository; If you want this repository to be a JDBC repository, consider annotating your entities with one of these annotations: org.springframework.data.relational.core.mapping.Table.
2026-10-06 08:08:26 INFO  [main] RepositoryConfigurationExtensionSupport - Spring Data JDBC - Could not safely identify store assignment for repository candidate interface com.project.ProjectS.repository.TableAttributeRepository; If you want this repository to be a JDBC repository, consider annotating your entities with one of these annotations: org.springframework.data.relational.core.mapping.Table.
2026-10-06 08:08:26 INFO  [main] RepositoryConfigurationExtensionSupport - Spring Data JDBC - Could not safely identify store assignment for repository candidate interface com.project.ProjectS.repository.TableHeaderRepository; If you want this repository to be a JDBC repository, consider annotating your entities with one of these annotations: org.springframework.data.relational.core.mapping.Table.
2026-10-06 08:08:26 INFO  [main] RepositoryConfigurationExtensionSupport - Spring Data JDBC - Could not safely identify store assignment for repository candidate interface com.project.ProjectS.repository.TableNameRepository; If you want this repository to be a JDBC repository, consider annotating your entities with one of these annotations: org.springframework.data.relational.core.mapping.Table.
2026-10-06 08:08:26 INFO  [main] RepositoryConfigurationExtensionSupport - Spring Data JDBC - Could not safely identify store assignment for repository candidate interface com.project.ProjectS.repository.TopicRepository; If you want this repository to be a JDBC repository, consider annotating your entities with one of these annotations: org.springframework.data.relational.core.mapping.Table.
2026-10-06 08:08:26 INFO  [main] RepositoryConfigurationExtensionSupport - Spring Data JDBC - Could not safely identify store assignment for repository candidate interface com.project.ProjectS.repository.UserActivitySessionRepository; If you want this repository to be a JDBC repository, consider annotating your entities with one of these annotations: org.springframework.data.relational.core.mapping.Table.
2026-10-06 08:08:26 INFO  [main] RepositoryConfigurationExtensionSupport - Spring Data JDBC - Could not safely identify store assignment for repository candidate interface com.project.ProjectS.repository.UserRepository; If you want this repository to be a JDBC repository, consider annotating your entities with one of these annotations: org.springframework.data.relational.core.mapping.Table.
2026-10-06 08:08:26 INFO  [main] RepositoryConfigurationExtensionSupport - Spring Data JDBC - Could not safely identify store assignment for repository candidate interface com.project.ProjectS.repository.UserSubscriptionRepository; If you want this repository to be a JDBC repository, consider annotating your entities with one of these annotations: org.springframework.data.relational.core.mapping.Table.
2026-10-06 08:08:26 INFO  [main] RepositoryConfigurationDelegate - Finished Spring Data repository scanning in 101 ms. Found 0 JDBC repository interfaces.
2026-10-06 08:08:26 INFO  [main] RepositoryConfigurationDelegate - Multiple Spring Data modules found, entering strict repository configuration mode
2026-10-06 08:08:26 INFO  [main] RepositoryConfigurationDelegate - Bootstrapping Spring Data JPA repositories in DEFAULT mode.
2026-10-06 08:08:27 INFO  [main] RepositoryConfigurationDelegate - Finished Spring Data repository scanning in 80 ms. Found 35 JPA repository interfaces.
2026-10-06 08:08:27 INFO  [main] TomcatWebServer - Tomcat initialized with port 18080 (http)
2026-10-06 08:08:28 INFO  [main] Http11NioProtocol - Initializing ProtocolHandler ["http-nio-0.0.0.0-18080"]
2026-10-06 08:08:28 INFO  [main] StandardService - Starting service [Tomcat]
2026-10-06 08:08:28 INFO  [main] StandardEngine - Starting Servlet engine: [Apache Tomcat/10.1.43]
2026-10-06 08:08:28 INFO  [main] [/] - Initializing Spring embedded WebApplicationContext
2026-10-06 08:08:28 INFO  [main] ServletWebServerApplicationContext - Root WebApplicationContext: initialization completed in 2631 ms
2026-10-06 08:08:28 INFO  [main] LogHelper - HHH000204: Processing PersistenceUnitInfo [name: default]
2026-10-06 08:08:28 INFO  [main] Version - HHH000412: Hibernate ORM core version 6.6.22.Final
2026-10-06 08:08:28 INFO  [main] Environment - HHH000205: Loaded properties from resource hibernate.properties: {}
2026-10-06 08:08:28 INFO  [main] RegionFactoryInitiator - HHH000026: Second-level cache disabled
2026-10-06 08:08:29 INFO  [main] SpringPersistenceUnitInfo - No LoadTimeWeaver setup: ignoring JPA class transformer
2026-10-06 08:08:29 INFO  [main] HikariDataSource - HikariPool-1 - Starting...
2026-10-06 08:08:29 INFO  [main] HikariPool - HikariPool-1 - Added connection org.postgresql.jdbc.PgConnection@3d718248
2026-10-06 08:08:29 INFO  [main] HikariDataSource - HikariPool-1 - Start completed.
2026-10-06 08:08:29 INFO  [main] pooling - HHH10001005: Database info:
	Database JDBC URL [Connecting through datasource 'HikariDataSource (HikariPool-1)']
	Database driver: undefined/unknown
	Database version: 16.15
	Autocommit mode: undefined/unknown
	Isolation level: undefined/unknown
	Minimum pool size: undefined/unknown
	Maximum pool size: undefined/unknown
2026-10-06 08:08:31 INFO  [main] JtaPlatformInitiator - HHH000489: No JTA platform available (set 'hibernate.transaction.jta.platform' to enable JTA platform integration)
2026-10-06 08:08:31 WARN  [main] SqlExceptionHelper - SQL Warning Code: 0, SQLState: 00000
2026-10-06 08:08:31 WARN  [main] SqlExceptionHelper - constraint "uk10o1o5dgwh50o64ln56ax2y6t" of relation "plan_courses" does not exist, skipping
2026-10-06 08:08:34 WARN  [main] ExceptionHandlerLoggedImpl - GenerationTarget encountered exception accepting command : Error executing DDL "alter table if exists users add constraint FKcaatq5ncr5ocso1oe7sxlwhcd foreign key (section_id) references section" via JDBC [ERROR: insert or update on table "users" violates foreign key constraint "fkcaatq5ncr5ocso1oe7sxlwhcd"
  Detail: Key (section_id)=(1) is not present in table "section".]
org.hibernate.tool.schema.spi.CommandAcceptanceException: Error executing DDL "alter table if exists users add constraint FKcaatq5ncr5ocso1oe7sxlwhcd foreign key (section_id) references section" via JDBC [ERROR: insert or update on table "users" violates foreign key constraint "fkcaatq5ncr5ocso1oe7sxlwhcd"
  Detail: Key (section_id)=(1) is not present in table "section".]
	at org.hibernate.tool.schema.internal.exec.GenerationTargetToDatabase.accept(GenerationTargetToDatabase.java:94) ~[hibernate-core-6.6.22.Final.jar:6.6.22.Final]
	at org.hibernate.tool.schema.internal.AbstractSchemaMigrator.applySqlString(AbstractSchemaMigrator.java:576) ~[hibernate-core-6.6.22.Final.jar:6.6.22.Final]
	at org.hibernate.tool.schema.internal.AbstractSchemaMigrator.applySqlStrings(AbstractSchemaMigrator.java:516) ~[hibernate-core-6.6.22.Final.jar:6.6.22.Final]
	at org.hibernate.tool.schema.internal.AbstractSchemaMigrator.applyForeignKeys(AbstractSchemaMigrator.java:448) ~[hibernate-core-6.6.22.Final.jar:6.6.22.Final]
	at org.hibernate.tool.schema.internal.AbstractSchemaMigrator.performMigration(AbstractSchemaMigrator.java:269) ~[hibernate-core-6.6.22.Final.jar:6.6.22.Final]
	at org.hibernate.tool.schema.internal.AbstractSchemaMigrator.doMigration(AbstractSchemaMigrator.java:112) ~[hibernate-core-6.6.22.Final.jar:6.6.22.Final]
	at org.hibernate.tool.schema.spi.SchemaManagementToolCoordinator.performDatabaseAction(SchemaManagementToolCoordinator.java:280) ~[hibernate-core-6.6.22.Final.jar:6.6.22.Final]
	at org.hibernate.tool.schema.spi.SchemaManagementToolCoordinator.lambda$process$5(SchemaManagementToolCoordinator.java:144) ~[hibernate-core-6.6.22.Final.jar:6.6.22.Final]
	at java.base/java.util.HashMap.forEach(HashMap.java:1421) ~[?:?]
	at org.hibernate.tool.schema.spi.SchemaManagementToolCoordinator.process(SchemaManagementToolCoordinator.java:141) ~[hibernate-core-6.6.22.Final.jar:6.6.22.Final]
	at org.hibernate.boot.internal.SessionFactoryObserverForSchemaExport.sessionFactoryCreated(SessionFactoryObserverForSchemaExport.java:37) ~[hibernate-core-6.6.22.Final.jar:6.6.22.Final]
	at org.hibernate.internal.SessionFactoryObserverChain.sessionFactoryCreated(SessionFactoryObserverChain.java:35) ~[hibernate-core-6.6.22.Final.jar:6.6.22.Final]
	at org.hibernate.internal.SessionFactoryImpl.<init>(SessionFactoryImpl.java:324) ~[hibernate-core-6.6.22.Final.jar:6.6.22.Final]
	at org.hibernate.boot.internal.SessionFactoryBuilderImpl.build(SessionFactoryBuilderImpl.java:463) ~[hibernate-core-6.6.22.Final.jar:6.6.22.Final]
	at org.hibernate.jpa.boot.internal.EntityManagerFactoryBuilderImpl.build(EntityManagerFactoryBuilderImpl.java:1517) ~[hibernate-core-6.6.22.Final.jar:6.6.22.Final]
	at org.springframework.orm.jpa.vendor.SpringHibernateJpaPersistenceProvider.createContainerEntityManagerFactory(SpringHibernateJpaPersistenceProvider.java:66) ~[spring-orm-6.2.9.jar:6.2.9]
	at org.springframework.orm.jpa.LocalContainerEntityManagerFactoryBean.createNativeEntityManagerFactory(LocalContainerEntityManagerFactoryBean.java:390) ~[spring-orm-6.2.9.jar:6.2.9]
	at org.springframework.orm.jpa.AbstractEntityManagerFactoryBean.buildNativeEntityManagerFactory(AbstractEntityManagerFactoryBean.java:419) ~[spring-orm-6.2.9.jar:6.2.9]
	at org.springframework.orm.jpa.AbstractEntityManagerFactoryBean.afterPropertiesSet(AbstractEntityManagerFactoryBean.java:400) ~[spring-orm-6.2.9.jar:6.2.9]
	at org.springframework.orm.jpa.LocalContainerEntityManagerFactoryBean.afterPropertiesSet(LocalContainerEntityManagerFactoryBean.java:366) ~[spring-orm-6.2.9.jar:6.2.9]
	at org.springframework.beans.factory.support.AbstractAutowireCapableBeanFactory.invokeInitMethods(AbstractAutowireCapableBeanFactory.java:1873) ~[spring-beans-6.2.9.jar:6.2.9]
	at org.springframework.beans.factory.support.AbstractAutowireCapableBeanFactory.initializeBean(AbstractAutowireCapableBeanFactory.java:1822) ~[spring-beans-6.2.9.jar:6.2.9]
	at org.springframework.beans.factory.support.AbstractAutowireCapableBeanFactory.doCreateBean(AbstractAutowireCapableBeanFactory.java:607) ~[spring-beans-6.2.9.jar:6.2.9]
	at org.springframework.beans.factory.support.AbstractAutowireCapableBeanFactory.createBean(AbstractAutowireCapableBeanFactory.java:529) ~[spring-beans-6.2.9.jar:6.2.9]
	at org.springframework.beans.factory.support.AbstractBeanFactory.lambda$doGetBean$0(AbstractBeanFactory.java:339) ~[spring-beans-6.2.9.jar:6.2.9]
	at org.springframework.beans.factory.support.DefaultSingletonBeanRegistry.getSingleton(DefaultSingletonBeanRegistry.java:373) ~[spring-beans-6.2.9.jar:6.2.9]
	at org.springframework.beans.factory.support.AbstractBeanFactory.doGetBean(AbstractBeanFactory.java:337) ~[spring-beans-6.2.9.jar:6.2.9]
	at org.springframework.beans.factory.support.AbstractBeanFactory.getBean(AbstractBeanFactory.java:202) ~[spring-beans-6.2.9.jar:6.2.9]
	at org.springframework.beans.factory.support.BeanDefinitionValueResolver.resolveReference(BeanDefinitionValueResolver.java:365) ~[spring-beans-6.2.9.jar:6.2.9]
	at org.springframework.beans.factory.support.BeanDefinitionValueResolver.resolveValueIfNecessary(BeanDefinitionValueResolver.java:135) ~[spring-beans-6.2.9.jar:6.2.9]
	at org.springframework.beans.factory.support.ConstructorResolver.resolveConstructorArguments(ConstructorResolver.java:691) ~[spring-beans-6.2.9.jar:6.2.9]
	at org.springframework.beans.factory.support.ConstructorResolver.instantiateUsingFactoryMethod(ConstructorResolver.java:513) ~[spring-beans-6.2.9.jar:6.2.9]
	at org.springframework.beans.factory.support.AbstractAutowireCapableBeanFactory.instantiateUsingFactoryMethod(AbstractAutowireCapableBeanFactory.java:1375) ~[spring-beans-6.2.9.jar:6.2.9]
	at org.springframework.beans.factory.support.AbstractAutowireCapableBeanFactory.createBeanInstance(AbstractAutowireCapableBeanFactory.java:1205) ~[spring-beans-6.2.9.jar:6.2.9]
	at org.springframework.beans.factory.support.AbstractAutowireCapableBeanFactory.doCreateBean(AbstractAutowireCapableBeanFactory.java:569) ~[spring-beans-6.2.9.jar:6.2.9]
	at org.springframework.beans.factory.support.AbstractAutowireCapableBeanFactory.createBean(AbstractAutowireCapableBeanFactory.java:529) ~[spring-beans-6.2.9.jar:6.2.9]
	at org.springframework.beans.factory.support.AbstractBeanFactory.lambda$doGetBean$0(AbstractBeanFactory.java:339) ~[spring-beans-6.2.9.jar:6.2.9]
	at org.springframework.beans.factory.support.DefaultSingletonBeanRegistry.getSingleton(DefaultSingletonBeanRegistry.java:373) ~[spring-beans-6.2.9.jar:6.2.9]
	at org.springframework.beans.factory.support.AbstractBeanFactory.doGetBean(AbstractBeanFactory.java:337) ~[spring-beans-6.2.9.jar:6.2.9]
	at org.springframework.beans.factory.support.AbstractBeanFactory.getBean(AbstractBeanFactory.java:202) ~[spring-beans-6.2.9.jar:6.2.9]
	at org.springframework.beans.factory.support.BeanDefinitionValueResolver.resolveReference(BeanDefinitionValueResolver.java:365) ~[spring-beans-6.2.9.jar:6.2.9]
	at org.springframework.beans.factory.support.BeanDefinitionValueResolver.resolveValueIfNecessary(BeanDefinitionValueResolver.java:135) ~[spring-beans-6.2.9.jar:6.2.9]
	at org.springframework.beans.factory.support.AbstractAutowireCapableBeanFactory.applyPropertyValues(AbstractAutowireCapableBeanFactory.java:1725) ~[spring-beans-6.2.9.jar:6.2.9]
	at org.springframework.beans.factory.support.AbstractAutowireCapableBeanFactory.populateBean(AbstractAutowireCapableBeanFactory.java:1474) ~[spring-beans-6.2.9.jar:6.2.9]
	at org.springframework.beans.factory.support.AbstractAutowireCapableBeanFactory.doCreateBean(AbstractAutowireCapableBeanFactory.java:606) ~[spring-beans-6.2.9.jar:6.2.9]
	at org.springframework.beans.factory.support.AbstractAutowireCapableBeanFactory.createBean(AbstractAutowireCapableBeanFactory.java:529) ~[spring-beans-6.2.9.jar:6.2.9]
	at org.springframework.beans.factory.support.AbstractBeanFactory.lambda$doGetBean$0(AbstractBeanFactory.java:339) ~[spring-beans-6.2.9.jar:6.2.9]
	at org.springframework.beans.factory.support.DefaultSingletonBeanRegistry.getSingleton(DefaultSingletonBeanRegistry.java:373) ~[spring-beans-6.2.9.jar:6.2.9]
	at org.springframework.beans.factory.support.AbstractBeanFactory.doGetBean(AbstractBeanFactory.java:337) ~[spring-beans-6.2.9.jar:6.2.9]
	at org.springframework.beans.factory.support.AbstractBeanFactory.getBean(AbstractBeanFactory.java:202) ~[spring-beans-6.2.9.jar:6.2.9]
	at org.springframework.beans.factory.support.DefaultListableBeanFactory.doResolveDependency(DefaultListableBeanFactory.java:1683) ~[spring-beans-6.2.9.jar:6.2.9]
	at org.springframework.beans.factory.support.DefaultListableBeanFactory.resolveDependency(DefaultListableBeanFactory.java:1628) ~[spring-beans-6.2.9.jar:6.2.9]
	at org.springframework.beans.factory.support.ConstructorResolver.resolveAutowiredArgument(ConstructorResolver.java:913) ~[spring-beans-6.2.9.jar:6.2.9]
	at org.springframework.beans.factory.support.ConstructorResolver.createArgumentArray(ConstructorResolver.java:791) ~[spring-beans-6.2.9.jar:6.2.9]
	at org.springframework.beans.factory.support.ConstructorResolver.autowireConstructor(ConstructorResolver.java:240) ~[spring-beans-6.2.9.jar:6.2.9]
	at org.springframework.beans.factory.support.AbstractAutowireCapableBeanFactory.autowireConstructor(AbstractAutowireCapableBeanFactory.java:1395) ~[spring-beans-6.2.9.jar:6.2.9]
	at org.springframework.beans.factory.support.AbstractAutowireCapableBeanFactory.createBeanInstance(AbstractAutowireCapableBeanFactory.java:1232) ~[spring-beans-6.2.9.jar:6.2.9]
	at org.springframework.beans.factory.support.AbstractAutowireCapableBeanFactory.doCreateBean(AbstractAutowireCapableBeanFactory.java:569) ~[spring-beans-6.2.9.jar:6.2.9]
	at org.springframework.beans.factory.support.AbstractAutowireCapableBeanFactory.createBean(AbstractAutowireCapableBeanFactory.java:529) ~[spring-beans-6.2.9.jar:6.2.9]
	at org.springframework.beans.factory.support.AbstractBeanFactory.lambda$doGetBean$0(AbstractBeanFactory.java:339) ~[spring-beans-6.2.9.jar:6.2.9]
	at org.springframework.beans.factory.support.DefaultSingletonBeanRegistry.getSingleton(DefaultSingletonBeanRegistry.java:373) ~[spring-beans-6.2.9.jar:6.2.9]
	at org.springframework.beans.factory.support.AbstractBeanFactory.doGetBean(AbstractBeanFactory.java:337) ~[spring-beans-6.2.9.jar:6.2.9]
	at org.springframework.beans.factory.support.AbstractBeanFactory.getBean(AbstractBeanFactory.java:202) ~[spring-beans-6.2.9.jar:6.2.9]
	at org.springframework.beans.factory.config.DependencyDescriptor.resolveCandidate(DependencyDescriptor.java:254) ~[spring-beans-6.2.9.jar:6.2.9]
	at org.springframework.beans.factory.support.DefaultListableBeanFactory.doResolveDependency(DefaultListableBeanFactory.java:1745) ~[spring-beans-6.2.9.jar:6.2.9]
	at org.springframework.beans.factory.support.DefaultListableBeanFactory.resolveDependency(DefaultListableBeanFactory.java:1628) ~[spring-beans-6.2.9.jar:6.2.9]
	at org.springframework.beans.factory.support.ConstructorResolver.resolveAutowiredArgument(ConstructorResolver.java:913) ~[spring-beans-6.2.9.jar:6.2.9]
	at org.springframework.beans.factory.support.ConstructorResolver.createArgumentArray(ConstructorResolver.java:791) ~[spring-beans-6.2.9.jar:6.2.9]
	at org.springframework.beans.factory.support.ConstructorResolver.autowireConstructor(ConstructorResolver.java:240) ~[spring-beans-6.2.9.jar:6.2.9]
	at org.springframework.beans.factory.support.AbstractAutowireCapableBeanFactory.autowireConstructor(AbstractAutowireCapableBeanFactory.java:1395) ~[spring-beans-6.2.9.jar:6.2.9]
	at org.springframework.beans.factory.support.AbstractAutowireCapableBeanFactory.createBeanInstance(AbstractAutowireCapableBeanFactory.java:1232) ~[spring-beans-6.2.9.jar:6.2.9]
	at org.springframework.beans.factory.support.AbstractAutowireCapableBeanFactory.doCreateBean(AbstractAutowireCapableBeanFactory.java:569) ~[spring-beans-6.2.9.jar:6.2.9]
	at org.springframework.beans.factory.support.AbstractAutowireCapableBeanFactory.createBean(AbstractAutowireCapableBeanFactory.java:529) ~[spring-beans-6.2.9.jar:6.2.9]
	at org.springframework.beans.factory.support.AbstractBeanFactory.lambda$doGetBean$0(AbstractBeanFactory.java:339) ~[spring-beans-6.2.9.jar:6.2.9]
	at org.springframework.beans.factory.support.DefaultSingletonBeanRegistry.getSingleton(DefaultSingletonBeanRegistry.java:373) ~[spring-beans-6.2.9.jar:6.2.9]
	at org.springframework.beans.factory.support.AbstractBeanFactory.doGetBean(AbstractBeanFactory.java:337) ~[spring-beans-6.2.9.jar:6.2.9]
	at org.springframework.beans.factory.support.AbstractBeanFactory.getBean(AbstractBeanFactory.java:207) ~[spring-beans-6.2.9.jar:6.2.9]
	at org.springframework.boot.web.servlet.ServletContextInitializerBeans.getOrderedBeansOfType(ServletContextInitializerBeans.java:230) ~[spring-boot-3.5.4.jar:3.5.4]
	at org.springframework.boot.web.servlet.ServletContextInitializerBeans.addAsRegistrationBean(ServletContextInitializerBeans.java:184) ~[spring-boot-3.5.4.jar:3.5.4]
	at org.springframework.boot.web.servlet.ServletContextInitializerBeans.addAsRegistrationBean(ServletContextInitializerBeans.java:179) ~[spring-boot-3.5.4.jar:3.5.4]
	at org.springframework.boot.web.servlet.ServletContextInitializerBeans.addAdaptableBeans(ServletContextInitializerBeans.java:164) ~[spring-boot-3.5.4.jar:3.5.4]
	at org.springframework.boot.web.servlet.ServletContextInitializerBeans.<init>(ServletContextInitializerBeans.java:96) ~[spring-boot-3.5.4.jar:3.5.4]
	at org.springframework.boot.web.servlet.context.ServletWebServerApplicationContext.getServletContextInitializerBeans(ServletWebServerApplicationContext.java:271) ~[spring-boot-3.5.4.jar:3.5.4]
	at org.springframework.boot.web.servlet.context.ServletWebServerApplicationContext.selfInitialize(ServletWebServerApplicationContext.java:245) ~[spring-boot-3.5.4.jar:3.5.4]
	at org.springframework.boot.web.embedded.tomcat.TomcatStarter.onStartup(TomcatStarter.java:52) [spring-boot-3.5.4.jar:3.5.4]
	at org.apache.catalina.core.StandardContext.startInternal(StandardContext.java:4464) [tomcat-embed-core-10.1.43.jar:10.1.43]
	at org.apache.catalina.util.LifecycleBase.start(LifecycleBase.java:164) [tomcat-embed-core-10.1.43.jar:10.1.43]
	at org.apache.catalina.core.ContainerBase$StartChild.call(ContainerBase.java:1203) [tomcat-embed-core-10.1.43.jar:10.1.43]
	at org.apache.catalina.core.ContainerBase$StartChild.call(ContainerBase.java:1193) [tomcat-embed-core-10.1.43.jar:10.1.43]
	at java.base/java.util.concurrent.FutureTask.run(FutureTask.java:264) [?:?]
	at org.apache.tomcat.util.threads.InlineExecutorService.execute(InlineExecutorService.java:75) [tomcat-embed-core-10.1.43.jar:10.1.43]
	at java.base/java.util.concurrent.AbstractExecutorService.submit(AbstractExecutorService.java:145) [?:?]
	at org.apache.catalina.core.ContainerBase.startInternal(ContainerBase.java:749) [tomcat-embed-core-10.1.43.jar:10.1.43]
	at org.apache.catalina.core.StandardHost.startInternal(StandardHost.java:772) [tomcat-embed-core-10.1.43.jar:10.1.43]
	at org.apache.catalina.util.LifecycleBase.start(LifecycleBase.java:164) [tomcat-embed-core-10.1.43.jar:10.1.43]
	at org.apache.catalina.core.ContainerBase$StartChild.call(ContainerBase.java:1203) [tomcat-embed-core-10.1.43.jar:10.1.43]
	at org.apache.catalina.core.ContainerBase$StartChild.call(ContainerBase.java:1193) [tomcat-embed-core-10.1.43.jar:10.1.43]
	at java.base/java.util.concurrent.FutureTask.run(FutureTask.java:264) [?:?]
	at org.apache.tomcat.util.threads.InlineExecutorService.execute(InlineExecutorService.java:75) [tomcat-embed-core-10.1.43.jar:10.1.43]
	at java.base/java.util.concurrent.AbstractExecutorService.submit(AbstractExecutorService.java:145) [?:?]
	at org.apache.catalina.core.ContainerBase.startInternal(ContainerBase.java:749) [tomcat-embed-core-10.1.43.jar:10.1.43]
	at org.apache.catalina.core.StandardEngine.startInternal(StandardEngine.java:203) [tomcat-embed-core-10.1.43.jar:10.1.43]
	at org.apache.catalina.util.LifecycleBase.start(LifecycleBase.java:164) [tomcat-embed-core-10.1.43.jar:10.1.43]
	at org.apache.catalina.core.StandardService.startInternal(StandardService.java:412) [tomcat-embed-core-10.1.43.jar:10.1.43]
	at org.apache.catalina.util.LifecycleBase.start(LifecycleBase.java:164) [tomcat-embed-core-10.1.43.jar:10.1.43]
	at org.apache.catalina.core.StandardServer.startInternal(StandardServer.java:870) [tomcat-embed-core-10.1.43.jar:10.1.43]
	at org.apache.catalina.util.LifecycleBase.start(LifecycleBase.java:164) [tomcat-embed-core-10.1.43.jar:10.1.43]
	at org.apache.catalina.startup.Tomcat.start(Tomcat.java:438) [tomcat-embed-core-10.1.43.jar:10.1.43]
	at org.springframework.boot.web.embedded.tomcat.TomcatWebServer.initialize(TomcatWebServer.java:128) [spring-boot-3.5.4.jar:3.5.4]
	at org.springframework.boot.web.embedded.tomcat.TomcatWebServer.<init>(TomcatWebServer.java:107) [spring-boot-3.5.4.jar:3.5.4]
	at org.springframework.boot.web.embedded.tomcat.TomcatServletWebServerFactory.getTomcatWebServer(TomcatServletWebServerFactory.java:517) [spring-boot-3.5.4.jar:3.5.4]
	at org.springframework.boot.web.embedded.tomcat.TomcatServletWebServerFactory.getWebServer(TomcatServletWebServerFactory.java:219) [spring-boot-3.5.4.jar:3.5.4]
	at org.springframework.boot.web.servlet.context.ServletWebServerApplicationContext.createWebServer(ServletWebServerApplicationContext.java:193) [spring-boot-3.5.4.jar:3.5.4]
	at org.springframework.boot.web.servlet.context.ServletWebServerApplicationContext.onRefresh(ServletWebServerApplicationContext.java:167) [spring-boot-3.5.4.jar:3.5.4]
	at org.springframework.context.support.AbstractApplicationContext.refresh(AbstractApplicationContext.java:621) [spring-context-6.2.9.jar:6.2.9]
	at org.springframework.boot.web.servlet.context.ServletWebServerApplicationContext.refresh(ServletWebServerApplicationContext.java:146) [spring-boot-3.5.4.jar:3.5.4]
	at org.springframework.boot.SpringApplication.refresh(SpringApplication.java:752) [spring-boot-3.5.4.jar:3.5.4]
	at org.springframework.boot.SpringApplication.refreshContext(SpringApplication.java:439) [spring-boot-3.5.4.jar:3.5.4]
	at org.springframework.boot.SpringApplication.run(SpringApplication.java:318) [spring-boot-3.5.4.jar:3.5.4]
	at org.springframework.boot.SpringApplication.run(SpringApplication.java:1361) [spring-boot-3.5.4.jar:3.5.4]
	at org.springframework.boot.SpringApplication.run(SpringApplication.java:1350) [spring-boot-3.5.4.jar:3.5.4]
	at com.project.ProjectS.ProjectSApplication.main(ProjectSApplication.java:12) [classes/:?]
Caused by: org.postgresql.util.PSQLException: ERROR: insert or update on table "users" violates foreign key constraint "fkcaatq5ncr5ocso1oe7sxlwhcd"
  Detail: Key (section_id)=(1) is not present in table "section".
	at org.postgresql.core.v3.QueryExecutorImpl.receiveErrorResponse(QueryExecutorImpl.java:2734) ~[postgresql-42.7.7.jar:42.7.7]
	at org.postgresql.core.v3.QueryExecutorImpl.processResults(QueryExecutorImpl.java:2421) ~[postgresql-42.7.7.jar:42.7.7]
	at org.postgresql.core.v3.QueryExecutorImpl.execute(QueryExecutorImpl.java:372) ~[postgresql-42.7.7.jar:42.7.7]
	at org.postgresql.jdbc.PgStatement.executeInternal(PgStatement.java:518) ~[postgresql-42.7.7.jar:42.7.7]
	at org.postgresql.jdbc.PgStatement.execute(PgStatement.java:435) ~[postgresql-42.7.7.jar:42.7.7]
	at org.postgresql.jdbc.PgStatement.executeWithFlags(PgStatement.java:357) ~[postgresql-42.7.7.jar:42.7.7]
	at org.postgresql.jdbc.PgStatement.executeCachedSql(PgStatement.java:342) ~[postgresql-42.7.7.jar:42.7.7]
	at org.postgresql.jdbc.PgStatement.executeWithFlags(PgStatement.java:318) ~[postgresql-42.7.7.jar:42.7.7]
	at org.postgresql.jdbc.PgStatement.execute(PgStatement.java:313) ~[postgresql-42.7.7.jar:42.7.7]
	at com.zaxxer.hikari.pool.ProxyStatement.execute(ProxyStatement.java:95) ~[HikariCP-6.3.1.jar:?]
	at com.zaxxer.hikari.pool.HikariProxyStatement.execute(HikariProxyStatement.java) ~[HikariCP-6.3.1.jar:?]
	at org.hibernate.tool.schema.internal.exec.GenerationTargetToDatabase.accept(GenerationTargetToDatabase.java:80) ~[hibernate-core-6.6.22.Final.jar:6.6.22.Final]
	... 121 more
2026-10-06 08:08:34 INFO  [main] LocalContainerEntityManagerFactoryBean - Initialized JPA EntityManagerFactory for persistence unit 'default'
2026-10-06 08:08:35 INFO  [main] QueryEnhancerFactory - Hibernate is in classpath; If applicable, HQL parser will be used.
2026-10-06 08:08:40 WARN  [main] JpaBaseConfiguration$JpaWebConfiguration - spring.jpa.open-in-view is enabled by default. Therefore, database queries may be performed during view rendering. Explicitly configure spring.jpa.open-in-view to disable this warning
2026-10-06 08:08:42 INFO  [main] Http11NioProtocol - Starting ProtocolHandler ["http-nio-0.0.0.0-18080"]
2026-10-06 08:08:42 INFO  [main] TomcatWebServer - Tomcat started on port 18080 (http) with context path '/'
2026-10-06 08:08:42 INFO  [main] ProjectSApplication - Started ProjectSApplication in 17.324 seconds (process running for 18.259)
2026-10-06 08:09:20 INFO  [http-nio-0.0.0.0-18080-exec-1] [/] - Initializing Spring DispatcherServlet 'dispatcherServlet'
2026-10-06 08:09:20 INFO  [http-nio-0.0.0.0-18080-exec-1] DispatcherServlet - Initializing Servlet 'dispatcherServlet'
2026-10-06 08:09:20 INFO  [http-nio-0.0.0.0-18080-exec-1] DispatcherServlet - Completed initialization in 3 ms
2026-10-06 08:09:20 INFO  [http-nio-0.0.0.0-18080-exec-1] JwtAuthenticationFilter - JWT AUTHENTICATION SUCCESS
2026-10-06 08:09:21 INFO  [http-nio-0.0.0.0-18080-exec-2] JwtAuthenticationFilter - JWT AUTHENTICATION SUCCESS
2026-10-06 08:09:38 INFO  [http-nio-0.0.0.0-18080-exec-3] JwtAuthenticationFilter - JWT AUTHENTICATION SUCCESS
2026-10-06 08:09:38 INFO  [http-nio-0.0.0.0-18080-exec-5] JwtAuthenticationFilter - JWT AUTHENTICATION SUCCESS
2026-10-06 08:09:44 INFO  [http-nio-0.0.0.0-18080-exec-7] JwtAuthenticationFilter - JWT AUTHENTICATION SUCCESS
2026-10-06 08:09:44 INFO  [http-nio-0.0.0.0-18080-exec-8] JwtAuthenticationFilter - JWT AUTHENTICATION SUCCESS
2026-10-06 08:09:53 INFO  [http-nio-0.0.0.0-18080-exec-10] JwtAuthenticationFilter - JWT AUTHENTICATION SUCCESS
2026-10-06 08:09:53 INFO  [http-nio-0.0.0.0-18080-exec-2] JwtAuthenticationFilter - JWT AUTHENTICATION SUCCESS
2026-10-06 08:10:32 INFO  [http-nio-0.0.0.0-18080-exec-8] JwtAuthenticationFilter - JWT AUTHENTICATION SUCCESS
2026-10-06 08:10:32 INFO  [http-nio-0.0.0.0-18080-exec-7] JwtAuthenticationFilter - JWT AUTHENTICATION SUCCESS
2026-10-06 08:10:32 INFO  [http-nio-0.0.0.0-18080-exec-8] CourseController - Received request to fetch all courses.
2026-10-06 08:10:32 INFO  [http-nio-0.0.0.0-18080-exec-8] CourseService - Fetching all courses.
2026-10-06 08:10:32 INFO  [http-nio-0.0.0.0-18080-exec-10] JwtAuthenticationFilter - JWT AUTHENTICATION SUCCESS
2026-10-06 08:10:32 INFO  [http-nio-0.0.0.0-18080-exec-6] JwtAuthenticationFilter - JWT AUTHENTICATION SUCCESS
2026-10-06 08:10:32 INFO  [http-nio-0.0.0.0-18080-exec-4] JwtAuthenticationFilter - JWT AUTHENTICATION SUCCESS
2026-10-06 08:10:32 INFO  [http-nio-0.0.0.0-18080-exec-9] JwtAuthenticationFilter - JWT AUTHENTICATION SUCCESS
2026-10-06 08:10:32 INFO  [http-nio-0.0.0.0-18080-exec-9] CourseController - Received request to fetch all courses.
2026-10-06 08:10:32 INFO  [http-nio-0.0.0.0-18080-exec-9] CourseService - Fetching all courses.
2026-10-06 08:10:32 INFO  [http-nio-0.0.0.0-18080-exec-1] JwtAuthenticationFilter - JWT AUTHENTICATION SUCCESS
2026-10-06 08:10:32 INFO  [http-nio-0.0.0.0-18080-exec-1] ChapterController - Received request to fetch all chapters.
2026-10-06 08:10:32 INFO  [http-nio-0.0.0.0-18080-exec-1] ChapterService - Fetching all chapters.
2026-10-06 08:10:32 INFO  [http-nio-0.0.0.0-18080-exec-5] JwtAuthenticationFilter - JWT AUTHENTICATION SUCCESS
2026-10-06 08:10:32 INFO  [http-nio-0.0.0.0-18080-exec-2] JwtAuthenticationFilter - JWT AUTHENTICATION SUCCESS
2026-10-06 08:10:32 INFO  [http-nio-0.0.0.0-18080-exec-2] CourseController - Received request to fetch all courses.
2026-10-06 08:10:32 INFO  [http-nio-0.0.0.0-18080-exec-2] CourseService - Fetching all courses.
2026-10-06 08:10:32 INFO  [http-nio-0.0.0.0-18080-exec-12] JwtAuthenticationFilter - JWT AUTHENTICATION SUCCESS
2026-10-06 08:10:32 INFO  [http-nio-0.0.0.0-18080-exec-11] JwtAuthenticationFilter - JWT AUTHENTICATION SUCCESS
2026-10-06 08:10:32 INFO  [http-nio-0.0.0.0-18080-exec-1] ChapterService - Fetched 6 chapters.
2026-10-06 08:10:32 INFO  [http-nio-0.0.0.0-18080-exec-1] ChapterController - Fetched 6 chapters successfully.
2026-10-06 08:10:32 INFO  [http-nio-0.0.0.0-18080-exec-3] JwtAuthenticationFilter - JWT AUTHENTICATION SUCCESS
2026-10-06 08:10:32 INFO  [http-nio-0.0.0.0-18080-exec-9] CourseService - Fetched 1 courses.
2026-10-06 08:10:32 INFO  [http-nio-0.0.0.0-18080-exec-9] CourseController - Fetched 1 courses successfully.
2026-10-06 08:10:32 INFO  [http-nio-0.0.0.0-18080-exec-8] CourseService - Fetched 1 courses.
2026-10-06 08:10:32 INFO  [http-nio-0.0.0.0-18080-exec-8] CourseController - Fetched 1 courses successfully.
2026-10-06 08:10:32 INFO  [http-nio-0.0.0.0-18080-exec-13] JwtAuthenticationFilter - JWT AUTHENTICATION SUCCESS
2026-10-06 08:10:32 INFO  [http-nio-0.0.0.0-18080-exec-13] BranchController - Received request to fetch all branches.
2026-10-06 08:10:32 INFO  [http-nio-0.0.0.0-18080-exec-13] BranchService - Fetching all branches.
2026-10-06 08:10:32 INFO  [http-nio-0.0.0.0-18080-exec-2] CourseService - Fetched 1 courses.
2026-10-06 08:10:32 INFO  [http-nio-0.0.0.0-18080-exec-2] CourseController - Fetched 1 courses successfully.
2026-10-06 08:10:32 INFO  [http-nio-0.0.0.0-18080-exec-12] CollegeController - Received request to fetch all colleges.
2026-10-06 08:10:32 INFO  [http-nio-0.0.0.0-18080-exec-12] CollegeService - Fetching all colleges.
2026-10-06 08:10:32 INFO  [http-nio-0.0.0.0-18080-exec-17] JwtAuthenticationFilter - JWT AUTHENTICATION SUCCESS
2026-10-06 08:10:32 INFO  [http-nio-0.0.0.0-18080-exec-17] SectionController - Received request to fetch all sections.
2026-10-06 08:10:32 INFO  [http-nio-0.0.0.0-18080-exec-17] SectionService - Fetching all sections.
2026-10-06 08:10:32 INFO  [http-nio-0.0.0.0-18080-exec-16] JwtAuthenticationFilter - JWT AUTHENTICATION SUCCESS
2026-10-06 08:10:32 INFO  [http-nio-0.0.0.0-18080-exec-12] CollegeService - Fetched 1 colleges.
2026-10-06 08:10:32 INFO  [http-nio-0.0.0.0-18080-exec-12] CollegeController - Fetched 1 colleges successfully.
2026-10-06 08:10:32 INFO  [http-nio-0.0.0.0-18080-exec-18] JwtAuthenticationFilter - JWT AUTHENTICATION SUCCESS
2026-10-06 08:10:32 INFO  [http-nio-0.0.0.0-18080-exec-15] JwtAuthenticationFilter - JWT AUTHENTICATION SUCCESS
2026-10-06 08:10:32 INFO  [http-nio-0.0.0.0-18080-exec-18] CourseController - Received request to fetch all courses.
2026-10-06 08:10:32 INFO  [http-nio-0.0.0.0-18080-exec-18] CourseService - Fetching all courses.
2026-10-06 08:10:32 INFO  [http-nio-0.0.0.0-18080-exec-20] JwtAuthenticationFilter - JWT AUTHENTICATION SUCCESS
2026-10-06 08:10:32 INFO  [http-nio-0.0.0.0-18080-exec-14] JwtAuthenticationFilter - JWT AUTHENTICATION SUCCESS
2026-10-06 08:10:32 INFO  [http-nio-0.0.0.0-18080-exec-13] BranchService - Fetched 3 branches.
2026-10-06 08:10:32 INFO  [http-nio-0.0.0.0-18080-exec-13] BranchController - Fetched 3 branches successfully.
2026-10-06 08:10:32 INFO  [http-nio-0.0.0.0-18080-exec-14] SectionController - Received request to fetch all sections.
2026-10-06 08:10:32 INFO  [http-nio-0.0.0.0-18080-exec-14] SectionService - Fetching all sections.
2026-10-06 08:10:32 INFO  [http-nio-0.0.0.0-18080-exec-10] JwtAuthenticationFilter - JWT AUTHENTICATION SUCCESS
2026-10-06 08:10:32 INFO  [http-nio-0.0.0.0-18080-exec-19] JwtAuthenticationFilter - JWT AUTHENTICATION SUCCESS
2026-10-06 08:10:32 INFO  [http-nio-0.0.0.0-18080-exec-16] CollegeController - Received request to fetch all colleges.
2026-10-06 08:10:32 INFO  [http-nio-0.0.0.0-18080-exec-16] CollegeService - Fetching all colleges.
2026-10-06 08:10:32 INFO  [http-nio-0.0.0.0-18080-exec-15] BranchController - Received request to fetch all branches.
2026-10-06 08:10:32 INFO  [http-nio-0.0.0.0-18080-exec-15] BranchService - Fetching all branches.
2026-10-06 08:10:32 INFO  [http-nio-0.0.0.0-18080-exec-17] SectionService - Fetched 1 sections.
2026-10-06 08:10:32 INFO  [http-nio-0.0.0.0-18080-exec-16] CollegeService - Fetched 1 colleges.
2026-10-06 08:10:32 INFO  [http-nio-0.0.0.0-18080-exec-17] SectionController - Fetched 1 sections successfully.
2026-10-06 08:10:32 INFO  [http-nio-0.0.0.0-18080-exec-16] CollegeController - Fetched 1 colleges successfully.
2026-10-06 08:10:32 INFO  [http-nio-0.0.0.0-18080-exec-1] JwtAuthenticationFilter - JWT AUTHENTICATION SUCCESS
2026-10-06 08:10:32 INFO  [http-nio-0.0.0.0-18080-exec-5] JwtAuthenticationFilter - JWT AUTHENTICATION SUCCESS
2026-10-06 08:10:32 INFO  [http-nio-0.0.0.0-18080-exec-15] BranchService - Fetched 3 branches.
2026-10-06 08:10:32 INFO  [http-nio-0.0.0.0-18080-exec-15] BranchController - Fetched 3 branches successfully.
2026-10-06 08:10:32 INFO  [http-nio-0.0.0.0-18080-exec-14] SectionService - Fetched 1 sections.
2026-10-06 08:10:32 INFO  [http-nio-0.0.0.0-18080-exec-14] SectionController - Fetched 1 sections successfully.
2026-10-06 08:10:32 INFO  [http-nio-0.0.0.0-18080-exec-18] CourseService - Fetched 1 courses.
2026-10-06 08:10:32 INFO  [http-nio-0.0.0.0-18080-exec-18] CourseController - Fetched 1 courses successfully.
2026-10-06 08:10:32 INFO  [http-nio-0.0.0.0-18080-exec-2] JwtAuthenticationFilter - JWT AUTHENTICATION SUCCESS
2026-10-06 08:10:32 INFO  [http-nio-0.0.0.0-18080-exec-6] JwtAuthenticationFilter - JWT AUTHENTICATION SUCCESS
2026-10-06 08:10:32 INFO  [http-nio-0.0.0.0-18080-exec-12] JwtAuthenticationFilter - JWT AUTHENTICATION SUCCESS
2026-10-06 08:10:32 INFO  [http-nio-0.0.0.0-18080-exec-12] CollegeController - Received request to fetch all colleges.
2026-10-06 08:10:32 INFO  [http-nio-0.0.0.0-18080-exec-12] CollegeService - Fetching all colleges.
2026-10-06 08:10:32 INFO  [http-nio-0.0.0.0-18080-exec-6] ChapterController - Received request to fetch all chapters.
2026-10-06 08:10:32 INFO  [http-nio-0.0.0.0-18080-exec-6] ChapterService - Fetching all chapters.
2026-10-06 08:10:32 INFO  [http-nio-0.0.0.0-18080-exec-16] JwtAuthenticationFilter - JWT AUTHENTICATION SUCCESS
2026-10-06 08:10:32 INFO  [http-nio-0.0.0.0-18080-exec-12] CollegeService - Fetched 1 colleges.
2026-10-06 08:10:32 INFO  [http-nio-0.0.0.0-18080-exec-16] BranchController - Received request to fetch all branches.
2026-10-06 08:10:32 INFO  [http-nio-0.0.0.0-18080-exec-16] BranchService - Fetching all branches.
2026-10-06 08:10:32 INFO  [http-nio-0.0.0.0-18080-exec-12] CollegeController - Fetched 1 colleges successfully.
2026-10-06 08:10:32 INFO  [http-nio-0.0.0.0-18080-exec-4] JwtAuthenticationFilter - JWT AUTHENTICATION SUCCESS
2026-10-06 08:10:32 INFO  [http-nio-0.0.0.0-18080-exec-8] JwtAuthenticationFilter - JWT AUTHENTICATION SUCCESS
2026-10-06 08:10:32 INFO  [http-nio-0.0.0.0-18080-exec-8] SectionController - Received request to fetch all sections.
2026-10-06 08:10:32 INFO  [http-nio-0.0.0.0-18080-exec-8] SectionService - Fetching all sections.
2026-10-06 08:10:32 INFO  [http-nio-0.0.0.0-18080-exec-7] JwtAuthenticationFilter - JWT AUTHENTICATION SUCCESS
2026-10-06 08:10:32 INFO  [http-nio-0.0.0.0-18080-exec-13] JwtAuthenticationFilter - JWT AUTHENTICATION SUCCESS
2026-10-06 08:10:32 INFO  [http-nio-0.0.0.0-18080-exec-17] JwtAuthenticationFilter - JWT AUTHENTICATION SUCCESS
2026-10-06 08:10:32 INFO  [http-nio-0.0.0.0-18080-exec-16] BranchService - Fetched 3 branches.
2026-10-06 08:10:32 INFO  [http-nio-0.0.0.0-18080-exec-16] BranchController - Fetched 3 branches successfully.
2026-10-06 08:10:32 INFO  [http-nio-0.0.0.0-18080-exec-9] JwtAuthenticationFilter - JWT AUTHENTICATION SUCCESS
2026-10-06 08:10:32 INFO  [http-nio-0.0.0.0-18080-exec-13] SectionController - Received request to fetch all sections.
2026-10-06 08:10:32 INFO  [http-nio-0.0.0.0-18080-exec-13] SectionService - Fetching all sections.
2026-10-06 08:10:32 INFO  [http-nio-0.0.0.0-18080-exec-9] BranchController - Received request to fetch all branches.
2026-10-06 08:10:32 INFO  [http-nio-0.0.0.0-18080-exec-9] BranchService - Fetching all branches.
2026-10-06 08:10:32 INFO  [http-nio-0.0.0.0-18080-exec-6] ChapterService - Fetched 6 chapters.
2026-10-06 08:10:32 INFO  [http-nio-0.0.0.0-18080-exec-6] ChapterController - Fetched 6 chapters successfully.
2026-10-06 08:10:32 INFO  [http-nio-0.0.0.0-18080-exec-8] SectionService - Fetched 1 sections.
2026-10-06 08:10:32 INFO  [http-nio-0.0.0.0-18080-exec-8] SectionController - Fetched 1 sections successfully.
2026-10-06 08:10:32 INFO  [http-nio-0.0.0.0-18080-exec-7] CollegeController - Received request to fetch all colleges.
2026-10-06 08:10:32 INFO  [http-nio-0.0.0.0-18080-exec-13] SectionService - Fetched 1 sections.
2026-10-06 08:10:32 INFO  [http-nio-0.0.0.0-18080-exec-7] CollegeService - Fetching all colleges.
2026-10-06 08:10:32 INFO  [http-nio-0.0.0.0-18080-exec-13] SectionController - Fetched 1 sections successfully.
2026-10-06 08:10:32 INFO  [http-nio-0.0.0.0-18080-exec-14] JwtAuthenticationFilter - JWT AUTHENTICATION SUCCESS
2026-10-06 08:10:32 INFO  [http-nio-0.0.0.0-18080-exec-7] CollegeService - Fetched 1 colleges.
2026-10-06 08:10:32 INFO  [http-nio-0.0.0.0-18080-exec-9] BranchService - Fetched 3 branches.
2026-10-06 08:10:32 INFO  [http-nio-0.0.0.0-18080-exec-15] JwtAuthenticationFilter - JWT AUTHENTICATION SUCCESS
2026-10-06 08:10:32 INFO  [http-nio-0.0.0.0-18080-exec-7] CollegeController - Fetched 1 colleges successfully.
2026-10-06 08:10:32 INFO  [http-nio-0.0.0.0-18080-exec-9] BranchController - Fetched 3 branches successfully.
2026-10-06 08:10:35 INFO  [http-nio-0.0.0.0-18080-exec-18] JwtAuthenticationFilter - JWT AUTHENTICATION SUCCESS
2026-10-06 08:10:36 INFO  [http-nio-0.0.0.0-18080-exec-3] JwtAuthenticationFilter - JWT AUTHENTICATION SUCCESS
2026-10-06 08:10:47 INFO  [SpringApplicationShutdownHook] GracefulShutdown - Commencing graceful shutdown. Waiting for active requests to complete
2026-10-06 08:10:47 INFO  [tomcat-shutdown] GracefulShutdown - Graceful shutdown complete
2026-10-06 08:10:47 INFO  [SpringApplicationShutdownHook] LocalContainerEntityManagerFactoryBean - Closing JPA EntityManagerFactory for persistence unit 'default'
2026-10-06 08:10:47 INFO  [SpringApplicationShutdownHook] HikariDataSource - HikariPool-1 - Shutdown initiated...
2026-10-06 08:10:47 INFO  [SpringApplicationShutdownHook] HikariDataSource - HikariPool-1 - Shutdown completed.
2026-10-06 08:14:09 INFO  [background-preinit] Version - HV000001: Hibernate Validator 8.0.2.Final
2026-10-06 08:14:09 INFO  [main] ProjectSApplication - Starting ProjectSApplication using Java 26.0.1 with PID 19529 (/home/abhimanyu/Projects/Training/ProjectS/target/classes started by abhimanyu in /home/abhimanyu/Projects/Training/ProjectS)
2026-10-06 08:14:09 INFO  [main] ProjectSApplication - No active profile set, falling back to 1 default profile: "default"
2026-10-06 08:14:10 INFO  [main] RepositoryConfigurationDelegate - Multiple Spring Data modules found, entering strict repository configuration mode
2026-10-06 08:14:10 INFO  [main] RepositoryConfigurationDelegate - Bootstrapping Spring Data JDBC repositories in DEFAULT mode.
2026-10-06 08:14:10 INFO  [main] RepositoryConfigurationExtensionSupport - Spring Data JDBC - Could not safely identify store assignment for repository candidate interface com.project.ProjectS.repository.AnswerEventRepository; If you want this repository to be a JDBC repository, consider annotating your entities with one of these annotations: org.springframework.data.relational.core.mapping.Table.
2026-10-06 08:14:10 INFO  [main] RepositoryConfigurationExtensionSupport - Spring Data JDBC - Could not safely identify store assignment for repository candidate interface com.project.ProjectS.repository.AttendanceRepository; If you want this repository to be a JDBC repository, consider annotating your entities with one of these annotations: org.springframework.data.relational.core.mapping.Table.
2026-10-06 08:14:10 INFO  [main] RepositoryConfigurationExtensionSupport - Spring Data JDBC - Could not safely identify store assignment for repository candidate interface com.project.ProjectS.repository.BranchRepository; If you want this repository to be a JDBC repository, consider annotating your entities with one of these annotations: org.springframework.data.relational.core.mapping.Table.
2026-10-06 08:14:10 INFO  [main] RepositoryConfigurationExtensionSupport - Spring Data JDBC - Could not safely identify store assignment for repository candidate interface com.project.ProjectS.repository.ChapterRepository; If you want this repository to be a JDBC repository, consider annotating your entities with one of these annotations: org.springframework.data.relational.core.mapping.Table.
2026-10-06 08:14:10 INFO  [main] RepositoryConfigurationExtensionSupport - Spring Data JDBC - Could not safely identify store assignment for repository candidate interface com.project.ProjectS.repository.CollegeRepository; If you want this repository to be a JDBC repository, consider annotating your entities with one of these annotations: org.springframework.data.relational.core.mapping.Table.
2026-10-06 08:14:10 INFO  [main] RepositoryConfigurationExtensionSupport - Spring Data JDBC - Could not safely identify store assignment for repository candidate interface com.project.ProjectS.repository.CourseRepository; If you want this repository to be a JDBC repository, consider annotating your entities with one of these annotations: org.springframework.data.relational.core.mapping.Table.
2026-10-06 08:14:10 INFO  [main] RepositoryConfigurationExtensionSupport - Spring Data JDBC - Could not safely identify store assignment for repository candidate interface com.project.ProjectS.repository.ExamQuestionRepository; If you want this repository to be a JDBC repository, consider annotating your entities with one of these annotations: org.springframework.data.relational.core.mapping.Table.
2026-10-06 08:14:10 INFO  [main] RepositoryConfigurationExtensionSupport - Spring Data JDBC - Could not safely identify store assignment for repository candidate interface com.project.ProjectS.repository.ExamRepository; If you want this repository to be a JDBC repository, consider annotating your entities with one of these annotations: org.springframework.data.relational.core.mapping.Table.
2026-10-06 08:14:10 INFO  [main] RepositoryConfigurationExtensionSupport - Spring Data JDBC - Could not safely identify store assignment for repository candidate interface com.project.ProjectS.repository.ExamResultRepository; If you want this repository to be a JDBC repository, consider annotating your entities with one of these annotations: org.springframework.data.relational.core.mapping.Table.
2026-10-06 08:14:10 INFO  [main] RepositoryConfigurationExtensionSupport - Spring Data JDBC - Could not safely identify store assignment for repository candidate interface com.project.ProjectS.repository.McqOptionRepository; If you want this repository to be a JDBC repository, consider annotating your entities with one of these annotations: org.springframework.data.relational.core.mapping.Table.
2026-10-06 08:14:10 INFO  [main] RepositoryConfigurationExtensionSupport - Spring Data JDBC - Could not safely identify store assignment for repository candidate interface com.project.ProjectS.repository.McqQuestionRepository; If you want this repository to be a JDBC repository, consider annotating your entities with one of these annotations: org.springframework.data.relational.core.mapping.Table.
2026-10-06 08:14:10 INFO  [main] RepositoryConfigurationExtensionSupport - Spring Data JDBC - Could not safely identify store assignment for repository candidate interface com.project.ProjectS.repository.MockExamQuestionRepository; If you want this repository to be a JDBC repository, consider annotating your entities with one of these annotations: org.springframework.data.relational.core.mapping.Table.
2026-10-06 08:14:10 INFO  [main] RepositoryConfigurationExtensionSupport - Spring Data JDBC - Could not safely identify store assignment for repository candidate interface com.project.ProjectS.repository.MockExamRepository; If you want this repository to be a JDBC repository, consider annotating your entities with one of these annotations: org.springframework.data.relational.core.mapping.Table.
2026-10-06 08:14:10 INFO  [main] RepositoryConfigurationExtensionSupport - Spring Data JDBC - Could not safely identify store assignment for repository candidate interface com.project.ProjectS.repository.MockExamResultRepository; If you want this repository to be a JDBC repository, consider annotating your entities with one of these annotations: org.springframework.data.relational.core.mapping.Table.
2026-10-06 08:14:10 INFO  [main] RepositoryConfigurationExtensionSupport - Spring Data JDBC - Could not safely identify store assignment for repository candidate interface com.project.ProjectS.repository.NotificationRepository; If you want this repository to be a JDBC repository, consider annotating your entities with one of these annotations: org.springframework.data.relational.core.mapping.Table.
2026-10-06 08:14:10 INFO  [main] RepositoryConfigurationExtensionSupport - Spring Data JDBC - Could not safely identify store assignment for repository candidate interface com.project.ProjectS.repository.PlanCourseRepository; If you want this repository to be a JDBC repository, consider annotating your entities with one of these annotations: org.springframework.data.relational.core.mapping.Table.
2026-10-06 08:14:10 INFO  [main] RepositoryConfigurationExtensionSupport - Spring Data JDBC - Could not safely identify store assignment for repository candidate interface com.project.ProjectS.repository.PracticeResultRepository; If you want this repository to be a JDBC repository, consider annotating your entities with one of these annotations: org.springframework.data.relational.core.mapping.Table.
2026-10-06 08:14:10 INFO  [main] RepositoryConfigurationExtensionSupport - Spring Data JDBC - Could not safely identify store assignment for repository candidate interface com.project.ProjectS.repository.QuestionAnswerRepository; If you want this repository to be a JDBC repository, consider annotating your entities with one of these annotations: org.springframework.data.relational.core.mapping.Table.
2026-10-06 08:14:10 INFO  [main] RepositoryConfigurationExtensionSupport - Spring Data JDBC - Could not safely identify store assignment for repository candidate interface com.project.ProjectS.repository.QuestionAttributeRepository; If you want this repository to be a JDBC repository, consider annotating your entities with one of these annotations: org.springframework.data.relational.core.mapping.Table.
2026-10-06 08:14:10 INFO  [main] RepositoryConfigurationExtensionSupport - Spring Data JDBC - Could not safely identify store assignment for repository candidate interface com.project.ProjectS.repository.QuestionFillBlankAnswerRepository; If you want this repository to be a JDBC repository, consider annotating your entities with one of these annotations: org.springframework.data.relational.core.mapping.Table.
2026-10-06 08:14:10 INFO  [main] RepositoryConfigurationExtensionSupport - Spring Data JDBC - Could not safely identify store assignment for repository candidate interface com.project.ProjectS.repository.QuestionMatchingPairRepository; If you want this repository to be a JDBC repository, consider annotating your entities with one of these annotations: org.springframework.data.relational.core.mapping.Table.
2026-10-06 08:14:10 INFO  [main] RepositoryConfigurationExtensionSupport - Spring Data JDBC - Could not safely identify store assignment for repository candidate interface com.project.ProjectS.repository.QuestionRepository; If you want this repository to be a JDBC repository, consider annotating your entities with one of these annotations: org.springframework.data.relational.core.mapping.Table.
2026-10-06 08:14:10 INFO  [main] RepositoryConfigurationExtensionSupport - Spring Data JDBC - Could not safely identify store assignment for repository candidate interface com.project.ProjectS.repository.QuestionTypeRepository; If you want this repository to be a JDBC repository, consider annotating your entities with one of these annotations: org.springframework.data.relational.core.mapping.Table.
2026-10-06 08:14:10 INFO  [main] RepositoryConfigurationExtensionSupport - Spring Data JDBC - Could not safely identify store assignment for repository candidate interface com.project.ProjectS.repository.RoleRepository; If you want this repository to be a JDBC repository, consider annotating your entities with one of these annotations: org.springframework.data.relational.core.mapping.Table.
2026-10-06 08:14:10 INFO  [main] RepositoryConfigurationExtensionSupport - Spring Data JDBC - Could not safely identify store assignment for repository candidate interface com.project.ProjectS.repository.RuleEngineRepository; If you want this repository to be a JDBC repository, consider annotating your entities with one of these annotations: org.springframework.data.relational.core.mapping.Table.
2026-10-06 08:14:10 INFO  [main] RepositoryConfigurationExtensionSupport - Spring Data JDBC - Could not safely identify store assignment for repository candidate interface com.project.ProjectS.repository.SectionRepository; If you want this repository to be a JDBC repository, consider annotating your entities with one of these annotations: org.springframework.data.relational.core.mapping.Table.
2026-10-06 08:14:10 INFO  [main] RepositoryConfigurationExtensionSupport - Spring Data JDBC - Could not safely identify store assignment for repository candidate interface com.project.ProjectS.repository.SubjectRepository; If you want this repository to be a JDBC repository, consider annotating your entities with one of these annotations: org.springframework.data.relational.core.mapping.Table.
2026-10-06 08:14:10 INFO  [main] RepositoryConfigurationExtensionSupport - Spring Data JDBC - Could not safely identify store assignment for repository candidate interface com.project.ProjectS.repository.SubscriptionPlanRepository; If you want this repository to be a JDBC repository, consider annotating your entities with one of these annotations: org.springframework.data.relational.core.mapping.Table.
2026-10-06 08:14:10 INFO  [main] RepositoryConfigurationExtensionSupport - Spring Data JDBC - Could not safely identify store assignment for repository candidate interface com.project.ProjectS.repository.TableAttributeRepository; If you want this repository to be a JDBC repository, consider annotating your entities with one of these annotations: org.springframework.data.relational.core.mapping.Table.
2026-10-06 08:14:10 INFO  [main] RepositoryConfigurationExtensionSupport - Spring Data JDBC - Could not safely identify store assignment for repository candidate interface com.project.ProjectS.repository.TableHeaderRepository; If you want this repository to be a JDBC repository, consider annotating your entities with one of these annotations: org.springframework.data.relational.core.mapping.Table.
2026-10-06 08:14:10 INFO  [main] RepositoryConfigurationExtensionSupport - Spring Data JDBC - Could not safely identify store assignment for repository candidate interface com.project.ProjectS.repository.TableNameRepository; If you want this repository to be a JDBC repository, consider annotating your entities with one of these annotations: org.springframework.data.relational.core.mapping.Table.
2026-10-06 08:14:10 INFO  [main] RepositoryConfigurationExtensionSupport - Spring Data JDBC - Could not safely identify store assignment for repository candidate interface com.project.ProjectS.repository.TopicRepository; If you want this repository to be a JDBC repository, consider annotating your entities with one of these annotations: org.springframework.data.relational.core.mapping.Table.
2026-10-06 08:14:10 INFO  [main] RepositoryConfigurationExtensionSupport - Spring Data JDBC - Could not safely identify store assignment for repository candidate interface com.project.ProjectS.repository.UserActivitySessionRepository; If you want this repository to be a JDBC repository, consider annotating your entities with one of these annotations: org.springframework.data.relational.core.mapping.Table.
2026-10-06 08:14:10 INFO  [main] RepositoryConfigurationExtensionSupport - Spring Data JDBC - Could not safely identify store assignment for repository candidate interface com.project.ProjectS.repository.UserRepository; If you want this repository to be a JDBC repository, consider annotating your entities with one of these annotations: org.springframework.data.relational.core.mapping.Table.
2026-10-06 08:14:10 INFO  [main] RepositoryConfigurationExtensionSupport - Spring Data JDBC - Could not safely identify store assignment for repository candidate interface com.project.ProjectS.repository.UserSubscriptionRepository; If you want this repository to be a JDBC repository, consider annotating your entities with one of these annotations: org.springframework.data.relational.core.mapping.Table.
2026-10-06 08:14:10 INFO  [main] RepositoryConfigurationDelegate - Finished Spring Data repository scanning in 43 ms. Found 0 JDBC repository interfaces.
2026-10-06 08:14:10 INFO  [main] RepositoryConfigurationDelegate - Multiple Spring Data modules found, entering strict repository configuration mode
2026-10-06 08:14:10 INFO  [main] RepositoryConfigurationDelegate - Bootstrapping Spring Data JPA repositories in DEFAULT mode.
2026-10-06 08:14:10 INFO  [main] RepositoryConfigurationDelegate - Finished Spring Data repository scanning in 37 ms. Found 35 JPA repository interfaces.
2026-10-06 08:14:10 INFO  [main] TomcatWebServer - Tomcat initialized with port 8080 (http)
2026-10-06 08:14:10 INFO  [main] Http11NioProtocol - Initializing ProtocolHandler ["http-nio-0.0.0.0-8080"]
2026-10-06 08:14:10 INFO  [main] StandardService - Starting service [Tomcat]
2026-10-06 08:14:10 INFO  [main] StandardEngine - Starting Servlet engine: [Apache Tomcat/10.1.43]
2026-10-06 08:14:10 INFO  [main] [/] - Initializing Spring embedded WebApplicationContext
2026-10-06 08:14:10 INFO  [main] ServletWebServerApplicationContext - Root WebApplicationContext: initialization completed in 1449 ms
2026-10-06 08:14:11 INFO  [main] LogHelper - HHH000204: Processing PersistenceUnitInfo [name: default]
2026-10-06 08:14:11 INFO  [main] Version - HHH000412: Hibernate ORM core version 6.6.22.Final
2026-10-06 08:14:11 INFO  [main] Environment - HHH000205: Loaded properties from resource hibernate.properties: {}
2026-10-06 08:14:11 INFO  [main] RegionFactoryInitiator - HHH000026: Second-level cache disabled
2026-10-06 08:14:11 INFO  [main] SpringPersistenceUnitInfo - No LoadTimeWeaver setup: ignoring JPA class transformer
2026-10-06 08:14:11 INFO  [main] HikariDataSource - HikariPool-1 - Starting...
2026-10-06 08:14:11 INFO  [main] HikariPool - HikariPool-1 - Added connection org.postgresql.jdbc.PgConnection@2211e731
2026-10-06 08:14:11 INFO  [main] HikariDataSource - HikariPool-1 - Start completed.
2026-10-06 08:14:12 INFO  [main] pooling - HHH10001005: Database info:
	Database JDBC URL [Connecting through datasource 'HikariDataSource (HikariPool-1)']
	Database driver: undefined/unknown
	Database version: 16.15
	Autocommit mode: undefined/unknown
	Isolation level: undefined/unknown
	Minimum pool size: undefined/unknown
	Maximum pool size: undefined/unknown
2026-10-06 08:14:13 INFO  [main] JtaPlatformInitiator - HHH000489: No JTA platform available (set 'hibernate.transaction.jta.platform' to enable JTA platform integration)
2026-10-06 08:14:15 INFO  [main] LocalContainerEntityManagerFactoryBean - Initialized JPA EntityManagerFactory for persistence unit 'default'
2026-10-06 08:14:15 INFO  [main] QueryEnhancerFactory - Hibernate is in classpath; If applicable, HQL parser will be used.
2026-10-06 08:14:16 INFO  [main] InitializeUserDetailsBeanManagerConfigurer$InitializeUserDetailsManagerConfigurer - Global AuthenticationManager configured with UserDetailsService bean with name customUserDetailsService
2026-10-06 08:14:16 WARN  [main] JpaBaseConfiguration$JpaWebConfiguration - spring.jpa.open-in-view is enabled by default. Therefore, database queries may be performed during view rendering. Explicitly configure spring.jpa.open-in-view to disable this warning
2026-10-06 08:14:17 DEBUG [main] DefaultSecurityFilterChain - Will secure any request with filters: DisableEncodeUrlFilter, WebAsyncManagerIntegrationFilter, SecurityContextHolderFilter, HeaderWriterFilter, CorsFilter, LogoutFilter, OAuth2AuthorizationRequestRedirectFilter, OAuth2LoginAuthenticationFilter, JwtAuthenticationFilter, DefaultResourcesFilter, DefaultLoginPageGeneratingFilter, DefaultLogoutPageGeneratingFilter, RequestCacheAwareFilter, SecurityContextHolderAwareRequestFilter, AnonymousAuthenticationFilter, SessionManagementFilter, ExceptionTranslationFilter, AuthorizationFilter
2026-10-06 08:14:17 INFO  [main] Http11NioProtocol - Starting ProtocolHandler ["http-nio-0.0.0.0-8080"]
2026-10-06 08:14:17 INFO  [main] TomcatWebServer - Tomcat started on port 8080 (http) with context path '/'
2026-10-06 08:14:17 INFO  [main] ProjectSApplication - Started ProjectSApplication in 8.482 seconds (process running for 9.567)
2026-10-06 08:15:01 INFO  [http-nio-0.0.0.0-8080-exec-1] [/] - Initializing Spring DispatcherServlet 'dispatcherServlet'
2026-10-06 08:15:01 INFO  [http-nio-0.0.0.0-8080-exec-1] DispatcherServlet - Initializing Servlet 'dispatcherServlet'
2026-10-06 08:15:01 INFO  [http-nio-0.0.0.0-8080-exec-1] DispatcherServlet - Completed initialization in 1 ms
2026-10-06 08:15:01 DEBUG [http-nio-0.0.0.0-8080-exec-1] FilterChainProxy - Securing GET /oauth2/authorization/google
2026-10-06 08:15:01 DEBUG [http-nio-0.0.0.0-8080-exec-1] DefaultRedirectStrategy - Redirecting to https://accounts.google.com/o/oauth2/v2/auth?response_type=code&client_id=997110033773-ofh5giff1j8d23e1idser1m5lipb6jff.apps.googleusercontent.com&scope=openid%20email%20profile&state=QabD6HXnD3PTekIhziikoVkBqjgKnpxTdA1hAWPrjF4%3D&redirect_uri=http://localhost:8080/login/oauth2/code/google&nonce=1XdbXfZ-5wRx6x8I5o2YoV6tyPD8Esg24jY7WfGM1r0
2026-10-06 08:15:02 DEBUG [http-nio-0.0.0.0-8080-exec-2] FilterChainProxy - Securing GET /login/oauth2/code/google?state=QabD6HXnD3PTekIhziikoVkBqjgKnpxTdA1hAWPrjF4%3D&iss=https%3A%2F%2Faccounts.google.com&code=4%2F0AXlqoi7RPAwUkEM8W7OHcAF28w9DhLoT92tvm2WVZa1xzeynfoEmt37ciOOzFACTeegfSA&scope=email+profile+https%3A%2F%2Fwww.googleapis.com%2Fauth%2Fuserinfo.profile+https%3A%2F%2Fwww.googleapis.com%2Fauth%2Fuserinfo.email+openid&authuser=0&prompt=none
2026-10-06 08:15:03 DEBUG [http-nio-0.0.0.0-8080-exec-2] ChangeSessionIdAuthenticationStrategy - Changed session id from 39E49820F00E30CEA05580A09DDDE7F9
2026-10-06 08:15:03 DEBUG [http-nio-0.0.0.0-8080-exec-2] OAuth2LoginAuthenticationFilter - Set SecurityContextHolder to OAuth2AuthenticationToken [Principal=Name: [113531470716943123544], Granted Authorities: [[OIDC_USER, SCOPE_https://www.googleapis.com/auth/userinfo.email, SCOPE_https://www.googleapis.com/auth/userinfo.profile, SCOPE_openid]], User Attributes: [{at_hash=M4tuYhiUvDHdNImQlExgOA, sub=113531470716943123544, email_verified=true, iss=https://accounts.google.com, given_name=Abhimanyu, nonce=1XdbXfZ-5wRx6x8I5o2YoV6tyPD8Esg24jY7WfGM1r0, picture=https://lh3.googleusercontent.com/a/ACg8ocIWlkkhoPd33IRqptZWj-Tw1a5UiZ7jHo6Ghbl0BiVCPDL0oQ=s96-c, aud=[997110033773-ofh5giff1j8d23e1idser1m5lipb6jff.apps.googleusercontent.com], azp=997110033773-ofh5giff1j8d23e1idser1m5lipb6jff.apps.googleusercontent.com, name=Abhimanyu, exp=2026-10-06T03:45:02Z, iat=2026-10-06T02:45:02Z, email=abhimanyu.p7791@gmail.com}], Credentials=[PROTECTED], Authenticated=true, Details=WebAuthenticationDetails [RemoteIpAddress=0:0:0:0:0:0:0:1, SessionId=39E49820F00E30CEA05580A09DDDE7F9], Granted Authorities=[OIDC_USER, SCOPE_https://www.googleapis.com/auth/userinfo.email, SCOPE_https://www.googleapis.com/auth/userinfo.profile, SCOPE_openid]]
2026-10-06 08:15:40 DEBUG [http-nio-0.0.0.0-8080-exec-3] FilterChainProxy - Securing OPTIONS /api/auth/login
2026-10-06 08:15:40 DEBUG [http-nio-0.0.0.0-8080-exec-4] FilterChainProxy - Securing POST /api/auth/login
2026-10-06 08:15:40 DEBUG [http-nio-0.0.0.0-8080-exec-4] AnonymousAuthenticationFilter - Set SecurityContextHolder to anonymous SecurityContext
2026-10-06 08:15:40 DEBUG [http-nio-0.0.0.0-8080-exec-4] FilterChainProxy - Secured POST /api/auth/login
2026-10-06 08:15:41 DEBUG [http-nio-0.0.0.0-8080-exec-4] DaoAuthenticationProvider - Authenticated user
2026-10-06 08:15:41 DEBUG [http-nio-0.0.0.0-8080-exec-5] FilterChainProxy - Securing OPTIONS /api/notifications/mine?limit=12
2026-10-06 08:15:41 DEBUG [http-nio-0.0.0.0-8080-exec-7] FilterChainProxy - Securing OPTIONS /api/course
2026-10-06 08:15:41 DEBUG [http-nio-0.0.0.0-8080-exec-9] FilterChainProxy - Securing OPTIONS /api/chapter
2026-10-06 08:15:41 DEBUG [http-nio-0.0.0.0-8080-exec-10] FilterChainProxy - Securing OPTIONS /api/topics
2026-10-06 08:15:41 DEBUG [http-nio-0.0.0.0-8080-exec-8] FilterChainProxy - Securing OPTIONS /api/subjects
2026-10-06 08:15:41 DEBUG [http-nio-0.0.0.0-8080-exec-6] FilterChainProxy - Securing OPTIONS /api/notifications/mine/unread-count
2026-10-06 08:15:41 DEBUG [http-nio-0.0.0.0-8080-exec-3] FilterChainProxy - Securing OPTIONS /api/college
2026-10-06 08:15:41 DEBUG [http-nio-0.0.0.0-8080-exec-4] FilterChainProxy - Securing OPTIONS /api/branch
2026-10-06 08:15:41 DEBUG [http-nio-0.0.0.0-8080-exec-7] FilterChainProxy - Securing OPTIONS /api/exams
2026-10-06 08:15:41 DEBUG [http-nio-0.0.0.0-8080-exec-10] FilterChainProxy - Securing OPTIONS /api/dashboard
2026-10-06 08:15:41 DEBUG [http-nio-0.0.0.0-8080-exec-8] FilterChainProxy - Securing OPTIONS /api/notifications/mine?limit=12
2026-10-06 08:15:41 DEBUG [http-nio-0.0.0.0-8080-exec-2] FilterChainProxy - Securing OPTIONS /api/activity-sessions
2026-10-06 08:15:41 DEBUG [http-nio-0.0.0.0-8080-exec-6] FilterChainProxy - Securing OPTIONS /api/section
2026-10-06 08:15:41 DEBUG [http-nio-0.0.0.0-8080-exec-9] FilterChainProxy - Securing OPTIONS /api/questions
2026-10-06 08:15:41 DEBUG [http-nio-0.0.0.0-8080-exec-1] FilterChainProxy - Securing GET /api/notifications/mine?limit=12
2026-10-06 08:15:41 DEBUG [http-nio-0.0.0.0-8080-exec-5] FilterChainProxy - Securing GET /api/chapter
2026-10-06 08:15:41 DEBUG [http-nio-0.0.0.0-8080-exec-4] FilterChainProxy - Securing GET /api/course
2026-10-06 08:15:41 DEBUG [http-nio-0.0.0.0-8080-exec-10] FilterChainProxy - Securing GET /api/topics
2026-10-06 08:15:41 DEBUG [http-nio-0.0.0.0-8080-exec-7] FilterChainProxy - Securing GET /api/subjects
2026-10-06 08:15:41 DEBUG [http-nio-0.0.0.0-8080-exec-3] FilterChainProxy - Securing GET /api/notifications/mine/unread-count
2026-10-06 08:15:41 DEBUG [http-nio-0.0.0.0-8080-exec-6] FilterChainProxy - Securing OPTIONS /api/course
2026-10-06 08:15:41 DEBUG [http-nio-0.0.0.0-8080-exec-11] FilterChainProxy - Securing OPTIONS /api/topics
2026-10-06 08:15:41 DEBUG [http-nio-0.0.0.0-8080-exec-9] FilterChainProxy - Securing OPTIONS /api/notifications/mine/unread-count
2026-10-06 08:15:41 DEBUG [http-nio-0.0.0.0-8080-exec-2] FilterChainProxy - Securing OPTIONS /api/subjects
2026-10-06 08:15:41 DEBUG [http-nio-0.0.0.0-8080-exec-8] FilterChainProxy - Securing OPTIONS /api/chapter
2026-10-06 08:15:41 DEBUG [http-nio-0.0.0.0-8080-exec-12] FilterChainProxy - Securing OPTIONS /api/questions
2026-10-06 08:15:41 DEBUG [http-nio-0.0.0.0-8080-exec-6] FilterChainProxy - Securing OPTIONS /api/college
2026-10-06 08:15:41 DEBUG [http-nio-0.0.0.0-8080-exec-11] FilterChainProxy - Securing OPTIONS /api/branch
2026-10-06 08:15:41 DEBUG [http-nio-0.0.0.0-8080-exec-9] FilterChainProxy - Securing OPTIONS /api/section
2026-10-06 08:15:41 DEBUG [http-nio-0.0.0.0-8080-exec-2] FilterChainProxy - Securing OPTIONS /api/exams
2026-10-06 08:15:41 DEBUG [http-nio-0.0.0.0-8080-exec-8] FilterChainProxy - Securing OPTIONS /api/dashboard
2026-10-06 08:15:41 INFO  [http-nio-0.0.0.0-8080-exec-1] JwtAuthenticationFilter - JWT AUTHENTICATION SUCCESS
2026-10-06 08:15:41 DEBUG [http-nio-0.0.0.0-8080-exec-1] ChangeSessionIdAuthenticationStrategy - Changed session id from 47C4687841122FEE6EF46440AE2E44AA
2026-10-06 08:15:41 DEBUG [http-nio-0.0.0.0-8080-exec-1] FilterChainProxy - Secured GET /api/notifications/mine?limit=12
2026-10-06 08:15:41 INFO  [http-nio-0.0.0.0-8080-exec-4] JwtAuthenticationFilter - JWT AUTHENTICATION SUCCESS
2026-10-06 08:15:41 INFO  [http-nio-0.0.0.0-8080-exec-7] JwtAuthenticationFilter - JWT AUTHENTICATION SUCCESS
2026-10-06 08:15:41 INFO  [http-nio-0.0.0.0-8080-exec-10] JwtAuthenticationFilter - JWT AUTHENTICATION SUCCESS
2026-10-06 08:15:41 INFO  [http-nio-0.0.0.0-8080-exec-3] JwtAuthenticationFilter - JWT AUTHENTICATION SUCCESS
2026-10-06 08:15:41 DEBUG [http-nio-0.0.0.0-8080-exec-7] FilterChainProxy - Secured GET /api/subjects
2026-10-06 08:15:41 DEBUG [http-nio-0.0.0.0-8080-exec-10] FilterChainProxy - Secured GET /api/topics
2026-10-06 08:15:41 DEBUG [http-nio-0.0.0.0-8080-exec-3] FilterChainProxy - Secured GET /api/notifications/mine/unread-count
2026-10-06 08:15:41 INFO  [http-nio-0.0.0.0-8080-exec-5] JwtAuthenticationFilter - JWT AUTHENTICATION SUCCESS
2026-10-06 08:15:41 DEBUG [http-nio-0.0.0.0-8080-exec-5] FilterChainProxy - Secured GET /api/chapter
2026-10-06 08:15:41 DEBUG [http-nio-0.0.0.0-8080-exec-4] FilterChainProxy - Secured GET /api/course
2026-10-06 08:15:41 INFO  [http-nio-0.0.0.0-8080-exec-5] ChapterController - Received request to fetch all chapters.
2026-10-06 08:15:41 INFO  [http-nio-0.0.0.0-8080-exec-5] ChapterService - Fetching all chapters.
2026-10-06 08:15:41 INFO  [http-nio-0.0.0.0-8080-exec-4] CourseController - Received request to fetch all courses.
2026-10-06 08:15:41 INFO  [http-nio-0.0.0.0-8080-exec-4] CourseService - Fetching all courses.
2026-10-06 08:15:41 DEBUG [http-nio-0.0.0.0-8080-exec-12] FilterChainProxy - Securing GET /api/branch
2026-10-06 08:15:41 INFO  [http-nio-0.0.0.0-8080-exec-12] JwtAuthenticationFilter - JWT AUTHENTICATION SUCCESS
2026-10-06 08:15:41 DEBUG [http-nio-0.0.0.0-8080-exec-12] FilterChainProxy - Secured GET /api/branch
2026-10-06 08:15:41 INFO  [http-nio-0.0.0.0-8080-exec-12] BranchController - Received request to fetch all branches.
2026-10-06 08:15:41 INFO  [http-nio-0.0.0.0-8080-exec-12] BranchService - Fetching all branches.
2026-10-06 08:15:41 INFO  [http-nio-0.0.0.0-8080-exec-4] CourseService - Fetched 1 courses.
2026-10-06 08:15:41 INFO  [http-nio-0.0.0.0-8080-exec-4] CourseController - Fetched 1 courses successfully.
2026-10-06 08:15:41 INFO  [http-nio-0.0.0.0-8080-exec-5] ChapterService - Fetched 6 chapters.
2026-10-06 08:15:41 INFO  [http-nio-0.0.0.0-8080-exec-5] ChapterController - Fetched 6 chapters successfully.
2026-10-06 08:15:41 DEBUG [http-nio-0.0.0.0-8080-exec-6] FilterChainProxy - Securing GET /api/dashboard
2026-10-06 08:15:41 INFO  [http-nio-0.0.0.0-8080-exec-12] BranchService - Fetched 3 branches.
2026-10-06 08:15:41 INFO  [http-nio-0.0.0.0-8080-exec-12] BranchController - Fetched 3 branches successfully.
2026-10-06 08:15:41 DEBUG [http-nio-0.0.0.0-8080-exec-7] FilterChainProxy - Securing GET /api/exams
2026-10-06 08:15:41 DEBUG [http-nio-0.0.0.0-8080-exec-2] FilterChainProxy - Securing GET /api/section
2026-10-06 08:15:41 DEBUG [http-nio-0.0.0.0-8080-exec-9] FilterChainProxy - Securing GET /api/questions
2026-10-06 08:15:41 DEBUG [http-nio-0.0.0.0-8080-exec-11] FilterChainProxy - Securing GET /api/college
2026-10-06 08:15:41 INFO  [http-nio-0.0.0.0-8080-exec-7] JwtAuthenticationFilter - JWT AUTHENTICATION SUCCESS
2026-10-06 08:15:41 DEBUG [http-nio-0.0.0.0-8080-exec-7] FilterChainProxy - Secured GET /api/exams
2026-10-06 08:15:41 INFO  [http-nio-0.0.0.0-8080-exec-6] JwtAuthenticationFilter - JWT AUTHENTICATION SUCCESS
2026-10-06 08:15:41 DEBUG [http-nio-0.0.0.0-8080-exec-6] FilterChainProxy - Secured GET /api/dashboard
2026-10-06 08:15:41 INFO  [http-nio-0.0.0.0-8080-exec-6] DashboardController - Received request to fetch dashboard details.
2026-10-06 08:15:41 INFO  [http-nio-0.0.0.0-8080-exec-6] DashboardService - Fetching dashboard details.
2026-10-06 08:15:41 INFO  [http-nio-0.0.0.0-8080-exec-2] JwtAuthenticationFilter - JWT AUTHENTICATION SUCCESS
2026-10-06 08:15:41 INFO  [http-nio-0.0.0.0-8080-exec-9] JwtAuthenticationFilter - JWT AUTHENTICATION SUCCESS
2026-10-06 08:15:41 DEBUG [http-nio-0.0.0.0-8080-exec-2] FilterChainProxy - Secured GET /api/section
2026-10-06 08:15:41 DEBUG [http-nio-0.0.0.0-8080-exec-9] FilterChainProxy - Secured GET /api/questions
2026-10-06 08:15:41 INFO  [http-nio-0.0.0.0-8080-exec-2] SectionController - Received request to fetch all sections.
2026-10-06 08:15:41 INFO  [http-nio-0.0.0.0-8080-exec-2] SectionService - Fetching all sections.
2026-10-06 08:15:41 INFO  [http-nio-0.0.0.0-8080-exec-11] JwtAuthenticationFilter - JWT AUTHENTICATION SUCCESS
2026-10-06 08:15:41 DEBUG [http-nio-0.0.0.0-8080-exec-11] FilterChainProxy - Secured GET /api/college
2026-10-06 08:15:41 DEBUG [http-nio-0.0.0.0-8080-exec-8] FilterChainProxy - Securing POST /api/activity-sessions
2026-10-06 08:15:41 INFO  [http-nio-0.0.0.0-8080-exec-11] CollegeController - Received request to fetch all colleges.
2026-10-06 08:15:41 INFO  [http-nio-0.0.0.0-8080-exec-11] CollegeService - Fetching all colleges.
2026-10-06 08:15:41 INFO  [http-nio-0.0.0.0-8080-exec-11] CollegeService - Fetched 1 colleges.
2026-10-06 08:15:41 INFO  [http-nio-0.0.0.0-8080-exec-11] CollegeController - Fetched 1 colleges successfully.
2026-10-06 08:15:41 INFO  [http-nio-0.0.0.0-8080-exec-8] JwtAuthenticationFilter - JWT AUTHENTICATION SUCCESS
2026-10-06 08:15:41 DEBUG [http-nio-0.0.0.0-8080-exec-8] FilterChainProxy - Secured POST /api/activity-sessions
2026-10-06 08:15:41 INFO  [http-nio-0.0.0.0-8080-exec-2] SectionService - Fetched 1 sections.
2026-10-06 08:15:41 INFO  [http-nio-0.0.0.0-8080-exec-2] SectionController - Fetched 1 sections successfully.
2026-10-06 08:15:41 DEBUG [http-nio-0.0.0.0-8080-exec-1] FilterChainProxy - Securing GET /api/notifications/mine?limit=12
2026-10-06 08:15:41 DEBUG [http-nio-0.0.0.0-8080-exec-3] FilterChainProxy - Securing GET /api/notifications/mine/unread-count
2026-10-06 08:15:41 INFO  [http-nio-0.0.0.0-8080-exec-1] JwtAuthenticationFilter - JWT AUTHENTICATION SUCCESS
2026-10-06 08:15:41 INFO  [http-nio-0.0.0.0-8080-exec-3] JwtAuthenticationFilter - JWT AUTHENTICATION SUCCESS
2026-10-06 08:15:41 DEBUG [http-nio-0.0.0.0-8080-exec-3] FilterChainProxy - Secured GET /api/notifications/mine/unread-count
2026-10-06 08:15:41 INFO  [http-nio-0.0.0.0-8080-exec-6] DashboardService - Dashboard details fetched successfully.
2026-10-06 08:15:41 INFO  [http-nio-0.0.0.0-8080-exec-6] DashboardController - Dashboard details fetched successfully.
2026-10-06 08:15:41 DEBUG [http-nio-0.0.0.0-8080-exec-1] FilterChainProxy - Secured GET /api/notifications/mine?limit=12
2026-10-06 08:15:41 DEBUG [http-nio-0.0.0.0-8080-exec-4] FilterChainProxy - Securing GET /api/subjects
2026-10-06 08:15:41 INFO  [http-nio-0.0.0.0-8080-exec-4] JwtAuthenticationFilter - JWT AUTHENTICATION SUCCESS
2026-10-06 08:15:41 DEBUG [http-nio-0.0.0.0-8080-exec-4] FilterChainProxy - Secured GET /api/subjects
2026-10-06 08:15:41 DEBUG [http-nio-0.0.0.0-8080-exec-5] FilterChainProxy - Securing GET /api/chapter
2026-10-06 08:15:41 DEBUG [http-nio-0.0.0.0-8080-exec-12] FilterChainProxy - Securing GET /api/course
2026-10-06 08:15:41 INFO  [http-nio-0.0.0.0-8080-exec-12] JwtAuthenticationFilter - JWT AUTHENTICATION SUCCESS
2026-10-06 08:15:41 DEBUG [http-nio-0.0.0.0-8080-exec-12] FilterChainProxy - Secured GET /api/course
2026-10-06 08:15:41 DEBUG [http-nio-0.0.0.0-8080-exec-10] FilterChainProxy - Securing GET /api/branch
2026-10-06 08:15:41 INFO  [http-nio-0.0.0.0-8080-exec-12] CourseController - Received request to fetch all courses.
2026-10-06 08:15:41 INFO  [http-nio-0.0.0.0-8080-exec-12] CourseService - Fetching all courses.
2026-10-06 08:15:41 INFO  [http-nio-0.0.0.0-8080-exec-5] JwtAuthenticationFilter - JWT AUTHENTICATION SUCCESS
2026-10-06 08:15:41 DEBUG [http-nio-0.0.0.0-8080-exec-5] FilterChainProxy - Secured GET /api/chapter
2026-10-06 08:15:41 INFO  [http-nio-0.0.0.0-8080-exec-5] ChapterController - Received request to fetch all chapters.
2026-10-06 08:15:41 INFO  [http-nio-0.0.0.0-8080-exec-5] ChapterService - Fetching all chapters.
2026-10-06 08:15:41 INFO  [http-nio-0.0.0.0-8080-exec-12] CourseService - Fetched 1 courses.
2026-10-06 08:15:41 INFO  [http-nio-0.0.0.0-8080-exec-12] CourseController - Fetched 1 courses successfully.
2026-10-06 08:15:41 INFO  [http-nio-0.0.0.0-8080-exec-5] ChapterService - Fetched 6 chapters.
2026-10-06 08:15:41 INFO  [http-nio-0.0.0.0-8080-exec-5] ChapterController - Fetched 6 chapters successfully.
2026-10-06 08:15:41 DEBUG [http-nio-0.0.0.0-8080-exec-12] FilterChainProxy - Securing GET /api/topics
2026-10-06 08:15:41 INFO  [http-nio-0.0.0.0-8080-exec-10] JwtAuthenticationFilter - JWT AUTHENTICATION SUCCESS
2026-10-06 08:15:41 DEBUG [http-nio-0.0.0.0-8080-exec-10] FilterChainProxy - Secured GET /api/branch
2026-10-06 08:15:41 INFO  [http-nio-0.0.0.0-8080-exec-10] BranchController - Received request to fetch all branches.
2026-10-06 08:15:41 INFO  [http-nio-0.0.0.0-8080-exec-10] BranchService - Fetching all branches.
2026-10-06 08:15:41 DEBUG [http-nio-0.0.0.0-8080-exec-11] FilterChainProxy - Securing GET /api/college
2026-10-06 08:15:41 INFO  [http-nio-0.0.0.0-8080-exec-12] JwtAuthenticationFilter - JWT AUTHENTICATION SUCCESS
2026-10-06 08:15:41 DEBUG [http-nio-0.0.0.0-8080-exec-12] FilterChainProxy - Secured GET /api/topics
2026-10-06 08:15:41 INFO  [http-nio-0.0.0.0-8080-exec-11] JwtAuthenticationFilter - JWT AUTHENTICATION SUCCESS
2026-10-06 08:15:41 DEBUG [http-nio-0.0.0.0-8080-exec-11] FilterChainProxy - Secured GET /api/college
2026-10-06 08:15:41 INFO  [http-nio-0.0.0.0-8080-exec-10] BranchService - Fetched 3 branches.
2026-10-06 08:15:41 INFO  [http-nio-0.0.0.0-8080-exec-10] BranchController - Fetched 3 branches successfully.
2026-10-06 08:15:41 INFO  [http-nio-0.0.0.0-8080-exec-11] CollegeController - Received request to fetch all colleges.
2026-10-06 08:15:41 INFO  [http-nio-0.0.0.0-8080-exec-11] CollegeService - Fetching all colleges.
2026-10-06 08:15:41 DEBUG [http-nio-0.0.0.0-8080-exec-2] FilterChainProxy - Securing GET /api/section
2026-10-06 08:15:41 DEBUG [http-nio-0.0.0.0-8080-exec-6] FilterChainProxy - Securing GET /api/dashboard
2026-10-06 08:15:41 INFO  [http-nio-0.0.0.0-8080-exec-11] CollegeService - Fetched 1 colleges.
2026-10-06 08:15:41 INFO  [http-nio-0.0.0.0-8080-exec-11] CollegeController - Fetched 1 colleges successfully.
2026-10-06 08:15:41 INFO  [http-nio-0.0.0.0-8080-exec-2] JwtAuthenticationFilter - JWT AUTHENTICATION SUCCESS
2026-10-06 08:15:41 DEBUG [http-nio-0.0.0.0-8080-exec-2] FilterChainProxy - Secured GET /api/section
2026-10-06 08:15:41 INFO  [http-nio-0.0.0.0-8080-exec-2] SectionController - Received request to fetch all sections.
2026-10-06 08:15:41 INFO  [http-nio-0.0.0.0-8080-exec-2] SectionService - Fetching all sections.
2026-10-06 08:15:41 DEBUG [http-nio-0.0.0.0-8080-exec-1] FilterChainProxy - Securing GET /api/exams
2026-10-06 08:15:41 INFO  [http-nio-0.0.0.0-8080-exec-2] SectionService - Fetched 1 sections.
2026-10-06 08:15:41 INFO  [http-nio-0.0.0.0-8080-exec-2] SectionController - Fetched 1 sections successfully.
2026-10-06 08:15:41 INFO  [http-nio-0.0.0.0-8080-exec-6] JwtAuthenticationFilter - JWT AUTHENTICATION SUCCESS
2026-10-06 08:15:41 DEBUG [http-nio-0.0.0.0-8080-exec-6] FilterChainProxy - Secured GET /api/dashboard
2026-10-06 08:15:41 INFO  [http-nio-0.0.0.0-8080-exec-1] JwtAuthenticationFilter - JWT AUTHENTICATION SUCCESS
2026-10-06 08:15:41 INFO  [http-nio-0.0.0.0-8080-exec-6] DashboardController - Received request to fetch dashboard details.
2026-10-06 08:15:41 DEBUG [http-nio-0.0.0.0-8080-exec-1] FilterChainProxy - Secured GET /api/exams
2026-10-06 08:15:41 INFO  [http-nio-0.0.0.0-8080-exec-6] DashboardService - Fetching dashboard details.
2026-10-06 08:15:41 INFO  [http-nio-0.0.0.0-8080-exec-6] DashboardService - Dashboard details fetched successfully.
2026-10-06 08:15:41 INFO  [http-nio-0.0.0.0-8080-exec-6] DashboardController - Dashboard details fetched successfully.
2026-10-06 08:15:42 DEBUG [http-nio-0.0.0.0-8080-exec-3] FilterChainProxy - Securing GET /api/questions
2026-10-06 08:15:42 INFO  [http-nio-0.0.0.0-8080-exec-3] JwtAuthenticationFilter - JWT AUTHENTICATION SUCCESS
2026-10-06 08:15:42 DEBUG [http-nio-0.0.0.0-8080-exec-3] FilterChainProxy - Secured GET /api/questions
2026-10-06 08:15:47 DEBUG [http-nio-0.0.0.0-8080-exec-4] FilterChainProxy - Securing OPTIONS /api/exams
2026-10-06 08:15:47 DEBUG [http-nio-0.0.0.0-8080-exec-5] FilterChainProxy - Securing OPTIONS /api/exams/results/me
2026-10-06 08:15:47 DEBUG [http-nio-0.0.0.0-8080-exec-7] FilterChainProxy - Securing OPTIONS /api/activity-sessions/resume
2026-10-06 08:15:47 DEBUG [http-nio-0.0.0.0-8080-exec-10] FilterChainProxy - Securing OPTIONS /api/exams
2026-10-06 08:15:47 DEBUG [http-nio-0.0.0.0-8080-exec-11] FilterChainProxy - Securing OPTIONS /api/exams/results/me
2026-10-06 08:15:47 DEBUG [http-nio-0.0.0.0-8080-exec-2] FilterChainProxy - Securing GET /api/exams
2026-10-06 08:15:47 DEBUG [http-nio-0.0.0.0-8080-exec-12] FilterChainProxy - Securing GET /api/exams/results/me
2026-10-06 08:15:47 DEBUG [http-nio-0.0.0.0-8080-exec-6] FilterChainProxy - Securing POST /api/activity-sessions/resume
2026-10-06 08:15:47 INFO  [http-nio-0.0.0.0-8080-exec-12] JwtAuthenticationFilter - JWT AUTHENTICATION SUCCESS
2026-10-06 08:15:47 INFO  [http-nio-0.0.0.0-8080-exec-6] JwtAuthenticationFilter - JWT AUTHENTICATION SUCCESS
2026-10-06 08:15:47 INFO  [http-nio-0.0.0.0-8080-exec-2] JwtAuthenticationFilter - JWT AUTHENTICATION SUCCESS
2026-10-06 08:15:47 DEBUG [http-nio-0.0.0.0-8080-exec-12] ChangeSessionIdAuthenticationStrategy - Changed session id from AD44D998FA1C369D47230AA1EE4016D7
2026-10-06 08:15:47 DEBUG [http-nio-0.0.0.0-8080-exec-6] ChangeSessionIdAuthenticationStrategy - Changed session id from AC987E2488C58C362EEDE9AABF501DBB
2026-10-06 08:15:47 DEBUG [http-nio-0.0.0.0-8080-exec-2] ChangeSessionIdAuthenticationStrategy - Changed session id from 37EDBE8F414E9DF93280F245EF022CF5
2026-10-06 08:15:47 DEBUG [http-nio-0.0.0.0-8080-exec-6] FilterChainProxy - Secured POST /api/activity-sessions/resume
2026-10-06 08:15:47 DEBUG [http-nio-0.0.0.0-8080-exec-12] FilterChainProxy - Secured GET /api/exams/results/me
2026-10-06 08:15:47 DEBUG [http-nio-0.0.0.0-8080-exec-2] FilterChainProxy - Secured GET /api/exams
2026-10-06 08:15:47 DEBUG [http-nio-0.0.0.0-8080-exec-1] FilterChainProxy - Securing GET /api/exams
2026-10-06 08:15:47 INFO  [http-nio-0.0.0.0-8080-exec-1] JwtAuthenticationFilter - JWT AUTHENTICATION SUCCESS
2026-10-06 08:15:47 DEBUG [http-nio-0.0.0.0-8080-exec-1] FilterChainProxy - Secured GET /api/exams
2026-10-06 08:15:47 DEBUG [http-nio-0.0.0.0-8080-exec-8] FilterChainProxy - Securing GET /api/exams/results/me
2026-10-06 08:15:47 INFO  [http-nio-0.0.0.0-8080-exec-8] JwtAuthenticationFilter - JWT AUTHENTICATION SUCCESS
2026-10-06 08:15:47 DEBUG [http-nio-0.0.0.0-8080-exec-8] FilterChainProxy - Secured GET /api/exams/results/me
2026-10-06 08:15:49 DEBUG [http-nio-0.0.0.0-8080-exec-4] FilterChainProxy - Securing OPTIONS /api/course
2026-10-06 08:15:49 DEBUG [http-nio-0.0.0.0-8080-exec-9] FilterChainProxy - Securing OPTIONS /api/college
2026-10-06 08:15:49 DEBUG [http-nio-0.0.0.0-8080-exec-5] FilterChainProxy - Securing OPTIONS /api/section
2026-10-06 08:15:49 DEBUG [http-nio-0.0.0.0-8080-exec-4] FilterChainProxy - Securing OPTIONS /api/subjects
2026-10-06 08:15:49 DEBUG [http-nio-0.0.0.0-8080-exec-5] FilterChainProxy - Securing OPTIONS /api/chapter
2026-10-06 08:15:49 DEBUG [http-nio-0.0.0.0-8080-exec-3] FilterChainProxy - Securing OPTIONS /api/branch
2026-10-06 08:15:49 DEBUG [http-nio-0.0.0.0-8080-exec-11] FilterChainProxy - Securing POST /api/activity-sessions/resume
2026-10-06 08:15:49 INFO  [http-nio-0.0.0.0-8080-exec-11] JwtAuthenticationFilter - JWT AUTHENTICATION SUCCESS
2026-10-06 08:15:49 DEBUG [http-nio-0.0.0.0-8080-exec-11] FilterChainProxy - Secured POST /api/activity-sessions/resume
2026-10-06 08:15:49 DEBUG [http-nio-0.0.0.0-8080-exec-2] FilterChainProxy - Securing OPTIONS /api/college
2026-10-06 08:15:49 DEBUG [http-nio-0.0.0.0-8080-exec-12] FilterChainProxy - Securing OPTIONS /api/branch
2026-10-06 08:15:49 DEBUG [http-nio-0.0.0.0-8080-exec-2] FilterChainProxy - Securing OPTIONS /api/section
2026-10-06 08:15:49 DEBUG [http-nio-0.0.0.0-8080-exec-1] FilterChainProxy - Securing GET /api/course
2026-10-06 08:15:49 DEBUG [http-nio-0.0.0.0-8080-exec-6] FilterChainProxy - Securing OPTIONS /api/subjects
2026-10-06 08:15:49 DEBUG [http-nio-0.0.0.0-8080-exec-9] FilterChainProxy - Securing OPTIONS /api/chapter
2026-10-06 08:15:49 INFO  [http-nio-0.0.0.0-8080-exec-1] JwtAuthenticationFilter - JWT AUTHENTICATION SUCCESS
2026-10-06 08:15:49 DEBUG [http-nio-0.0.0.0-8080-exec-1] FilterChainProxy - Secured GET /api/course
2026-10-06 08:15:49 DEBUG [http-nio-0.0.0.0-8080-exec-4] FilterChainProxy - Securing GET /api/college
2026-10-06 08:15:49 INFO  [http-nio-0.0.0.0-8080-exec-1] CourseController - Received request to fetch all courses.
2026-10-06 08:15:49 INFO  [http-nio-0.0.0.0-8080-exec-1] CourseService - Fetching all courses.
2026-10-06 08:15:49 DEBUG [http-nio-0.0.0.0-8080-exec-7] FilterChainProxy - Securing GET /api/section
2026-10-06 08:15:49 DEBUG [http-nio-0.0.0.0-8080-exec-3] FilterChainProxy - Securing GET /api/branch
2026-10-06 08:15:49 DEBUG [http-nio-0.0.0.0-8080-exec-10] FilterChainProxy - Securing GET /api/subjects
2026-10-06 08:15:49 INFO  [http-nio-0.0.0.0-8080-exec-1] CourseService - Fetched 1 courses.
2026-10-06 08:15:49 INFO  [http-nio-0.0.0.0-8080-exec-1] CourseController - Fetched 1 courses successfully.
2026-10-06 08:15:49 INFO  [http-nio-0.0.0.0-8080-exec-4] JwtAuthenticationFilter - JWT AUTHENTICATION SUCCESS
2026-10-06 08:15:49 DEBUG [http-nio-0.0.0.0-8080-exec-4] FilterChainProxy - Secured GET /api/college
2026-10-06 08:15:49 INFO  [http-nio-0.0.0.0-8080-exec-4] CollegeController - Received request to fetch all colleges.
2026-10-06 08:15:49 INFO  [http-nio-0.0.0.0-8080-exec-4] CollegeService - Fetching all colleges.
2026-10-06 08:15:49 INFO  [http-nio-0.0.0.0-8080-exec-7] JwtAuthenticationFilter - JWT AUTHENTICATION SUCCESS
2026-10-06 08:15:49 DEBUG [http-nio-0.0.0.0-8080-exec-7] FilterChainProxy - Secured GET /api/section
2026-10-06 08:15:49 INFO  [http-nio-0.0.0.0-8080-exec-4] CollegeService - Fetched 1 colleges.
2026-10-06 08:15:49 INFO  [http-nio-0.0.0.0-8080-exec-7] SectionController - Received request to fetch all sections.
2026-10-06 08:15:49 INFO  [http-nio-0.0.0.0-8080-exec-7] SectionService - Fetching all sections.
2026-10-06 08:15:49 INFO  [http-nio-0.0.0.0-8080-exec-4] CollegeController - Fetched 1 colleges successfully.
2026-10-06 08:15:49 INFO  [http-nio-0.0.0.0-8080-exec-10] JwtAuthenticationFilter - JWT AUTHENTICATION SUCCESS
2026-10-06 08:15:49 DEBUG [http-nio-0.0.0.0-8080-exec-10] FilterChainProxy - Secured GET /api/subjects
2026-10-06 08:15:49 INFO  [http-nio-0.0.0.0-8080-exec-3] JwtAuthenticationFilter - JWT AUTHENTICATION SUCCESS
2026-10-06 08:15:49 DEBUG [http-nio-0.0.0.0-8080-exec-3] FilterChainProxy - Secured GET /api/branch
2026-10-06 08:15:49 DEBUG [http-nio-0.0.0.0-8080-exec-5] FilterChainProxy - Securing GET /api/chapter
2026-10-06 08:15:49 INFO  [http-nio-0.0.0.0-8080-exec-3] BranchController - Received request to fetch all branches.
2026-10-06 08:15:49 INFO  [http-nio-0.0.0.0-8080-exec-3] BranchService - Fetching all branches.
2026-10-06 08:15:49 INFO  [http-nio-0.0.0.0-8080-exec-7] SectionService - Fetched 1 sections.
2026-10-06 08:15:49 INFO  [http-nio-0.0.0.0-8080-exec-3] BranchService - Fetched 3 branches.
2026-10-06 08:15:49 INFO  [http-nio-0.0.0.0-8080-exec-7] SectionController - Fetched 1 sections successfully.
2026-10-06 08:15:49 INFO  [http-nio-0.0.0.0-8080-exec-3] BranchController - Fetched 3 branches successfully.
2026-10-06 08:15:49 DEBUG [http-nio-0.0.0.0-8080-exec-12] FilterChainProxy - Securing GET /api/course
2026-10-06 08:15:49 DEBUG [http-nio-0.0.0.0-8080-exec-8] FilterChainProxy - Securing GET /api/college
2026-10-06 08:15:49 INFO  [http-nio-0.0.0.0-8080-exec-5] JwtAuthenticationFilter - JWT AUTHENTICATION SUCCESS
2026-10-06 08:15:49 DEBUG [http-nio-0.0.0.0-8080-exec-5] FilterChainProxy - Secured GET /api/chapter
2026-10-06 08:15:49 INFO  [http-nio-0.0.0.0-8080-exec-5] ChapterController - Received request to fetch all chapters.
2026-10-06 08:15:49 INFO  [http-nio-0.0.0.0-8080-exec-5] ChapterService - Fetching all chapters.
2026-10-06 08:15:49 INFO  [http-nio-0.0.0.0-8080-exec-12] JwtAuthenticationFilter - JWT AUTHENTICATION SUCCESS
2026-10-06 08:15:49 INFO  [http-nio-0.0.0.0-8080-exec-8] JwtAuthenticationFilter - JWT AUTHENTICATION SUCCESS
2026-10-06 08:15:49 DEBUG [http-nio-0.0.0.0-8080-exec-8] FilterChainProxy - Secured GET /api/college
2026-10-06 08:15:49 DEBUG [http-nio-0.0.0.0-8080-exec-12] FilterChainProxy - Secured GET /api/course
2026-10-06 08:15:49 DEBUG [http-nio-0.0.0.0-8080-exec-6] FilterChainProxy - Securing GET /api/subjects
2026-10-06 08:15:49 DEBUG [http-nio-0.0.0.0-8080-exec-2] FilterChainProxy - Securing GET /api/branch
2026-10-06 08:15:49 INFO  [http-nio-0.0.0.0-8080-exec-8] CollegeController - Received request to fetch all colleges.
2026-10-06 08:15:49 INFO  [http-nio-0.0.0.0-8080-exec-12] CourseController - Received request to fetch all courses.
2026-10-06 08:15:49 INFO  [http-nio-0.0.0.0-8080-exec-8] CollegeService - Fetching all colleges.
2026-10-06 08:15:49 INFO  [http-nio-0.0.0.0-8080-exec-12] CourseService - Fetching all courses.
2026-10-06 08:15:49 DEBUG [http-nio-0.0.0.0-8080-exec-9] FilterChainProxy - Securing GET /api/section
2026-10-06 08:15:49 INFO  [http-nio-0.0.0.0-8080-exec-12] CourseService - Fetched 1 courses.
2026-10-06 08:15:49 INFO  [http-nio-0.0.0.0-8080-exec-12] CourseController - Fetched 1 courses successfully.
2026-10-06 08:15:49 INFO  [http-nio-0.0.0.0-8080-exec-5] ChapterService - Fetched 6 chapters.
2026-10-06 08:15:49 INFO  [http-nio-0.0.0.0-8080-exec-5] ChapterController - Fetched 6 chapters successfully.
2026-10-06 08:15:49 INFO  [http-nio-0.0.0.0-8080-exec-6] JwtAuthenticationFilter - JWT AUTHENTICATION SUCCESS
2026-10-06 08:15:49 INFO  [http-nio-0.0.0.0-8080-exec-8] CollegeService - Fetched 1 colleges.
2026-10-06 08:15:49 INFO  [http-nio-0.0.0.0-8080-exec-8] CollegeController - Fetched 1 colleges successfully.
2026-10-06 08:15:49 INFO  [http-nio-0.0.0.0-8080-exec-2] JwtAuthenticationFilter - JWT AUTHENTICATION SUCCESS
2026-10-06 08:15:49 DEBUG [http-nio-0.0.0.0-8080-exec-6] FilterChainProxy - Secured GET /api/subjects
2026-10-06 08:15:49 DEBUG [http-nio-0.0.0.0-8080-exec-2] FilterChainProxy - Secured GET /api/branch
2026-10-06 08:15:49 INFO  [http-nio-0.0.0.0-8080-exec-2] BranchController - Received request to fetch all branches.
2026-10-06 08:15:49 INFO  [http-nio-0.0.0.0-8080-exec-2] BranchService - Fetching all branches.
2026-10-06 08:15:49 INFO  [http-nio-0.0.0.0-8080-exec-9] JwtAuthenticationFilter - JWT AUTHENTICATION SUCCESS
2026-10-06 08:15:49 DEBUG [http-nio-0.0.0.0-8080-exec-9] FilterChainProxy - Secured GET /api/section
2026-10-06 08:15:49 INFO  [http-nio-0.0.0.0-8080-exec-9] SectionController - Received request to fetch all sections.
2026-10-06 08:15:49 INFO  [http-nio-0.0.0.0-8080-exec-9] SectionService - Fetching all sections.
2026-10-06 08:15:49 INFO  [http-nio-0.0.0.0-8080-exec-2] BranchService - Fetched 3 branches.
2026-10-06 08:15:49 INFO  [http-nio-0.0.0.0-8080-exec-2] BranchController - Fetched 3 branches successfully.
2026-10-06 08:15:49 DEBUG [http-nio-0.0.0.0-8080-exec-11] FilterChainProxy - Securing GET /api/chapter
2026-10-06 08:15:49 INFO  [http-nio-0.0.0.0-8080-exec-9] SectionService - Fetched 1 sections.
2026-10-06 08:15:49 INFO  [http-nio-0.0.0.0-8080-exec-9] SectionController - Fetched 1 sections successfully.
2026-10-06 08:15:49 INFO  [http-nio-0.0.0.0-8080-exec-11] JwtAuthenticationFilter - JWT AUTHENTICATION SUCCESS
2026-10-06 08:15:49 DEBUG [http-nio-0.0.0.0-8080-exec-11] FilterChainProxy - Secured GET /api/chapter
2026-10-06 08:15:49 INFO  [http-nio-0.0.0.0-8080-exec-11] ChapterController - Received request to fetch all chapters.
2026-10-06 08:15:49 INFO  [http-nio-0.0.0.0-8080-exec-11] ChapterService - Fetching all chapters.
2026-10-06 08:15:49 INFO  [http-nio-0.0.0.0-8080-exec-11] ChapterService - Fetched 6 chapters.
2026-10-06 08:15:49 INFO  [http-nio-0.0.0.0-8080-exec-11] ChapterController - Fetched 6 chapters successfully.
2026-10-06 08:16:19 DEBUG [http-nio-0.0.0.0-8080-exec-1] FilterChainProxy - Securing OPTIONS /api/activity-sessions/heartbeat
2026-10-06 08:16:19 DEBUG [http-nio-0.0.0.0-8080-exec-4] FilterChainProxy - Securing POST /api/activity-sessions/heartbeat
2026-10-06 08:16:19 INFO  [http-nio-0.0.0.0-8080-exec-4] JwtAuthenticationFilter - JWT AUTHENTICATION SUCCESS
2026-10-06 08:16:19 DEBUG [http-nio-0.0.0.0-8080-exec-4] FilterChainProxy - Secured POST /api/activity-sessions/heartbeat
2026-10-06 08:16:26 DEBUG [http-nio-0.0.0.0-8080-exec-7] FilterChainProxy - Securing OPTIONS /api/notifications/mine/unread-count
2026-10-06 08:16:26 DEBUG [http-nio-0.0.0.0-8080-exec-3] FilterChainProxy - Securing OPTIONS /api/notifications/mine?limit=12
2026-10-06 08:16:26 DEBUG [http-nio-0.0.0.0-8080-exec-10] FilterChainProxy - Securing GET /api/notifications/mine?limit=12
2026-10-06 08:16:26 DEBUG [http-nio-0.0.0.0-8080-exec-5] FilterChainProxy - Securing GET /api/notifications/mine/unread-count
2026-10-06 08:16:26 INFO  [http-nio-0.0.0.0-8080-exec-5] JwtAuthenticationFilter - JWT AUTHENTICATION SUCCESS
2026-10-06 08:16:26 INFO  [http-nio-0.0.0.0-8080-exec-10] JwtAuthenticationFilter - JWT AUTHENTICATION SUCCESS
2026-10-06 08:16:26 DEBUG [http-nio-0.0.0.0-8080-exec-5] FilterChainProxy - Secured GET /api/notifications/mine/unread-count
2026-10-06 08:16:26 DEBUG [http-nio-0.0.0.0-8080-exec-10] FilterChainProxy - Secured GET /api/notifications/mine?limit=12
2026-10-06 08:16:49 DEBUG [http-nio-0.0.0.0-8080-exec-12] FilterChainProxy - Securing OPTIONS /api/exams
2026-10-06 08:16:49 DEBUG [http-nio-0.0.0.0-8080-exec-8] FilterChainProxy - Securing POST /api/exams
2026-10-06 08:16:49 INFO  [http-nio-0.0.0.0-8080-exec-8] JwtAuthenticationFilter - JWT AUTHENTICATION SUCCESS
2026-10-06 08:16:49 DEBUG [http-nio-0.0.0.0-8080-exec-8] FilterChainProxy - Secured POST /api/exams
2026-10-06 08:16:49 DEBUG [http-nio-0.0.0.0-8080-exec-6] FilterChainProxy - Securing OPTIONS /api/questions
2026-10-06 08:16:49 DEBUG [http-nio-0.0.0.0-8080-exec-11] FilterChainProxy - Securing OPTIONS /api/chapter
2026-10-06 08:16:49 DEBUG [http-nio-0.0.0.0-8080-exec-2] FilterChainProxy - Securing OPTIONS /api/chapter
2026-10-06 08:16:49 DEBUG [http-nio-0.0.0.0-8080-exec-9] FilterChainProxy - Securing OPTIONS /api/questions
2026-10-06 08:16:49 DEBUG [http-nio-0.0.0.0-8080-exec-4] FilterChainProxy - Securing GET /api/chapter
2026-10-06 08:16:49 DEBUG [http-nio-0.0.0.0-8080-exec-1] FilterChainProxy - Securing GET /api/questions
2026-10-06 08:16:49 INFO  [http-nio-0.0.0.0-8080-exec-1] JwtAuthenticationFilter - JWT AUTHENTICATION SUCCESS
2026-10-06 08:16:49 INFO  [http-nio-0.0.0.0-8080-exec-4] JwtAuthenticationFilter - JWT AUTHENTICATION SUCCESS
2026-10-06 08:16:49 DEBUG [http-nio-0.0.0.0-8080-exec-1] FilterChainProxy - Secured GET /api/questions
2026-10-06 08:16:49 DEBUG [http-nio-0.0.0.0-8080-exec-4] FilterChainProxy - Secured GET /api/chapter
2026-10-06 08:16:49 INFO  [http-nio-0.0.0.0-8080-exec-4] ChapterController - Received request to fetch all chapters.
2026-10-06 08:16:49 INFO  [http-nio-0.0.0.0-8080-exec-4] ChapterService - Fetching all chapters.
2026-10-06 08:16:49 INFO  [http-nio-0.0.0.0-8080-exec-4] ChapterService - Fetched 6 chapters.
2026-10-06 08:16:49 INFO  [http-nio-0.0.0.0-8080-exec-4] ChapterController - Fetched 6 chapters successfully.
2026-10-06 08:16:49 DEBUG [http-nio-0.0.0.0-8080-exec-3] FilterChainProxy - Securing GET /api/chapter
2026-10-06 08:16:49 INFO  [http-nio-0.0.0.0-8080-exec-3] JwtAuthenticationFilter - JWT AUTHENTICATION SUCCESS
2026-10-06 08:16:49 DEBUG [http-nio-0.0.0.0-8080-exec-3] FilterChainProxy - Secured GET /api/chapter
2026-10-06 08:16:49 INFO  [http-nio-0.0.0.0-8080-exec-3] ChapterController - Received request to fetch all chapters.
2026-10-06 08:16:49 INFO  [http-nio-0.0.0.0-8080-exec-3] ChapterService - Fetching all chapters.
2026-10-06 08:16:49 INFO  [http-nio-0.0.0.0-8080-exec-3] ChapterService - Fetched 6 chapters.
2026-10-06 08:16:49 INFO  [http-nio-0.0.0.0-8080-exec-3] ChapterController - Fetched 6 chapters successfully.
2026-10-06 08:16:49 DEBUG [http-nio-0.0.0.0-8080-exec-7] FilterChainProxy - Securing OPTIONS /api/activity-sessions/heartbeat
2026-10-06 08:16:49 DEBUG [http-nio-0.0.0.0-8080-exec-10] FilterChainProxy - Securing POST /api/activity-sessions/heartbeat
2026-10-06 08:16:49 INFO  [http-nio-0.0.0.0-8080-exec-10] JwtAuthenticationFilter - JWT AUTHENTICATION SUCCESS
2026-10-06 08:16:49 DEBUG [http-nio-0.0.0.0-8080-exec-10] FilterChainProxy - Secured POST /api/activity-sessions/heartbeat
2026-10-06 08:16:49 DEBUG [http-nio-0.0.0.0-8080-exec-5] FilterChainProxy - Securing GET /api/questions
2026-10-06 08:16:49 INFO  [http-nio-0.0.0.0-8080-exec-5] JwtAuthenticationFilter - JWT AUTHENTICATION SUCCESS
2026-10-06 08:16:49 DEBUG [http-nio-0.0.0.0-8080-exec-5] FilterChainProxy - Secured GET /api/questions
2026-10-06 08:17:00 DEBUG [http-nio-0.0.0.0-8080-exec-2] FilterChainProxy - Securing OPTIONS /api/exams/8/questions
2026-10-06 08:17:00 DEBUG [http-nio-0.0.0.0-8080-exec-4] FilterChainProxy - Securing POST /api/exams/8/questions
2026-10-06 08:17:00 INFO  [http-nio-0.0.0.0-8080-exec-4] JwtAuthenticationFilter - JWT AUTHENTICATION SUCCESS
2026-10-06 08:17:00 DEBUG [http-nio-0.0.0.0-8080-exec-4] FilterChainProxy - Secured POST /api/exams/8/questions
2026-10-06 08:17:04 DEBUG [http-nio-0.0.0.0-8080-exec-3] FilterChainProxy - Securing OPTIONS /api/users/students_Guest
2026-10-06 08:17:04 DEBUG [http-nio-0.0.0.0-8080-exec-7] FilterChainProxy - Securing OPTIONS /api/college
2026-10-06 08:17:04 DEBUG [http-nio-0.0.0.0-8080-exec-10] FilterChainProxy - Securing OPTIONS /api/branch
2026-10-06 08:17:04 DEBUG [http-nio-0.0.0.0-8080-exec-1] FilterChainProxy - Securing OPTIONS /api/section
2026-10-06 08:17:04 DEBUG [http-nio-0.0.0.0-8080-exec-5] FilterChainProxy - Securing OPTIONS /api/course
2026-10-06 08:17:04 DEBUG [http-nio-0.0.0.0-8080-exec-6] FilterChainProxy - Securing OPTIONS /api/activity-sessions/resume
2026-10-06 08:17:04 DEBUG [http-nio-0.0.0.0-8080-exec-11] FilterChainProxy - Securing GET /api/college
2026-10-06 08:17:04 DEBUG [http-nio-0.0.0.0-8080-exec-8] FilterChainProxy - Securing OPTIONS /api/college
2026-10-06 08:17:04 DEBUG [http-nio-0.0.0.0-8080-exec-2] FilterChainProxy - Securing GET /api/branch
2026-10-06 08:17:04 DEBUG [http-nio-0.0.0.0-8080-exec-4] FilterChainProxy - Securing OPTIONS /api/branch
2026-10-06 08:17:04 DEBUG [http-nio-0.0.0.0-8080-exec-9] FilterChainProxy - Securing OPTIONS /api/users/students_Guest
2026-10-06 08:17:04 DEBUG [http-nio-0.0.0.0-8080-exec-12] FilterChainProxy - Securing GET /api/users/students_Guest
2026-10-06 08:17:05 INFO  [http-nio-0.0.0.0-8080-exec-11] JwtAuthenticationFilter - JWT AUTHENTICATION SUCCESS
2026-10-06 08:17:05 INFO  [http-nio-0.0.0.0-8080-exec-2] JwtAuthenticationFilter - JWT AUTHENTICATION SUCCESS
2026-10-06 08:17:05 DEBUG [http-nio-0.0.0.0-8080-exec-11] FilterChainProxy - Secured GET /api/college
2026-10-06 08:17:05 DEBUG [http-nio-0.0.0.0-8080-exec-2] FilterChainProxy - Secured GET /api/branch
2026-10-06 08:17:05 INFO  [http-nio-0.0.0.0-8080-exec-11] CollegeController - Received request to fetch all colleges.
2026-10-06 08:17:05 INFO  [http-nio-0.0.0.0-8080-exec-2] BranchController - Received request to fetch all branches.
2026-10-06 08:17:05 INFO  [http-nio-0.0.0.0-8080-exec-11] CollegeService - Fetching all colleges.
2026-10-06 08:17:05 INFO  [http-nio-0.0.0.0-8080-exec-2] BranchService - Fetching all branches.
2026-10-06 08:17:05 DEBUG [http-nio-0.0.0.0-8080-exec-7] FilterChainProxy - Securing OPTIONS /api/section
2026-10-06 08:17:05 INFO  [http-nio-0.0.0.0-8080-exec-11] CollegeService - Fetched 1 colleges.
2026-10-06 08:17:05 INFO  [http-nio-0.0.0.0-8080-exec-11] CollegeController - Fetched 1 colleges successfully.
2026-10-06 08:17:05 INFO  [http-nio-0.0.0.0-8080-exec-2] BranchService - Fetched 3 branches.
2026-10-06 08:17:05 INFO  [http-nio-0.0.0.0-8080-exec-2] BranchController - Fetched 3 branches successfully.
2026-10-06 08:17:05 DEBUG [http-nio-0.0.0.0-8080-exec-1] FilterChainProxy - Securing GET /api/course
2026-10-06 08:17:05 DEBUG [http-nio-0.0.0.0-8080-exec-10] FilterChainProxy - Securing GET /api/section
2026-10-06 08:17:05 INFO  [http-nio-0.0.0.0-8080-exec-12] JwtAuthenticationFilter - JWT AUTHENTICATION SUCCESS
2026-10-06 08:17:05 DEBUG [http-nio-0.0.0.0-8080-exec-12] FilterChainProxy - Secured GET /api/users/students_Guest
2026-10-06 08:17:05 DEBUG [http-nio-0.0.0.0-8080-exec-3] FilterChainProxy - Securing OPTIONS /api/course
2026-10-06 08:17:05 INFO  [http-nio-0.0.0.0-8080-exec-1] JwtAuthenticationFilter - JWT AUTHENTICATION SUCCESS
2026-10-06 08:17:05 INFO  [http-nio-0.0.0.0-8080-exec-10] JwtAuthenticationFilter - JWT AUTHENTICATION SUCCESS
2026-10-06 08:17:05 DEBUG [http-nio-0.0.0.0-8080-exec-1] FilterChainProxy - Secured GET /api/course
2026-10-06 08:17:05 DEBUG [http-nio-0.0.0.0-8080-exec-10] FilterChainProxy - Secured GET /api/section
2026-10-06 08:17:05 INFO  [http-nio-0.0.0.0-8080-exec-10] SectionController - Received request to fetch all sections.
2026-10-06 08:17:05 INFO  [http-nio-0.0.0.0-8080-exec-10] SectionService - Fetching all sections.
2026-10-06 08:17:05 DEBUG [http-nio-0.0.0.0-8080-exec-5] FilterChainProxy - Securing POST /api/activity-sessions/resume
2026-10-06 08:17:05 INFO  [http-nio-0.0.0.0-8080-exec-1] CourseController - Received request to fetch all courses.
2026-10-06 08:17:05 INFO  [http-nio-0.0.0.0-8080-exec-1] CourseService - Fetching all courses.
2026-10-06 08:17:05 INFO  [http-nio-0.0.0.0-8080-exec-10] SectionService - Fetched 1 sections.
2026-10-06 08:17:05 INFO  [http-nio-0.0.0.0-8080-exec-10] SectionController - Fetched 1 sections successfully.
2026-10-06 08:17:05 DEBUG [http-nio-0.0.0.0-8080-exec-8] FilterChainProxy - Securing GET /api/branch
2026-10-06 08:17:05 DEBUG [http-nio-0.0.0.0-8080-exec-6] FilterChainProxy - Securing GET /api/college
2026-10-06 08:17:05 INFO  [http-nio-0.0.0.0-8080-exec-5] JwtAuthenticationFilter - JWT AUTHENTICATION SUCCESS
2026-10-06 08:17:05 DEBUG [http-nio-0.0.0.0-8080-exec-5] FilterChainProxy - Secured POST /api/activity-sessions/resume
2026-10-06 08:17:05 INFO  [http-nio-0.0.0.0-8080-exec-1] CourseService - Fetched 1 courses.
2026-10-06 08:17:05 INFO  [http-nio-0.0.0.0-8080-exec-1] CourseController - Fetched 1 courses successfully.
2026-10-06 08:17:05 INFO  [http-nio-0.0.0.0-8080-exec-6] JwtAuthenticationFilter - JWT AUTHENTICATION SUCCESS
2026-10-06 08:17:05 DEBUG [http-nio-0.0.0.0-8080-exec-6] FilterChainProxy - Secured GET /api/college
2026-10-06 08:17:05 INFO  [http-nio-0.0.0.0-8080-exec-8] JwtAuthenticationFilter - JWT AUTHENTICATION SUCCESS
2026-10-06 08:17:05 DEBUG [http-nio-0.0.0.0-8080-exec-8] FilterChainProxy - Secured GET /api/branch
2026-10-06 08:17:05 DEBUG [http-nio-0.0.0.0-8080-exec-4] FilterChainProxy - Securing GET /api/section
2026-10-06 08:17:05 INFO  [http-nio-0.0.0.0-8080-exec-8] BranchController - Received request to fetch all branches.
2026-10-06 08:17:05 INFO  [http-nio-0.0.0.0-8080-exec-6] CollegeController - Received request to fetch all colleges.
2026-10-06 08:17:05 INFO  [http-nio-0.0.0.0-8080-exec-6] CollegeService - Fetching all colleges.
2026-10-06 08:17:05 INFO  [http-nio-0.0.0.0-8080-exec-8] BranchService - Fetching all branches.
2026-10-06 08:17:05 INFO  [http-nio-0.0.0.0-8080-exec-6] CollegeService - Fetched 1 colleges.
2026-10-06 08:17:05 INFO  [http-nio-0.0.0.0-8080-exec-6] CollegeController - Fetched 1 colleges successfully.
2026-10-06 08:17:05 INFO  [http-nio-0.0.0.0-8080-exec-8] BranchService - Fetched 3 branches.
2026-10-06 08:17:05 INFO  [http-nio-0.0.0.0-8080-exec-8] BranchController - Fetched 3 branches successfully.
2026-10-06 08:17:05 DEBUG [http-nio-0.0.0.0-8080-exec-5] FilterChainProxy - Securing GET /api/users/students_Guest
2026-10-06 08:17:05 DEBUG [http-nio-0.0.0.0-8080-exec-1] FilterChainProxy - Securing GET /api/course
2026-10-06 08:17:05 INFO  [http-nio-0.0.0.0-8080-exec-4] JwtAuthenticationFilter - JWT AUTHENTICATION SUCCESS
2026-10-06 08:17:05 DEBUG [http-nio-0.0.0.0-8080-exec-4] FilterChainProxy - Secured GET /api/section
2026-10-06 08:17:05 INFO  [http-nio-0.0.0.0-8080-exec-4] SectionController - Received request to fetch all sections.
2026-10-06 08:17:05 INFO  [http-nio-0.0.0.0-8080-exec-4] SectionService - Fetching all sections.
2026-10-06 08:17:05 INFO  [http-nio-0.0.0.0-8080-exec-5] JwtAuthenticationFilter - JWT AUTHENTICATION SUCCESS
2026-10-06 08:17:05 INFO  [http-nio-0.0.0.0-8080-exec-1] JwtAuthenticationFilter - JWT AUTHENTICATION SUCCESS
2026-10-06 08:17:05 DEBUG [http-nio-0.0.0.0-8080-exec-1] FilterChainProxy - Secured GET /api/course
2026-10-06 08:17:05 DEBUG [http-nio-0.0.0.0-8080-exec-5] FilterChainProxy - Secured GET /api/users/students_Guest
2026-10-06 08:17:05 INFO  [http-nio-0.0.0.0-8080-exec-1] CourseController - Received request to fetch all courses.
2026-10-06 08:17:05 INFO  [http-nio-0.0.0.0-8080-exec-1] CourseService - Fetching all courses.
2026-10-06 08:17:05 INFO  [http-nio-0.0.0.0-8080-exec-4] SectionService - Fetched 1 sections.
2026-10-06 08:17:05 INFO  [http-nio-0.0.0.0-8080-exec-4] SectionController - Fetched 1 sections successfully.
2026-10-06 08:17:05 INFO  [http-nio-0.0.0.0-8080-exec-1] CourseService - Fetched 1 courses.
2026-10-06 08:17:05 INFO  [http-nio-0.0.0.0-8080-exec-1] CourseController - Fetched 1 courses successfully.
2026-10-06 08:17:11 DEBUG [http-nio-0.0.0.0-8080-exec-7] FilterChainProxy - Securing OPTIONS /api/notifications/mine?limit=12
2026-10-06 08:17:11 DEBUG [http-nio-0.0.0.0-8080-exec-11] FilterChainProxy - Securing OPTIONS /api/notifications/mine/unread-count
2026-10-06 08:17:11 DEBUG [http-nio-0.0.0.0-8080-exec-2] FilterChainProxy - Securing GET /api/notifications/mine?limit=12
2026-10-06 08:17:11 DEBUG [http-nio-0.0.0.0-8080-exec-3] FilterChainProxy - Securing GET /api/notifications/mine/unread-count
2026-10-06 08:17:11 INFO  [http-nio-0.0.0.0-8080-exec-3] JwtAuthenticationFilter - JWT AUTHENTICATION SUCCESS
2026-10-06 08:17:11 INFO  [http-nio-0.0.0.0-8080-exec-2] JwtAuthenticationFilter - JWT AUTHENTICATION SUCCESS
2026-10-06 08:17:11 DEBUG [http-nio-0.0.0.0-8080-exec-2] FilterChainProxy - Secured GET /api/notifications/mine?limit=12
2026-10-06 08:17:11 DEBUG [http-nio-0.0.0.0-8080-exec-3] FilterChainProxy - Secured GET /api/notifications/mine/unread-count
2026-10-06 08:17:34 DEBUG [http-nio-0.0.0.0-8080-exec-10] FilterChainProxy - Securing OPTIONS /api/activity-sessions/heartbeat
2026-10-06 08:17:34 DEBUG [http-nio-0.0.0.0-8080-exec-12] FilterChainProxy - Securing POST /api/activity-sessions/heartbeat
2026-10-06 08:17:34 INFO  [http-nio-0.0.0.0-8080-exec-12] JwtAuthenticationFilter - JWT AUTHENTICATION SUCCESS
2026-10-06 08:17:34 DEBUG [http-nio-0.0.0.0-8080-exec-12] FilterChainProxy - Secured POST /api/activity-sessions/heartbeat
2026-10-06 08:17:56 DEBUG [http-nio-0.0.0.0-8080-exec-9] FilterChainProxy - Securing OPTIONS /api/notifications/mine/unread-count
2026-10-06 08:17:56 DEBUG [http-nio-0.0.0.0-8080-exec-6] FilterChainProxy - Securing OPTIONS /api/notifications/mine?limit=12
2026-10-06 08:17:56 DEBUG [http-nio-0.0.0.0-8080-exec-8] FilterChainProxy - Securing GET /api/notifications/mine?limit=12
2026-10-06 08:17:56 DEBUG [http-nio-0.0.0.0-8080-exec-4] FilterChainProxy - Securing GET /api/notifications/mine/unread-count
2026-10-06 08:17:56 INFO  [http-nio-0.0.0.0-8080-exec-8] JwtAuthenticationFilter - JWT AUTHENTICATION SUCCESS
2026-10-06 08:17:56 INFO  [http-nio-0.0.0.0-8080-exec-4] JwtAuthenticationFilter - JWT AUTHENTICATION SUCCESS
2026-10-06 08:17:56 DEBUG [http-nio-0.0.0.0-8080-exec-4] FilterChainProxy - Secured GET /api/notifications/mine/unread-count
2026-10-06 08:17:56 DEBUG [http-nio-0.0.0.0-8080-exec-8] FilterChainProxy - Secured GET /api/notifications/mine?limit=12
2026-10-06 08:17:58 DEBUG [http-nio-0.0.0.0-8080-exec-1] FilterChainProxy - Securing OPTIONS /api/users/student
2026-10-06 08:17:58 DEBUG [http-nio-0.0.0.0-8080-exec-5] FilterChainProxy - Securing POST /api/users/student
2026-10-06 08:17:58 INFO  [http-nio-0.0.0.0-8080-exec-5] JwtAuthenticationFilter - JWT AUTHENTICATION SUCCESS
2026-10-06 08:17:58 DEBUG [http-nio-0.0.0.0-8080-exec-5] FilterChainProxy - Secured POST /api/users/student
2026-10-06 08:17:58 ERROR [http-nio-0.0.0.0-8080-exec-5] [dispatcherServlet] - Servlet.service() for servlet [dispatcherServlet] in context with path [] threw exception [Request processing failed: java.lang.RuntimeException: User already exists with email: charan@gmail.com] with root cause
java.lang.RuntimeException: User already exists with email: charan@gmail.com
	at com.project.ProjectS.service.UserService.validateUser(UserService.java:649) ~[classes/:?]
	at com.project.ProjectS.service.UserService.createStudent(UserService.java:216) ~[classes/:?]
	at java.base/jdk.internal.reflect.DirectMethodHandleAccessor.invoke(DirectMethodHandleAccessor.java:104) ~[?:?]
	at java.base/java.lang.reflect.Method.invoke(Method.java:565) ~[?:?]
	at org.springframework.aop.support.AopUtils.invokeJoinpointUsingReflection(AopUtils.java:360) ~[spring-aop-6.2.9.jar:6.2.9]
	at org.springframework.aop.framework.ReflectiveMethodInvocation.invokeJoinpoint(ReflectiveMethodInvocation.java:196) ~[spring-aop-6.2.9.jar:6.2.9]
	at org.springframework.aop.framework.ReflectiveMethodInvocation.proceed(ReflectiveMethodInvocation.java:163) ~[spring-aop-6.2.9.jar:6.2.9]
	at org.springframework.transaction.interceptor.TransactionAspectSupport.invokeWithinTransaction(TransactionAspectSupport.java:380) ~[spring-tx-6.2.9.jar:6.2.9]
	at org.springframework.transaction.interceptor.TransactionInterceptor.invoke(TransactionInterceptor.java:119) ~[spring-tx-6.2.9.jar:6.2.9]
	at org.springframework.aop.framework.ReflectiveMethodInvocation.proceed(ReflectiveMethodInvocation.java:184) ~[spring-aop-6.2.9.jar:6.2.9]
	at org.springframework.aop.framework.CglibAopProxy$DynamicAdvisedInterceptor.intercept(CglibAopProxy.java:728) ~[spring-aop-6.2.9.jar:6.2.9]
	at com.project.ProjectS.service.UserService$$SpringCGLIB$$0.createStudent(<generated>) ~[classes/:?]
	at com.project.ProjectS.controller.UserController.createStudent(UserController.java:70) ~[classes/:?]
	at java.base/jdk.internal.reflect.DirectMethodHandleAccessor.invoke(DirectMethodHandleAccessor.java:104) ~[?:?]
	at java.base/java.lang.reflect.Method.invoke(Method.java:565) ~[?:?]
	at org.springframework.web.method.support.InvocableHandlerMethod.doInvoke(InvocableHandlerMethod.java:258) ~[spring-web-6.2.9.jar:6.2.9]
	at org.springframework.web.method.support.InvocableHandlerMethod.invokeForRequest(InvocableHandlerMethod.java:191) ~[spring-web-6.2.9.jar:6.2.9]
	at org.springframework.web.servlet.mvc.method.annotation.ServletInvocableHandlerMethod.invokeAndHandle(ServletInvocableHandlerMethod.java:118) ~[spring-webmvc-6.2.9.jar:6.2.9]
	at org.springframework.web.servlet.mvc.method.annotation.RequestMappingHandlerAdapter.invokeHandlerMethod(RequestMappingHandlerAdapter.java:991) ~[spring-webmvc-6.2.9.jar:6.2.9]
	at org.springframework.web.servlet.mvc.method.annotation.RequestMappingHandlerAdapter.handleInternal(RequestMappingHandlerAdapter.java:896) ~[spring-webmvc-6.2.9.jar:6.2.9]
	at org.springframework.web.servlet.mvc.method.AbstractHandlerMethodAdapter.handle(AbstractHandlerMethodAdapter.java:87) ~[spring-webmvc-6.2.9.jar:6.2.9]
	at org.springframework.web.servlet.DispatcherServlet.doDispatch(DispatcherServlet.java:1089) ~[spring-webmvc-6.2.9.jar:6.2.9]
	at org.springframework.web.servlet.DispatcherServlet.doService(DispatcherServlet.java:979) ~[spring-webmvc-6.2.9.jar:6.2.9]
	at org.springframework.web.servlet.FrameworkServlet.processRequest(FrameworkServlet.java:1014) ~[spring-webmvc-6.2.9.jar:6.2.9]
	at org.springframework.web.servlet.FrameworkServlet.doPost(FrameworkServlet.java:914) ~[spring-webmvc-6.2.9.jar:6.2.9]
	at jakarta.servlet.http.HttpServlet.service(HttpServlet.java:590) ~[tomcat-embed-core-10.1.43.jar:6.0]
	at org.springframework.web.servlet.FrameworkServlet.service(FrameworkServlet.java:885) ~[spring-webmvc-6.2.9.jar:6.2.9]
	at jakarta.servlet.http.HttpServlet.service(HttpServlet.java:658) ~[tomcat-embed-core-10.1.43.jar:6.0]
	at org.apache.catalina.core.ApplicationFilterChain.internalDoFilter(ApplicationFilterChain.java:195) ~[tomcat-embed-core-10.1.43.jar:10.1.43]
	at org.apache.catalina.core.ApplicationFilterChain.doFilter(ApplicationFilterChain.java:140) ~[tomcat-embed-core-10.1.43.jar:10.1.43]
	at org.apache.tomcat.websocket.server.WsFilter.doFilter(WsFilter.java:51) ~[tomcat-embed-websocket-10.1.43.jar:10.1.43]
	at org.apache.catalina.core.ApplicationFilterChain.internalDoFilter(ApplicationFilterChain.java:164) ~[tomcat-embed-core-10.1.43.jar:10.1.43]
	at org.apache.catalina.core.ApplicationFilterChain.doFilter(ApplicationFilterChain.java:140) ~[tomcat-embed-core-10.1.43.jar:10.1.43]
	at org.springframework.web.filter.OncePerRequestFilter.doFilter(OncePerRequestFilter.java:110) ~[spring-web-6.2.9.jar:6.2.9]
	at org.apache.catalina.core.ApplicationFilterChain.internalDoFilter(ApplicationFilterChain.java:164) ~[tomcat-embed-core-10.1.43.jar:10.1.43]
	at org.apache.catalina.core.ApplicationFilterChain.doFilter(ApplicationFilterChain.java:140) ~[tomcat-embed-core-10.1.43.jar:10.1.43]
	at org.springframework.web.filter.OncePerRequestFilter.doFilter(OncePerRequestFilter.java:110) ~[spring-web-6.2.9.jar:6.2.9]
	at org.apache.catalina.core.ApplicationFilterChain.internalDoFilter(ApplicationFilterChain.java:164) ~[tomcat-embed-core-10.1.43.jar:10.1.43]
	at org.apache.catalina.core.ApplicationFilterChain.doFilter(ApplicationFilterChain.java:140) ~[tomcat-embed-core-10.1.43.jar:10.1.43]
	at org.springframework.web.filter.CompositeFilter$VirtualFilterChain.doFilter(CompositeFilter.java:108) ~[spring-web-6.2.9.jar:6.2.9]
	at org.springframework.web.filter.CompositeFilter$VirtualFilterChain.doFilter(CompositeFilter.java:108) ~[spring-web-6.2.9.jar:6.2.9]
	at org.springframework.security.web.FilterChainProxy.lambda$doFilterInternal$3(FilterChainProxy.java:231) ~[spring-security-web-6.5.2.jar:6.5.2]
	at org.springframework.security.web.FilterChainProxy$VirtualFilterChain.doFilter(FilterChainProxy.java:365) ~[spring-security-web-6.5.2.jar:6.5.2]
	at org.springframework.security.web.access.intercept.AuthorizationFilter.doFilter(AuthorizationFilter.java:101) ~[spring-security-web-6.5.2.jar:6.5.2]
	at org.springframework.security.web.FilterChainProxy$VirtualFilterChain.doFilter(FilterChainProxy.java:374) ~[spring-security-web-6.5.2.jar:6.5.2]
	at org.springframework.security.web.access.ExceptionTranslationFilter.doFilter(ExceptionTranslationFilter.java:125) ~[spring-security-web-6.5.2.jar:6.5.2]
	at org.springframework.security.web.access.ExceptionTranslationFilter.doFilter(ExceptionTranslationFilter.java:119) ~[spring-security-web-6.5.2.jar:6.5.2]
	at org.springframework.security.web.FilterChainProxy$VirtualFilterChain.doFilter(FilterChainProxy.java:374) ~[spring-security-web-6.5.2.jar:6.5.2]
	at org.springframework.security.web.session.SessionManagementFilter.doFilter(SessionManagementFilter.java:131) ~[spring-security-web-6.5.2.jar:6.5.2]
	at org.springframework.security.web.session.SessionManagementFilter.doFilter(SessionManagementFilter.java:85) ~[spring-security-web-6.5.2.jar:6.5.2]
	at org.springframework.security.web.FilterChainProxy$VirtualFilterChain.doFilter(FilterChainProxy.java:374) ~[spring-security-web-6.5.2.jar:6.5.2]
	at org.springframework.security.web.authentication.AnonymousAuthenticationFilter.doFilter(AnonymousAuthenticationFilter.java:100) ~[spring-security-web-6.5.2.jar:6.5.2]
	at org.springframework.security.web.FilterChainProxy$VirtualFilterChain.doFilter(FilterChainProxy.java:374) ~[spring-security-web-6.5.2.jar:6.5.2]
	at org.springframework.security.web.servletapi.SecurityContextHolderAwareRequestFilter.doFilter(SecurityContextHolderAwareRequestFilter.java:179) ~[spring-security-web-6.5.2.jar:6.5.2]
	at org.springframework.security.web.FilterChainProxy$VirtualFilterChain.doFilter(FilterChainProxy.java:374) ~[spring-security-web-6.5.2.jar:6.5.2]
	at org.springframework.security.web.savedrequest.RequestCacheAwareFilter.doFilter(RequestCacheAwareFilter.java:63) ~[spring-security-web-6.5.2.jar:6.5.2]
	at org.springframework.security.web.FilterChainProxy$VirtualFilterChain.doFilter(FilterChainProxy.java:374) ~[spring-security-web-6.5.2.jar:6.5.2]
	at org.springframework.security.web.authentication.ui.DefaultLogoutPageGeneratingFilter.doFilterInternal(DefaultLogoutPageGeneratingFilter.java:59) ~[spring-security-web-6.5.2.jar:6.5.2]
	at org.springframework.web.filter.OncePerRequestFilter.doFilter(OncePerRequestFilter.java:116) ~[spring-web-6.2.9.jar:6.2.9]
	at org.springframework.security.web.FilterChainProxy$VirtualFilterChain.doFilter(FilterChainProxy.java:374) ~[spring-security-web-6.5.2.jar:6.5.2]
	at org.springframework.security.web.authentication.ui.DefaultLoginPageGeneratingFilter.doFilter(DefaultLoginPageGeneratingFilter.java:216) ~[spring-security-web-6.5.2.jar:6.5.2]
	at org.springframework.security.web.authentication.ui.DefaultLoginPageGeneratingFilter.doFilter(DefaultLoginPageGeneratingFilter.java:202) ~[spring-security-web-6.5.2.jar:6.5.2]
	at org.springframework.security.web.FilterChainProxy$VirtualFilterChain.doFilter(FilterChainProxy.java:374) ~[spring-security-web-6.5.2.jar:6.5.2]
	at org.springframework.security.web.authentication.ui.DefaultResourcesFilter.doFilter(DefaultResourcesFilter.java:72) ~[spring-security-web-6.5.2.jar:6.5.2]
	at org.springframework.security.web.FilterChainProxy$VirtualFilterChain.doFilter(FilterChainProxy.java:374) ~[spring-security-web-6.5.2.jar:6.5.2]
	at com.project.ProjectS.security.filter.JwtAuthenticationFilter.doFilterInternal(JwtAuthenticationFilter.java:115) ~[classes/:?]
	at org.springframework.web.filter.OncePerRequestFilter.doFilter(OncePerRequestFilter.java:116) ~[spring-web-6.2.9.jar:6.2.9]
	at org.springframework.security.web.FilterChainProxy$VirtualFilterChain.doFilter(FilterChainProxy.java:374) ~[spring-security-web-6.5.2.jar:6.5.2]
	at org.springframework.security.web.authentication.AbstractAuthenticationProcessingFilter.doFilter(AbstractAuthenticationProcessingFilter.java:235) ~[spring-security-web-6.5.2.jar:6.5.2]
	at org.springframework.security.web.authentication.AbstractAuthenticationProcessingFilter.doFilter(AbstractAuthenticationProcessingFilter.java:229) ~[spring-security-web-6.5.2.jar:6.5.2]
	at org.springframework.security.web.FilterChainProxy$VirtualFilterChain.doFilter(FilterChainProxy.java:374) ~[spring-security-web-6.5.2.jar:6.5.2]
	at org.springframework.security.oauth2.client.web.OAuth2AuthorizationRequestRedirectFilter.doFilterInternal(OAuth2AuthorizationRequestRedirectFilter.java:198) ~[spring-security-oauth2-client-6.5.2.jar:6.5.2]
	at org.springframework.web.filter.OncePerRequestFilter.doFilter(OncePerRequestFilter.java:116) ~[spring-web-6.2.9.jar:6.2.9]
	at org.springframework.security.web.FilterChainProxy$VirtualFilterChain.doFilter(FilterChainProxy.java:374) ~[spring-security-web-6.5.2.jar:6.5.2]
	at org.springframework.security.web.authentication.logout.LogoutFilter.doFilter(LogoutFilter.java:107) ~[spring-security-web-6.5.2.jar:6.5.2]
	at org.springframework.security.web.authentication.logout.LogoutFilter.doFilter(LogoutFilter.java:93) ~[spring-security-web-6.5.2.jar:6.5.2]
	at org.springframework.security.web.FilterChainProxy$VirtualFilterChain.doFilter(FilterChainProxy.java:374) ~[spring-security-web-6.5.2.jar:6.5.2]
	at org.springframework.web.filter.CorsFilter.doFilterInternal(CorsFilter.java:91) ~[spring-web-6.2.9.jar:6.2.9]
	at org.springframework.web.filter.OncePerRequestFilter.doFilter(OncePerRequestFilter.java:116) ~[spring-web-6.2.9.jar:6.2.9]
	at org.springframework.security.web.FilterChainProxy$VirtualFilterChain.doFilter(FilterChainProxy.java:374) ~[spring-security-web-6.5.2.jar:6.5.2]
	at org.springframework.security.web.header.HeaderWriterFilter.doHeadersAfter(HeaderWriterFilter.java:90) ~[spring-security-web-6.5.2.jar:6.5.2]
	at org.springframework.security.web.header.HeaderWriterFilter.doFilterInternal(HeaderWriterFilter.java:75) ~[spring-security-web-6.5.2.jar:6.5.2]
	at org.springframework.web.filter.OncePerRequestFilter.doFilter(OncePerRequestFilter.java:116) ~[spring-web-6.2.9.jar:6.2.9]
	at org.springframework.security.web.FilterChainProxy$VirtualFilterChain.doFilter(FilterChainProxy.java:374) ~[spring-security-web-6.5.2.jar:6.5.2]
	at org.springframework.security.web.context.SecurityContextHolderFilter.doFilter(SecurityContextHolderFilter.java:82) ~[spring-security-web-6.5.2.jar:6.5.2]
	at org.springframework.security.web.context.SecurityContextHolderFilter.doFilter(SecurityContextHolderFilter.java:69) ~[spring-security-web-6.5.2.jar:6.5.2]
	at org.springframework.security.web.FilterChainProxy$VirtualFilterChain.doFilter(FilterChainProxy.java:374) ~[spring-security-web-6.5.2.jar:6.5.2]
	at org.springframework.security.web.context.request.async.WebAsyncManagerIntegrationFilter.doFilterInternal(WebAsyncManagerIntegrationFilter.java:62) ~[spring-security-web-6.5.2.jar:6.5.2]
	at org.springframework.web.filter.OncePerRequestFilter.doFilter(OncePerRequestFilter.java:116) ~[spring-web-6.2.9.jar:6.2.9]
	at org.springframework.security.web.FilterChainProxy$VirtualFilterChain.doFilter(FilterChainProxy.java:374) ~[spring-security-web-6.5.2.jar:6.5.2]
	at org.springframework.security.web.session.DisableEncodeUrlFilter.doFilterInternal(DisableEncodeUrlFilter.java:42) ~[spring-security-web-6.5.2.jar:6.5.2]
	at org.springframework.web.filter.OncePerRequestFilter.doFilter(OncePerRequestFilter.java:116) ~[spring-web-6.2.9.jar:6.2.9]
	at org.springframework.security.web.FilterChainProxy$VirtualFilterChain.doFilter(FilterChainProxy.java:374) ~[spring-security-web-6.5.2.jar:6.5.2]
	at org.springframework.security.web.FilterChainProxy.doFilterInternal(FilterChainProxy.java:233) ~[spring-security-web-6.5.2.jar:6.5.2]
	at org.springframework.security.web.FilterChainProxy.doFilter(FilterChainProxy.java:191) ~[spring-security-web-6.5.2.jar:6.5.2]
	at org.springframework.web.filter.CompositeFilter$VirtualFilterChain.doFilter(CompositeFilter.java:113) ~[spring-web-6.2.9.jar:6.2.9]
	at org.springframework.web.filter.ServletRequestPathFilter.doFilter(ServletRequestPathFilter.java:52) ~[spring-web-6.2.9.jar:6.2.9]
	at org.springframework.web.filter.CompositeFilter$VirtualFilterChain.doFilter(CompositeFilter.java:113) ~[spring-web-6.2.9.jar:6.2.9]
	at org.springframework.web.filter.CompositeFilter.doFilter(CompositeFilter.java:74) ~[spring-web-6.2.9.jar:6.2.9]
	at org.springframework.security.config.annotation.web.configuration.WebSecurityConfiguration$CompositeFilterChainProxy.doFilter(WebSecurityConfiguration.java:319) ~[spring-security-config-6.5.2.jar:6.5.2]
	at org.springframework.web.filter.CompositeFilter$VirtualFilterChain.doFilter(CompositeFilter.java:113) ~[spring-web-6.2.9.jar:6.2.9]
	at org.springframework.web.servlet.handler.HandlerMappingIntrospector.lambda$createCacheFilter$4(HandlerMappingIntrospector.java:267) ~[spring-webmvc-6.2.9.jar:6.2.9]
	at org.springframework.web.filter.CompositeFilter$VirtualFilterChain.doFilter(CompositeFilter.java:113) ~[spring-web-6.2.9.jar:6.2.9]
	at org.springframework.web.filter.CompositeFilter.doFilter(CompositeFilter.java:74) ~[spring-web-6.2.9.jar:6.2.9]
	at org.springframework.security.config.annotation.web.configuration.WebMvcSecurityConfiguration$CompositeFilterChainProxy.doFilter(WebMvcSecurityConfiguration.java:240) ~[spring-security-config-6.5.2.jar:6.5.2]
	at org.springframework.web.filter.DelegatingFilterProxy.invokeDelegate(DelegatingFilterProxy.java:362) ~[spring-web-6.2.9.jar:6.2.9]
	at org.springframework.web.filter.DelegatingFilterProxy.doFilter(DelegatingFilterProxy.java:278) ~[spring-web-6.2.9.jar:6.2.9]
	at org.apache.catalina.core.ApplicationFilterChain.internalDoFilter(ApplicationFilterChain.java:164) ~[tomcat-embed-core-10.1.43.jar:10.1.43]
	at org.apache.catalina.core.ApplicationFilterChain.doFilter(ApplicationFilterChain.java:140) ~[tomcat-embed-core-10.1.43.jar:10.1.43]
	at org.springframework.web.filter.RequestContextFilter.doFilterInternal(RequestContextFilter.java:100) ~[spring-web-6.2.9.jar:6.2.9]
	at org.springframework.web.filter.OncePerRequestFilter.doFilter(OncePerRequestFilter.java:116) ~[spring-web-6.2.9.jar:6.2.9]
	at org.apache.catalina.core.ApplicationFilterChain.internalDoFilter(ApplicationFilterChain.java:164) ~[tomcat-embed-core-10.1.43.jar:10.1.43]
	at org.apache.catalina.core.ApplicationFilterChain.doFilter(ApplicationFilterChain.java:140) ~[tomcat-embed-core-10.1.43.jar:10.1.43]
	at org.springframework.web.filter.FormContentFilter.doFilterInternal(FormContentFilter.java:93) ~[spring-web-6.2.9.jar:6.2.9]
	at org.springframework.web.filter.OncePerRequestFilter.doFilter(OncePerRequestFilter.java:116) ~[spring-web-6.2.9.jar:6.2.9]
	at org.apache.catalina.core.ApplicationFilterChain.internalDoFilter(ApplicationFilterChain.java:164) ~[tomcat-embed-core-10.1.43.jar:10.1.43]
	at org.apache.catalina.core.ApplicationFilterChain.doFilter(ApplicationFilterChain.java:140) ~[tomcat-embed-core-10.1.43.jar:10.1.43]
	at org.springframework.web.filter.CharacterEncodingFilter.doFilterInternal(CharacterEncodingFilter.java:201) ~[spring-web-6.2.9.jar:6.2.9]
	at org.springframework.web.filter.OncePerRequestFilter.doFilter(OncePerRequestFilter.java:116) ~[spring-web-6.2.9.jar:6.2.9]
	at org.apache.catalina.core.ApplicationFilterChain.internalDoFilter(ApplicationFilterChain.java:164) ~[tomcat-embed-core-10.1.43.jar:10.1.43]
	at org.apache.catalina.core.ApplicationFilterChain.doFilter(ApplicationFilterChain.java:140) ~[tomcat-embed-core-10.1.43.jar:10.1.43]
	at org.springframework.web.filter.OncePerRequestFilter.doFilter(OncePerRequestFilter.java:101) ~[spring-web-6.2.9.jar:6.2.9]
	at org.apache.catalina.core.ApplicationFilterChain.internalDoFilter(ApplicationFilterChain.java:164) ~[tomcat-embed-core-10.1.43.jar:10.1.43]
	at org.apache.catalina.core.ApplicationFilterChain.doFilter(ApplicationFilterChain.java:140) ~[tomcat-embed-core-10.1.43.jar:10.1.43]
	at org.apache.catalina.core.StandardWrapperValve.invoke(StandardWrapperValve.java:167) [tomcat-embed-core-10.1.43.jar:10.1.43]
	at org.apache.catalina.core.StandardContextValve.invoke(StandardContextValve.java:90) [tomcat-embed-core-10.1.43.jar:10.1.43]
	at org.apache.catalina.authenticator.AuthenticatorBase.invoke(AuthenticatorBase.java:483) [tomcat-embed-core-10.1.43.jar:10.1.43]
	at org.apache.catalina.core.StandardHostValve.invoke(StandardHostValve.java:116) [tomcat-embed-core-10.1.43.jar:10.1.43]
	at org.apache.catalina.valves.ErrorReportValve.invoke(ErrorReportValve.java:93) [tomcat-embed-core-10.1.43.jar:10.1.43]
	at org.apache.catalina.core.StandardEngineValve.invoke(StandardEngineValve.java:74) [tomcat-embed-core-10.1.43.jar:10.1.43]
	at org.apache.catalina.connector.CoyoteAdapter.service(CoyoteAdapter.java:344) [tomcat-embed-core-10.1.43.jar:10.1.43]
	at org.apache.coyote.http11.Http11Processor.service(Http11Processor.java:398) [tomcat-embed-core-10.1.43.jar:10.1.43]
	at org.apache.coyote.AbstractProcessorLight.process(AbstractProcessorLight.java:63) [tomcat-embed-core-10.1.43.jar:10.1.43]
	at org.apache.coyote.AbstractProtocol$ConnectionHandler.process(AbstractProtocol.java:903) [tomcat-embed-core-10.1.43.jar:10.1.43]
	at org.apache.tomcat.util.net.NioEndpoint$SocketProcessor.doRun(NioEndpoint.java:1769) [tomcat-embed-core-10.1.43.jar:10.1.43]
	at org.apache.tomcat.util.net.SocketProcessorBase.run(SocketProcessorBase.java:52) [tomcat-embed-core-10.1.43.jar:10.1.43]
	at org.apache.tomcat.util.threads.ThreadPoolExecutor.runWorker(ThreadPoolExecutor.java:1189) [tomcat-embed-core-10.1.43.jar:10.1.43]
	at org.apache.tomcat.util.threads.ThreadPoolExecutor$Worker.run(ThreadPoolExecutor.java:658) [tomcat-embed-core-10.1.43.jar:10.1.43]
	at org.apache.tomcat.util.threads.TaskThread$WrappingRunnable.run(TaskThread.java:63) [tomcat-embed-core-10.1.43.jar:10.1.43]
	at java.base/java.lang.Thread.run(Thread.java:1516) [?:?]
2026-10-06 08:17:58 DEBUG [http-nio-0.0.0.0-8080-exec-5] FilterChainProxy - Securing POST /error
2026-10-06 08:17:58 DEBUG [http-nio-0.0.0.0-8080-exec-5] FilterChainProxy - Secured POST /error
2026-10-06 08:17:58 DEBUG [http-nio-0.0.0.0-8080-exec-5] AnonymousAuthenticationFilter - Set SecurityContextHolder to anonymous SecurityContext
2026-10-06 08:18:04 DEBUG [http-nio-0.0.0.0-8080-exec-7] FilterChainProxy - Securing OPTIONS /api/activity-sessions/heartbeat
2026-10-06 08:18:04 DEBUG [http-nio-0.0.0.0-8080-exec-11] FilterChainProxy - Securing POST /api/activity-sessions/heartbeat
2026-10-06 08:18:04 INFO  [http-nio-0.0.0.0-8080-exec-11] JwtAuthenticationFilter - JWT AUTHENTICATION SUCCESS
2026-10-06 08:18:04 DEBUG [http-nio-0.0.0.0-8080-exec-11] FilterChainProxy - Secured POST /api/activity-sessions/heartbeat
2026-10-06 08:18:05 DEBUG [http-nio-0.0.0.0-8080-exec-2] FilterChainProxy - Securing OPTIONS /api/users/student
2026-10-06 08:18:05 DEBUG [http-nio-0.0.0.0-8080-exec-3] FilterChainProxy - Securing POST /api/users/student
2026-10-06 08:18:05 INFO  [http-nio-0.0.0.0-8080-exec-3] JwtAuthenticationFilter - JWT AUTHENTICATION SUCCESS
2026-10-06 08:18:05 DEBUG [http-nio-0.0.0.0-8080-exec-3] FilterChainProxy - Secured POST /api/users/student
2026-10-06 08:18:05 ERROR [http-nio-0.0.0.0-8080-exec-3] [dispatcherServlet] - Servlet.service() for servlet [dispatcherServlet] in context with path [] threw exception [Request processing failed: java.lang.RuntimeException: User already exists with email: charan@gmail.com] with root cause
java.lang.RuntimeException: User already exists with email: charan@gmail.com
	at com.project.ProjectS.service.UserService.validateUser(UserService.java:649) ~[classes/:?]
	at com.project.ProjectS.service.UserService.createStudent(UserService.java:216) ~[classes/:?]
	at java.base/jdk.internal.reflect.DirectMethodHandleAccessor.invoke(DirectMethodHandleAccessor.java:104) ~[?:?]
	at java.base/java.lang.reflect.Method.invoke(Method.java:565) ~[?:?]
	at org.springframework.aop.support.AopUtils.invokeJoinpointUsingReflection(AopUtils.java:360) ~[spring-aop-6.2.9.jar:6.2.9]
	at org.springframework.aop.framework.ReflectiveMethodInvocation.invokeJoinpoint(ReflectiveMethodInvocation.java:196) ~[spring-aop-6.2.9.jar:6.2.9]
	at org.springframework.aop.framework.ReflectiveMethodInvocation.proceed(ReflectiveMethodInvocation.java:163) ~[spring-aop-6.2.9.jar:6.2.9]
	at org.springframework.transaction.interceptor.TransactionAspectSupport.invokeWithinTransaction(TransactionAspectSupport.java:380) ~[spring-tx-6.2.9.jar:6.2.9]
	at org.springframework.transaction.interceptor.TransactionInterceptor.invoke(TransactionInterceptor.java:119) ~[spring-tx-6.2.9.jar:6.2.9]
	at org.springframework.aop.framework.ReflectiveMethodInvocation.proceed(ReflectiveMethodInvocation.java:184) ~[spring-aop-6.2.9.jar:6.2.9]
	at org.springframework.aop.framework.CglibAopProxy$DynamicAdvisedInterceptor.intercept(CglibAopProxy.java:728) ~[spring-aop-6.2.9.jar:6.2.9]
	at com.project.ProjectS.service.UserService$$SpringCGLIB$$0.createStudent(<generated>) ~[classes/:?]
	at com.project.ProjectS.controller.UserController.createStudent(UserController.java:70) ~[classes/:?]
	at java.base/jdk.internal.reflect.DirectMethodHandleAccessor.invoke(DirectMethodHandleAccessor.java:104) ~[?:?]
	at java.base/java.lang.reflect.Method.invoke(Method.java:565) ~[?:?]
	at org.springframework.web.method.support.InvocableHandlerMethod.doInvoke(InvocableHandlerMethod.java:258) ~[spring-web-6.2.9.jar:6.2.9]
	at org.springframework.web.method.support.InvocableHandlerMethod.invokeForRequest(InvocableHandlerMethod.java:191) ~[spring-web-6.2.9.jar:6.2.9]
	at org.springframework.web.servlet.mvc.method.annotation.ServletInvocableHandlerMethod.invokeAndHandle(ServletInvocableHandlerMethod.java:118) ~[spring-webmvc-6.2.9.jar:6.2.9]
	at org.springframework.web.servlet.mvc.method.annotation.RequestMappingHandlerAdapter.invokeHandlerMethod(RequestMappingHandlerAdapter.java:991) ~[spring-webmvc-6.2.9.jar:6.2.9]
	at org.springframework.web.servlet.mvc.method.annotation.RequestMappingHandlerAdapter.handleInternal(RequestMappingHandlerAdapter.java:896) ~[spring-webmvc-6.2.9.jar:6.2.9]
	at org.springframework.web.servlet.mvc.method.AbstractHandlerMethodAdapter.handle(AbstractHandlerMethodAdapter.java:87) ~[spring-webmvc-6.2.9.jar:6.2.9]
	at org.springframework.web.servlet.DispatcherServlet.doDispatch(DispatcherServlet.java:1089) ~[spring-webmvc-6.2.9.jar:6.2.9]
	at org.springframework.web.servlet.DispatcherServlet.doService(DispatcherServlet.java:979) ~[spring-webmvc-6.2.9.jar:6.2.9]
	at org.springframework.web.servlet.FrameworkServlet.processRequest(FrameworkServlet.java:1014) ~[spring-webmvc-6.2.9.jar:6.2.9]
	at org.springframework.web.servlet.FrameworkServlet.doPost(FrameworkServlet.java:914) ~[spring-webmvc-6.2.9.jar:6.2.9]
	at jakarta.servlet.http.HttpServlet.service(HttpServlet.java:590) ~[tomcat-embed-core-10.1.43.jar:6.0]
	at org.springframework.web.servlet.FrameworkServlet.service(FrameworkServlet.java:885) ~[spring-webmvc-6.2.9.jar:6.2.9]
	at jakarta.servlet.http.HttpServlet.service(HttpServlet.java:658) ~[tomcat-embed-core-10.1.43.jar:6.0]
	at org.apache.catalina.core.ApplicationFilterChain.internalDoFilter(ApplicationFilterChain.java:195) ~[tomcat-embed-core-10.1.43.jar:10.1.43]
	at org.apache.catalina.core.ApplicationFilterChain.doFilter(ApplicationFilterChain.java:140) ~[tomcat-embed-core-10.1.43.jar:10.1.43]
	at org.apache.tomcat.websocket.server.WsFilter.doFilter(WsFilter.java:51) ~[tomcat-embed-websocket-10.1.43.jar:10.1.43]
	at org.apache.catalina.core.ApplicationFilterChain.internalDoFilter(ApplicationFilterChain.java:164) ~[tomcat-embed-core-10.1.43.jar:10.1.43]
	at org.apache.catalina.core.ApplicationFilterChain.doFilter(ApplicationFilterChain.java:140) ~[tomcat-embed-core-10.1.43.jar:10.1.43]
	at org.springframework.web.filter.OncePerRequestFilter.doFilter(OncePerRequestFilter.java:110) ~[spring-web-6.2.9.jar:6.2.9]
	at org.apache.catalina.core.ApplicationFilterChain.internalDoFilter(ApplicationFilterChain.java:164) ~[tomcat-embed-core-10.1.43.jar:10.1.43]
	at org.apache.catalina.core.ApplicationFilterChain.doFilter(ApplicationFilterChain.java:140) ~[tomcat-embed-core-10.1.43.jar:10.1.43]
	at org.springframework.web.filter.OncePerRequestFilter.doFilter(OncePerRequestFilter.java:110) ~[spring-web-6.2.9.jar:6.2.9]
	at org.apache.catalina.core.ApplicationFilterChain.internalDoFilter(ApplicationFilterChain.java:164) ~[tomcat-embed-core-10.1.43.jar:10.1.43]
	at org.apache.catalina.core.ApplicationFilterChain.doFilter(ApplicationFilterChain.java:140) ~[tomcat-embed-core-10.1.43.jar:10.1.43]
	at org.springframework.web.filter.CompositeFilter$VirtualFilterChain.doFilter(CompositeFilter.java:108) ~[spring-web-6.2.9.jar:6.2.9]
	at org.springframework.web.filter.CompositeFilter$VirtualFilterChain.doFilter(CompositeFilter.java:108) ~[spring-web-6.2.9.jar:6.2.9]
	at org.springframework.security.web.FilterChainProxy.lambda$doFilterInternal$3(FilterChainProxy.java:231) ~[spring-security-web-6.5.2.jar:6.5.2]
	at org.springframework.security.web.FilterChainProxy$VirtualFilterChain.doFilter(FilterChainProxy.java:365) ~[spring-security-web-6.5.2.jar:6.5.2]
	at org.springframework.security.web.access.intercept.AuthorizationFilter.doFilter(AuthorizationFilter.java:101) ~[spring-security-web-6.5.2.jar:6.5.2]
	at org.springframework.security.web.FilterChainProxy$VirtualFilterChain.doFilter(FilterChainProxy.java:374) ~[spring-security-web-6.5.2.jar:6.5.2]
	at org.springframework.security.web.access.ExceptionTranslationFilter.doFilter(ExceptionTranslationFilter.java:125) ~[spring-security-web-6.5.2.jar:6.5.2]
	at org.springframework.security.web.access.ExceptionTranslationFilter.doFilter(ExceptionTranslationFilter.java:119) ~[spring-security-web-6.5.2.jar:6.5.2]
	at org.springframework.security.web.FilterChainProxy$VirtualFilterChain.doFilter(FilterChainProxy.java:374) ~[spring-security-web-6.5.2.jar:6.5.2]
	at org.springframework.security.web.session.SessionManagementFilter.doFilter(SessionManagementFilter.java:131) ~[spring-security-web-6.5.2.jar:6.5.2]
	at org.springframework.security.web.session.SessionManagementFilter.doFilter(SessionManagementFilter.java:85) ~[spring-security-web-6.5.2.jar:6.5.2]
	at org.springframework.security.web.FilterChainProxy$VirtualFilterChain.doFilter(FilterChainProxy.java:374) ~[spring-security-web-6.5.2.jar:6.5.2]
	at org.springframework.security.web.authentication.AnonymousAuthenticationFilter.doFilter(AnonymousAuthenticationFilter.java:100) ~[spring-security-web-6.5.2.jar:6.5.2]
	at org.springframework.security.web.FilterChainProxy$VirtualFilterChain.doFilter(FilterChainProxy.java:374) ~[spring-security-web-6.5.2.jar:6.5.2]
	at org.springframework.security.web.servletapi.SecurityContextHolderAwareRequestFilter.doFilter(SecurityContextHolderAwareRequestFilter.java:179) ~[spring-security-web-6.5.2.jar:6.5.2]
	at org.springframework.security.web.FilterChainProxy$VirtualFilterChain.doFilter(FilterChainProxy.java:374) ~[spring-security-web-6.5.2.jar:6.5.2]
	at org.springframework.security.web.savedrequest.RequestCacheAwareFilter.doFilter(RequestCacheAwareFilter.java:63) ~[spring-security-web-6.5.2.jar:6.5.2]
	at org.springframework.security.web.FilterChainProxy$VirtualFilterChain.doFilter(FilterChainProxy.java:374) ~[spring-security-web-6.5.2.jar:6.5.2]
	at org.springframework.security.web.authentication.ui.DefaultLogoutPageGeneratingFilter.doFilterInternal(DefaultLogoutPageGeneratingFilter.java:59) ~[spring-security-web-6.5.2.jar:6.5.2]
	at org.springframework.web.filter.OncePerRequestFilter.doFilter(OncePerRequestFilter.java:116) ~[spring-web-6.2.9.jar:6.2.9]
	at org.springframework.security.web.FilterChainProxy$VirtualFilterChain.doFilter(FilterChainProxy.java:374) ~[spring-security-web-6.5.2.jar:6.5.2]
	at org.springframework.security.web.authentication.ui.DefaultLoginPageGeneratingFilter.doFilter(DefaultLoginPageGeneratingFilter.java:216) ~[spring-security-web-6.5.2.jar:6.5.2]
	at org.springframework.security.web.authentication.ui.DefaultLoginPageGeneratingFilter.doFilter(DefaultLoginPageGeneratingFilter.java:202) ~[spring-security-web-6.5.2.jar:6.5.2]
	at org.springframework.security.web.FilterChainProxy$VirtualFilterChain.doFilter(FilterChainProxy.java:374) ~[spring-security-web-6.5.2.jar:6.5.2]
	at org.springframework.security.web.authentication.ui.DefaultResourcesFilter.doFilter(DefaultResourcesFilter.java:72) ~[spring-security-web-6.5.2.jar:6.5.2]
	at org.springframework.security.web.FilterChainProxy$VirtualFilterChain.doFilter(FilterChainProxy.java:374) ~[spring-security-web-6.5.2.jar:6.5.2]
	at com.project.ProjectS.security.filter.JwtAuthenticationFilter.doFilterInternal(JwtAuthenticationFilter.java:115) ~[classes/:?]
	at org.springframework.web.filter.OncePerRequestFilter.doFilter(OncePerRequestFilter.java:116) ~[spring-web-6.2.9.jar:6.2.9]
	at org.springframework.security.web.FilterChainProxy$VirtualFilterChain.doFilter(FilterChainProxy.java:374) ~[spring-security-web-6.5.2.jar:6.5.2]
	at org.springframework.security.web.authentication.AbstractAuthenticationProcessingFilter.doFilter(AbstractAuthenticationProcessingFilter.java:235) ~[spring-security-web-6.5.2.jar:6.5.2]
	at org.springframework.security.web.authentication.AbstractAuthenticationProcessingFilter.doFilter(AbstractAuthenticationProcessingFilter.java:229) ~[spring-security-web-6.5.2.jar:6.5.2]
	at org.springframework.security.web.FilterChainProxy$VirtualFilterChain.doFilter(FilterChainProxy.java:374) ~[spring-security-web-6.5.2.jar:6.5.2]
	at org.springframework.security.oauth2.client.web.OAuth2AuthorizationRequestRedirectFilter.doFilterInternal(OAuth2AuthorizationRequestRedirectFilter.java:198) ~[spring-security-oauth2-client-6.5.2.jar:6.5.2]
	at org.springframework.web.filter.OncePerRequestFilter.doFilter(OncePerRequestFilter.java:116) ~[spring-web-6.2.9.jar:6.2.9]
	at org.springframework.security.web.FilterChainProxy$VirtualFilterChain.doFilter(FilterChainProxy.java:374) ~[spring-security-web-6.5.2.jar:6.5.2]
	at org.springframework.security.web.authentication.logout.LogoutFilter.doFilter(LogoutFilter.java:107) ~[spring-security-web-6.5.2.jar:6.5.2]
	at org.springframework.security.web.authentication.logout.LogoutFilter.doFilter(LogoutFilter.java:93) ~[spring-security-web-6.5.2.jar:6.5.2]
	at org.springframework.security.web.FilterChainProxy$VirtualFilterChain.doFilter(FilterChainProxy.java:374) ~[spring-security-web-6.5.2.jar:6.5.2]
	at org.springframework.web.filter.CorsFilter.doFilterInternal(CorsFilter.java:91) ~[spring-web-6.2.9.jar:6.2.9]
	at org.springframework.web.filter.OncePerRequestFilter.doFilter(OncePerRequestFilter.java:116) ~[spring-web-6.2.9.jar:6.2.9]
	at org.springframework.security.web.FilterChainProxy$VirtualFilterChain.doFilter(FilterChainProxy.java:374) ~[spring-security-web-6.5.2.jar:6.5.2]
	at org.springframework.security.web.header.HeaderWriterFilter.doHeadersAfter(HeaderWriterFilter.java:90) ~[spring-security-web-6.5.2.jar:6.5.2]
	at org.springframework.security.web.header.HeaderWriterFilter.doFilterInternal(HeaderWriterFilter.java:75) ~[spring-security-web-6.5.2.jar:6.5.2]
	at org.springframework.web.filter.OncePerRequestFilter.doFilter(OncePerRequestFilter.java:116) ~[spring-web-6.2.9.jar:6.2.9]
	at org.springframework.security.web.FilterChainProxy$VirtualFilterChain.doFilter(FilterChainProxy.java:374) ~[spring-security-web-6.5.2.jar:6.5.2]
	at org.springframework.security.web.context.SecurityContextHolderFilter.doFilter(SecurityContextHolderFilter.java:82) ~[spring-security-web-6.5.2.jar:6.5.2]
	at org.springframework.security.web.context.SecurityContextHolderFilter.doFilter(SecurityContextHolderFilter.java:69) ~[spring-security-web-6.5.2.jar:6.5.2]
	at org.springframework.security.web.FilterChainProxy$VirtualFilterChain.doFilter(FilterChainProxy.java:374) ~[spring-security-web-6.5.2.jar:6.5.2]
	at org.springframework.security.web.context.request.async.WebAsyncManagerIntegrationFilter.doFilterInternal(WebAsyncManagerIntegrationFilter.java:62) ~[spring-security-web-6.5.2.jar:6.5.2]
	at org.springframework.web.filter.OncePerRequestFilter.doFilter(OncePerRequestFilter.java:116) ~[spring-web-6.2.9.jar:6.2.9]
	at org.springframework.security.web.FilterChainProxy$VirtualFilterChain.doFilter(FilterChainProxy.java:374) ~[spring-security-web-6.5.2.jar:6.5.2]
	at org.springframework.security.web.session.DisableEncodeUrlFilter.doFilterInternal(DisableEncodeUrlFilter.java:42) ~[spring-security-web-6.5.2.jar:6.5.2]
	at org.springframework.web.filter.OncePerRequestFilter.doFilter(OncePerRequestFilter.java:116) ~[spring-web-6.2.9.jar:6.2.9]
	at org.springframework.security.web.FilterChainProxy$VirtualFilterChain.doFilter(FilterChainProxy.java:374) ~[spring-security-web-6.5.2.jar:6.5.2]
	at org.springframework.security.web.FilterChainProxy.doFilterInternal(FilterChainProxy.java:233) ~[spring-security-web-6.5.2.jar:6.5.2]
	at org.springframework.security.web.FilterChainProxy.doFilter(FilterChainProxy.java:191) ~[spring-security-web-6.5.2.jar:6.5.2]
	at org.springframework.web.filter.CompositeFilter$VirtualFilterChain.doFilter(CompositeFilter.java:113) ~[spring-web-6.2.9.jar:6.2.9]
	at org.springframework.web.filter.ServletRequestPathFilter.doFilter(ServletRequestPathFilter.java:52) ~[spring-web-6.2.9.jar:6.2.9]
	at org.springframework.web.filter.CompositeFilter$VirtualFilterChain.doFilter(CompositeFilter.java:113) ~[spring-web-6.2.9.jar:6.2.9]
	at org.springframework.web.filter.CompositeFilter.doFilter(CompositeFilter.java:74) ~[spring-web-6.2.9.jar:6.2.9]
	at org.springframework.security.config.annotation.web.configuration.WebSecurityConfiguration$CompositeFilterChainProxy.doFilter(WebSecurityConfiguration.java:319) ~[spring-security-config-6.5.2.jar:6.5.2]
	at org.springframework.web.filter.CompositeFilter$VirtualFilterChain.doFilter(CompositeFilter.java:113) ~[spring-web-6.2.9.jar:6.2.9]
	at org.springframework.web.servlet.handler.HandlerMappingIntrospector.lambda$createCacheFilter$4(HandlerMappingIntrospector.java:267) ~[spring-webmvc-6.2.9.jar:6.2.9]
	at org.springframework.web.filter.CompositeFilter$VirtualFilterChain.doFilter(CompositeFilter.java:113) ~[spring-web-6.2.9.jar:6.2.9]
	at org.springframework.web.filter.CompositeFilter.doFilter(CompositeFilter.java:74) ~[spring-web-6.2.9.jar:6.2.9]
	at org.springframework.security.config.annotation.web.configuration.WebMvcSecurityConfiguration$CompositeFilterChainProxy.doFilter(WebMvcSecurityConfiguration.java:240) ~[spring-security-config-6.5.2.jar:6.5.2]
	at org.springframework.web.filter.DelegatingFilterProxy.invokeDelegate(DelegatingFilterProxy.java:362) ~[spring-web-6.2.9.jar:6.2.9]
	at org.springframework.web.filter.DelegatingFilterProxy.doFilter(DelegatingFilterProxy.java:278) ~[spring-web-6.2.9.jar:6.2.9]
	at org.apache.catalina.core.ApplicationFilterChain.internalDoFilter(ApplicationFilterChain.java:164) ~[tomcat-embed-core-10.1.43.jar:10.1.43]
	at org.apache.catalina.core.ApplicationFilterChain.doFilter(ApplicationFilterChain.java:140) ~[tomcat-embed-core-10.1.43.jar:10.1.43]
	at org.springframework.web.filter.RequestContextFilter.doFilterInternal(RequestContextFilter.java:100) ~[spring-web-6.2.9.jar:6.2.9]
	at org.springframework.web.filter.OncePerRequestFilter.doFilter(OncePerRequestFilter.java:116) ~[spring-web-6.2.9.jar:6.2.9]
	at org.apache.catalina.core.ApplicationFilterChain.internalDoFilter(ApplicationFilterChain.java:164) ~[tomcat-embed-core-10.1.43.jar:10.1.43]
	at org.apache.catalina.core.ApplicationFilterChain.doFilter(ApplicationFilterChain.java:140) ~[tomcat-embed-core-10.1.43.jar:10.1.43]
	at org.springframework.web.filter.FormContentFilter.doFilterInternal(FormContentFilter.java:93) ~[spring-web-6.2.9.jar:6.2.9]
	at org.springframework.web.filter.OncePerRequestFilter.doFilter(OncePerRequestFilter.java:116) ~[spring-web-6.2.9.jar:6.2.9]
	at org.apache.catalina.core.ApplicationFilterChain.internalDoFilter(ApplicationFilterChain.java:164) ~[tomcat-embed-core-10.1.43.jar:10.1.43]
	at org.apache.catalina.core.ApplicationFilterChain.doFilter(ApplicationFilterChain.java:140) ~[tomcat-embed-core-10.1.43.jar:10.1.43]
	at org.springframework.web.filter.CharacterEncodingFilter.doFilterInternal(CharacterEncodingFilter.java:201) ~[spring-web-6.2.9.jar:6.2.9]
	at org.springframework.web.filter.OncePerRequestFilter.doFilter(OncePerRequestFilter.java:116) ~[spring-web-6.2.9.jar:6.2.9]
	at org.apache.catalina.core.ApplicationFilterChain.internalDoFilter(ApplicationFilterChain.java:164) ~[tomcat-embed-core-10.1.43.jar:10.1.43]
	at org.apache.catalina.core.ApplicationFilterChain.doFilter(ApplicationFilterChain.java:140) ~[tomcat-embed-core-10.1.43.jar:10.1.43]
	at org.springframework.web.filter.OncePerRequestFilter.doFilter(OncePerRequestFilter.java:101) ~[spring-web-6.2.9.jar:6.2.9]
	at org.apache.catalina.core.ApplicationFilterChain.internalDoFilter(ApplicationFilterChain.java:164) ~[tomcat-embed-core-10.1.43.jar:10.1.43]
	at org.apache.catalina.core.ApplicationFilterChain.doFilter(ApplicationFilterChain.java:140) ~[tomcat-embed-core-10.1.43.jar:10.1.43]
	at org.apache.catalina.core.StandardWrapperValve.invoke(StandardWrapperValve.java:167) [tomcat-embed-core-10.1.43.jar:10.1.43]
	at org.apache.catalina.core.StandardContextValve.invoke(StandardContextValve.java:90) [tomcat-embed-core-10.1.43.jar:10.1.43]
	at org.apache.catalina.authenticator.AuthenticatorBase.invoke(AuthenticatorBase.java:483) [tomcat-embed-core-10.1.43.jar:10.1.43]
	at org.apache.catalina.core.StandardHostValve.invoke(StandardHostValve.java:116) [tomcat-embed-core-10.1.43.jar:10.1.43]
	at org.apache.catalina.valves.ErrorReportValve.invoke(ErrorReportValve.java:93) [tomcat-embed-core-10.1.43.jar:10.1.43]
	at org.apache.catalina.core.StandardEngineValve.invoke(StandardEngineValve.java:74) [tomcat-embed-core-10.1.43.jar:10.1.43]
	at org.apache.catalina.connector.CoyoteAdapter.service(CoyoteAdapter.java:344) [tomcat-embed-core-10.1.43.jar:10.1.43]
	at org.apache.coyote.http11.Http11Processor.service(Http11Processor.java:398) [tomcat-embed-core-10.1.43.jar:10.1.43]
	at org.apache.coyote.AbstractProcessorLight.process(AbstractProcessorLight.java:63) [tomcat-embed-core-10.1.43.jar:10.1.43]
	at org.apache.coyote.AbstractProtocol$ConnectionHandler.process(AbstractProtocol.java:903) [tomcat-embed-core-10.1.43.jar:10.1.43]
	at org.apache.tomcat.util.net.NioEndpoint$SocketProcessor.doRun(NioEndpoint.java:1769) [tomcat-embed-core-10.1.43.jar:10.1.43]
	at org.apache.tomcat.util.net.SocketProcessorBase.run(SocketProcessorBase.java:52) [tomcat-embed-core-10.1.43.jar:10.1.43]
	at org.apache.tomcat.util.threads.ThreadPoolExecutor.runWorker(ThreadPoolExecutor.java:1189) [tomcat-embed-core-10.1.43.jar:10.1.43]
	at org.apache.tomcat.util.threads.ThreadPoolExecutor$Worker.run(ThreadPoolExecutor.java:658) [tomcat-embed-core-10.1.43.jar:10.1.43]
	at org.apache.tomcat.util.threads.TaskThread$WrappingRunnable.run(TaskThread.java:63) [tomcat-embed-core-10.1.43.jar:10.1.43]
	at java.base/java.lang.Thread.run(Thread.java:1516) [?:?]
2026-10-06 08:18:05 DEBUG [http-nio-0.0.0.0-8080-exec-3] FilterChainProxy - Securing POST /error
2026-10-06 08:18:05 DEBUG [http-nio-0.0.0.0-8080-exec-3] FilterChainProxy - Secured POST /error
2026-10-06 08:18:05 DEBUG [http-nio-0.0.0.0-8080-exec-3] AnonymousAuthenticationFilter - Set SecurityContextHolder to anonymous SecurityContext
2026-10-06 08:18:23 DEBUG [http-nio-0.0.0.0-8080-exec-7] FilterChainProxy - Securing OPTIONS /api/users/student
2026-10-06 08:18:23 DEBUG [http-nio-0.0.0.0-8080-exec-11] FilterChainProxy - Securing POST /api/users/student
2026-10-06 08:18:23 INFO  [http-nio-0.0.0.0-8080-exec-11] JwtAuthenticationFilter - JWT AUTHENTICATION SUCCESS
2026-10-06 08:18:23 DEBUG [http-nio-0.0.0.0-8080-exec-11] FilterChainProxy - Secured POST /api/users/student
2026-10-06 08:18:23 DEBUG [http-nio-0.0.0.0-8080-exec-2] FilterChainProxy - Securing OPTIONS /api/users/students_Guest
2026-10-06 08:18:23 DEBUG [http-nio-0.0.0.0-8080-exec-3] FilterChainProxy - Securing GET /api/users/students_Guest
2026-10-06 08:18:23 INFO  [http-nio-0.0.0.0-8080-exec-3] JwtAuthenticationFilter - JWT AUTHENTICATION SUCCESS
2026-10-06 08:18:23 DEBUG [http-nio-0.0.0.0-8080-exec-3] FilterChainProxy - Secured GET /api/users/students_Guest
2026-10-06 08:18:33 DEBUG [http-nio-0.0.0.0-8080-exec-10] FilterChainProxy - Securing OPTIONS /api/activity-sessions/close
2026-10-06 08:18:33 DEBUG [http-nio-0.0.0.0-8080-exec-6] FilterChainProxy - Securing POST /api/activity-sessions/close
2026-10-06 08:18:33 INFO  [http-nio-0.0.0.0-8080-exec-6] JwtAuthenticationFilter - JWT AUTHENTICATION SUCCESS
2026-10-06 08:18:33 DEBUG [http-nio-0.0.0.0-8080-exec-6] FilterChainProxy - Secured POST /api/activity-sessions/close
2026-10-06 08:18:47 DEBUG [http-nio-0.0.0.0-8080-exec-9] FilterChainProxy - Securing OPTIONS /api/auth/login
2026-10-06 08:18:47 DEBUG [http-nio-0.0.0.0-8080-exec-4] FilterChainProxy - Securing POST /api/auth/login
2026-10-06 08:18:47 DEBUG [http-nio-0.0.0.0-8080-exec-4] AnonymousAuthenticationFilter - Set SecurityContextHolder to anonymous SecurityContext
2026-10-06 08:18:47 DEBUG [http-nio-0.0.0.0-8080-exec-4] SessionManagementFilter - Request requested invalid session id 37EDBE8F414E9DF93280F245EF022CF5
2026-10-06 08:18:47 DEBUG [http-nio-0.0.0.0-8080-exec-4] FilterChainProxy - Secured POST /api/auth/login
2026-10-06 08:18:47 DEBUG [http-nio-0.0.0.0-8080-exec-4] DaoAuthenticationProvider - Authenticated user
2026-10-06 08:18:48 DEBUG [http-nio-0.0.0.0-8080-exec-8] FilterChainProxy - Securing OPTIONS /api/notifications/mine/unread-count
2026-10-06 08:18:48 DEBUG [http-nio-0.0.0.0-8080-exec-12] FilterChainProxy - Securing OPTIONS /api/notifications/mine?limit=12
2026-10-06 08:18:48 DEBUG [http-nio-0.0.0.0-8080-exec-1] FilterChainProxy - Securing OPTIONS /api/course
2026-10-06 08:18:48 DEBUG [http-nio-0.0.0.0-8080-exec-5] FilterChainProxy - Securing OPTIONS /api/subjects
2026-10-06 08:18:48 DEBUG [http-nio-0.0.0.0-8080-exec-7] FilterChainProxy - Securing OPTIONS /api/chapter
2026-10-06 08:18:48 DEBUG [http-nio-0.0.0.0-8080-exec-11] FilterChainProxy - Securing OPTIONS /api/topics
2026-10-06 08:18:48 DEBUG [http-nio-0.0.0.0-8080-exec-2] FilterChainProxy - Securing GET /api/notifications/mine/unread-count
2026-10-06 08:18:48 DEBUG [http-nio-0.0.0.0-8080-exec-3] FilterChainProxy - Securing OPTIONS /api/questions
2026-10-06 08:18:48 DEBUG [http-nio-0.0.0.0-8080-exec-9] FilterChainProxy - Securing OPTIONS /api/activity-sessions
2026-10-06 08:18:48 DEBUG [http-nio-0.0.0.0-8080-exec-4] FilterChainProxy - Securing OPTIONS /api/notifications/mine?limit=12
2026-10-06 08:18:48 DEBUG [http-nio-0.0.0.0-8080-exec-6] FilterChainProxy - Securing OPTIONS /api/dashboard
2026-10-06 08:18:48 DEBUG [http-nio-0.0.0.0-8080-exec-10] FilterChainProxy - Securing OPTIONS /api/exams
2026-10-06 08:18:48 DEBUG [http-nio-0.0.0.0-8080-exec-8] FilterChainProxy - Securing GET /api/notifications/mine?limit=12
2026-10-06 08:18:48 INFO  [http-nio-0.0.0.0-8080-exec-2] JwtAuthenticationFilter - JWT AUTHENTICATION SUCCESS
2026-10-06 08:18:48 DEBUG [http-nio-0.0.0.0-8080-exec-2] FilterChainProxy - Secured GET /api/notifications/mine/unread-count
2026-10-06 08:18:48 DEBUG [http-nio-0.0.0.0-8080-exec-5] FilterChainProxy - Securing GET /api/subjects
2026-10-06 08:18:48 DEBUG [http-nio-0.0.0.0-8080-exec-12] FilterChainProxy - Securing OPTIONS /api/notifications/mine/unread-count
2026-10-06 08:18:48 DEBUG [http-nio-0.0.0.0-8080-exec-1] FilterChainProxy - Securing GET /api/course
2026-10-06 08:18:48 INFO  [http-nio-0.0.0.0-8080-exec-8] JwtAuthenticationFilter - JWT AUTHENTICATION SUCCESS
2026-10-06 08:18:48 DEBUG [http-nio-0.0.0.0-8080-exec-8] FilterChainProxy - Secured GET /api/notifications/mine?limit=12
2026-10-06 08:18:48 INFO  [http-nio-0.0.0.0-8080-exec-1] JwtAuthenticationFilter - JWT AUTHENTICATION SUCCESS
2026-10-06 08:18:48 INFO  [http-nio-0.0.0.0-8080-exec-5] JwtAuthenticationFilter - JWT AUTHENTICATION SUCCESS
2026-10-06 08:18:48 DEBUG [http-nio-0.0.0.0-8080-exec-5] FilterChainProxy - Secured GET /api/subjects
2026-10-06 08:18:48 DEBUG [http-nio-0.0.0.0-8080-exec-1] FilterChainProxy - Secured GET /api/course
2026-10-06 08:18:48 INFO  [http-nio-0.0.0.0-8080-exec-1] CourseController - Received request to fetch all courses.
2026-10-06 08:18:48 INFO  [http-nio-0.0.0.0-8080-exec-1] CourseService - Fetching all courses.
2026-10-06 08:18:48 INFO  [http-nio-0.0.0.0-8080-exec-1] CourseService - Fetched 1 courses.
2026-10-06 08:18:48 INFO  [http-nio-0.0.0.0-8080-exec-1] CourseController - Fetched 1 courses successfully.
2026-10-06 08:18:48 DEBUG [http-nio-0.0.0.0-8080-exec-7] FilterChainProxy - Securing GET /api/topics
2026-10-06 08:18:48 DEBUG [http-nio-0.0.0.0-8080-exec-5] FilterChainProxy - Securing GET /api/chapter
2026-10-06 08:18:48 DEBUG [http-nio-0.0.0.0-8080-exec-3] FilterChainProxy - Securing OPTIONS /api/course
2026-10-06 08:18:48 INFO  [http-nio-0.0.0.0-8080-exec-7] JwtAuthenticationFilter - JWT AUTHENTICATION SUCCESS
2026-10-06 08:18:48 DEBUG [http-nio-0.0.0.0-8080-exec-7] FilterChainProxy - Secured GET /api/topics
2026-10-06 08:18:48 INFO  [http-nio-0.0.0.0-8080-exec-5] JwtAuthenticationFilter - JWT AUTHENTICATION SUCCESS
2026-10-06 08:18:48 DEBUG [http-nio-0.0.0.0-8080-exec-4] FilterChainProxy - Securing OPTIONS /api/chapter
2026-10-06 08:18:48 DEBUG [http-nio-0.0.0.0-8080-exec-5] FilterChainProxy - Secured GET /api/chapter
2026-10-06 08:18:48 INFO  [http-nio-0.0.0.0-8080-exec-5] ChapterController - Received request to fetch all chapters.
2026-10-06 08:18:48 INFO  [http-nio-0.0.0.0-8080-exec-5] ChapterService - Fetching all chapters.
2026-10-06 08:18:48 DEBUG [http-nio-0.0.0.0-8080-exec-6] FilterChainProxy - Securing OPTIONS /api/subjects
2026-10-06 08:18:48 DEBUG [http-nio-0.0.0.0-8080-exec-4] FilterChainProxy - Securing OPTIONS /api/topics
2026-10-06 08:18:48 DEBUG [http-nio-0.0.0.0-8080-exec-10] FilterChainProxy - Securing OPTIONS /api/questions
2026-10-06 08:18:48 DEBUG [http-nio-0.0.0.0-8080-exec-6] FilterChainProxy - Securing OPTIONS /api/exams
2026-10-06 08:18:48 INFO  [http-nio-0.0.0.0-8080-exec-5] ChapterService - Fetched 6 chapters.
2026-10-06 08:18:48 INFO  [http-nio-0.0.0.0-8080-exec-5] ChapterController - Fetched 6 chapters successfully.
2026-10-06 08:18:48 DEBUG [http-nio-0.0.0.0-8080-exec-12] FilterChainProxy - Securing GET /api/questions
2026-10-06 08:18:48 DEBUG [http-nio-0.0.0.0-8080-exec-8] FilterChainProxy - Securing OPTIONS /api/dashboard
2026-10-06 08:18:48 INFO  [http-nio-0.0.0.0-8080-exec-12] JwtAuthenticationFilter - JWT AUTHENTICATION SUCCESS
2026-10-06 08:18:48 DEBUG [http-nio-0.0.0.0-8080-exec-12] FilterChainProxy - Secured GET /api/questions
2026-10-06 08:18:48 DEBUG [http-nio-0.0.0.0-8080-exec-1] FilterChainProxy - Securing GET /api/notifications/mine?limit=12
2026-10-06 08:18:48 DEBUG [http-nio-0.0.0.0-8080-exec-3] FilterChainProxy - Securing GET /api/exams
2026-10-06 08:18:48 DEBUG [http-nio-0.0.0.0-8080-exec-10] FilterChainProxy - Securing POST /api/activity-sessions
2026-10-06 08:18:48 DEBUG [http-nio-0.0.0.0-8080-exec-11] FilterChainProxy - Securing GET /api/dashboard
2026-10-06 08:18:48 DEBUG [http-nio-0.0.0.0-8080-exec-4] FilterChainProxy - Securing GET /api/notifications/mine/unread-count
2026-10-06 08:18:48 INFO  [http-nio-0.0.0.0-8080-exec-3] JwtAuthenticationFilter - JWT AUTHENTICATION SUCCESS
2026-10-06 08:18:48 INFO  [http-nio-0.0.0.0-8080-exec-1] JwtAuthenticationFilter - JWT AUTHENTICATION SUCCESS
2026-10-06 08:18:48 DEBUG [http-nio-0.0.0.0-8080-exec-3] FilterChainProxy - Secured GET /api/exams
2026-10-06 08:18:48 DEBUG [http-nio-0.0.0.0-8080-exec-1] FilterChainProxy - Secured GET /api/notifications/mine?limit=12
2026-10-06 08:18:48 INFO  [http-nio-0.0.0.0-8080-exec-10] JwtAuthenticationFilter - JWT AUTHENTICATION SUCCESS
2026-10-06 08:18:48 INFO  [http-nio-0.0.0.0-8080-exec-4] JwtAuthenticationFilter - JWT AUTHENTICATION SUCCESS
2026-10-06 08:18:48 DEBUG [http-nio-0.0.0.0-8080-exec-10] FilterChainProxy - Secured POST /api/activity-sessions
2026-10-06 08:18:48 DEBUG [http-nio-0.0.0.0-8080-exec-4] FilterChainProxy - Secured GET /api/notifications/mine/unread-count
2026-10-06 08:18:48 INFO  [http-nio-0.0.0.0-8080-exec-11] JwtAuthenticationFilter - JWT AUTHENTICATION SUCCESS
2026-10-06 08:18:48 DEBUG [http-nio-0.0.0.0-8080-exec-11] FilterChainProxy - Secured GET /api/dashboard
2026-10-06 08:18:48 INFO  [http-nio-0.0.0.0-8080-exec-11] DashboardController - Received request to fetch dashboard details.
2026-10-06 08:18:48 INFO  [http-nio-0.0.0.0-8080-exec-11] DashboardService - Fetching dashboard details.
2026-10-06 08:18:48 DEBUG [http-nio-0.0.0.0-8080-exec-9] FilterChainProxy - Securing GET /api/course
2026-10-06 08:18:48 INFO  [http-nio-0.0.0.0-8080-exec-11] DashboardService - Dashboard details fetched successfully.
2026-10-06 08:18:48 INFO  [http-nio-0.0.0.0-8080-exec-11] DashboardController - Dashboard details fetched successfully.
2026-10-06 08:18:48 DEBUG [http-nio-0.0.0.0-8080-exec-2] FilterChainProxy - Securing GET /api/chapter
2026-10-06 08:18:48 INFO  [http-nio-0.0.0.0-8080-exec-9] JwtAuthenticationFilter - JWT AUTHENTICATION SUCCESS
2026-10-06 08:18:48 DEBUG [http-nio-0.0.0.0-8080-exec-9] FilterChainProxy - Secured GET /api/course
2026-10-06 08:18:48 INFO  [http-nio-0.0.0.0-8080-exec-9] CourseController - Received request to fetch all courses.
2026-10-06 08:18:48 INFO  [http-nio-0.0.0.0-8080-exec-9] CourseService - Fetching all courses.
2026-10-06 08:18:48 INFO  [http-nio-0.0.0.0-8080-exec-2] JwtAuthenticationFilter - JWT AUTHENTICATION SUCCESS
2026-10-06 08:18:48 INFO  [http-nio-0.0.0.0-8080-exec-9] CourseService - Fetched 1 courses.
2026-10-06 08:18:48 INFO  [http-nio-0.0.0.0-8080-exec-9] CourseController - Fetched 1 courses successfully.
2026-10-06 08:18:48 DEBUG [http-nio-0.0.0.0-8080-exec-2] FilterChainProxy - Secured GET /api/chapter
2026-10-06 08:18:48 INFO  [http-nio-0.0.0.0-8080-exec-2] ChapterController - Received request to fetch all chapters.
2026-10-06 08:18:48 INFO  [http-nio-0.0.0.0-8080-exec-2] ChapterService - Fetching all chapters.
2026-10-06 08:18:48 DEBUG [http-nio-0.0.0.0-8080-exec-6] FilterChainProxy - Securing GET /api/subjects
2026-10-06 08:18:48 INFO  [http-nio-0.0.0.0-8080-exec-2] ChapterService - Fetched 6 chapters.
2026-10-06 08:18:48 INFO  [http-nio-0.0.0.0-8080-exec-2] ChapterController - Fetched 6 chapters successfully.
2026-10-06 08:18:48 DEBUG [http-nio-0.0.0.0-8080-exec-5] FilterChainProxy - Securing GET /api/topics
2026-10-06 08:18:48 DEBUG [http-nio-0.0.0.0-8080-exec-7] FilterChainProxy - Securing GET /api/dashboard
2026-10-06 08:18:48 INFO  [http-nio-0.0.0.0-8080-exec-6] JwtAuthenticationFilter - JWT AUTHENTICATION SUCCESS
2026-10-06 08:18:48 DEBUG [http-nio-0.0.0.0-8080-exec-6] FilterChainProxy - Secured GET /api/subjects
2026-10-06 08:18:48 INFO  [http-nio-0.0.0.0-8080-exec-5] JwtAuthenticationFilter - JWT AUTHENTICATION SUCCESS
2026-10-06 08:18:48 DEBUG [http-nio-0.0.0.0-8080-exec-5] FilterChainProxy - Secured GET /api/topics
2026-10-06 08:18:48 DEBUG [http-nio-0.0.0.0-8080-exec-8] FilterChainProxy - Securing GET /api/exams
2026-10-06 08:18:48 INFO  [http-nio-0.0.0.0-8080-exec-7] JwtAuthenticationFilter - JWT AUTHENTICATION SUCCESS
2026-10-06 08:18:48 DEBUG [http-nio-0.0.0.0-8080-exec-7] FilterChainProxy - Secured GET /api/dashboard
2026-10-06 08:18:48 INFO  [http-nio-0.0.0.0-8080-exec-7] DashboardController - Received request to fetch dashboard details.
2026-10-06 08:18:48 INFO  [http-nio-0.0.0.0-8080-exec-7] DashboardService - Fetching dashboard details.
2026-10-06 08:18:48 INFO  [http-nio-0.0.0.0-8080-exec-8] JwtAuthenticationFilter - JWT AUTHENTICATION SUCCESS
2026-10-06 08:18:48 DEBUG [http-nio-0.0.0.0-8080-exec-8] FilterChainProxy - Secured GET /api/exams
2026-10-06 08:18:48 INFO  [http-nio-0.0.0.0-8080-exec-7] DashboardService - Dashboard details fetched successfully.
2026-10-06 08:18:48 INFO  [http-nio-0.0.0.0-8080-exec-7] DashboardController - Dashboard details fetched successfully.
2026-10-06 08:18:48 DEBUG [http-nio-0.0.0.0-8080-exec-1] FilterChainProxy - Securing GET /api/questions
2026-10-06 08:18:48 INFO  [http-nio-0.0.0.0-8080-exec-1] JwtAuthenticationFilter - JWT AUTHENTICATION SUCCESS
2026-10-06 08:18:48 DEBUG [http-nio-0.0.0.0-8080-exec-1] FilterChainProxy - Secured GET /api/questions
2026-10-06 08:18:51 DEBUG [http-nio-0.0.0.0-8080-exec-11] FilterChainProxy - Securing OPTIONS /api/exams/results/me
2026-10-06 08:18:51 DEBUG [http-nio-0.0.0.0-8080-exec-4] FilterChainProxy - Securing GET /api/exams
2026-10-06 08:18:51 DEBUG [http-nio-0.0.0.0-8080-exec-9] FilterChainProxy - Securing OPTIONS /api/activity-sessions/resume
2026-10-06 08:18:51 DEBUG [http-nio-0.0.0.0-8080-exec-10] FilterChainProxy - Securing OPTIONS /api/exams/results/me
2026-10-06 08:18:51 INFO  [http-nio-0.0.0.0-8080-exec-4] JwtAuthenticationFilter - JWT AUTHENTICATION SUCCESS
2026-10-06 08:18:51 DEBUG [http-nio-0.0.0.0-8080-exec-4] FilterChainProxy - Secured GET /api/exams
2026-10-06 08:18:51 DEBUG [http-nio-0.0.0.0-8080-exec-2] FilterChainProxy - Securing GET /api/exams/results/me
2026-10-06 08:18:51 DEBUG [http-nio-0.0.0.0-8080-exec-3] FilterChainProxy - Securing POST /api/activity-sessions/resume
2026-10-06 08:18:51 INFO  [http-nio-0.0.0.0-8080-exec-2] JwtAuthenticationFilter - JWT AUTHENTICATION SUCCESS
2026-10-06 08:18:51 INFO  [http-nio-0.0.0.0-8080-exec-3] JwtAuthenticationFilter - JWT AUTHENTICATION SUCCESS
2026-10-06 08:18:51 DEBUG [http-nio-0.0.0.0-8080-exec-2] FilterChainProxy - Secured GET /api/exams/results/me
2026-10-06 08:18:51 DEBUG [http-nio-0.0.0.0-8080-exec-3] FilterChainProxy - Secured POST /api/activity-sessions/resume
2026-10-06 08:18:51 DEBUG [http-nio-0.0.0.0-8080-exec-6] FilterChainProxy - Securing GET /api/exams
2026-10-06 08:18:51 DEBUG [http-nio-0.0.0.0-8080-exec-5] FilterChainProxy - Securing GET /api/exams/results/me
2026-10-06 08:18:51 INFO  [http-nio-0.0.0.0-8080-exec-5] JwtAuthenticationFilter - JWT AUTHENTICATION SUCCESS
2026-10-06 08:18:51 INFO  [http-nio-0.0.0.0-8080-exec-6] JwtAuthenticationFilter - JWT AUTHENTICATION SUCCESS
2026-10-06 08:18:51 DEBUG [http-nio-0.0.0.0-8080-exec-6] FilterChainProxy - Secured GET /api/exams
2026-10-06 08:18:51 DEBUG [http-nio-0.0.0.0-8080-exec-5] FilterChainProxy - Secured GET /api/exams/results/me
2026-10-06 08:18:53 DEBUG [http-nio-0.0.0.0-8080-exec-7] FilterChainProxy - Securing OPTIONS /api/exams
2026-10-06 08:18:53 DEBUG [http-nio-0.0.0.0-8080-exec-12] FilterChainProxy - Securing POST /api/activity-sessions/resume
2026-10-06 08:18:53 DEBUG [http-nio-0.0.0.0-8080-exec-8] FilterChainProxy - Securing GET /api/exams/results/me
2026-10-06 08:18:53 DEBUG [http-nio-0.0.0.0-8080-exec-1] FilterChainProxy - Securing OPTIONS /api/exams
2026-10-06 08:18:53 DEBUG [http-nio-0.0.0.0-8080-exec-11] FilterChainProxy - Securing GET /api/exams
2026-10-06 08:18:53 INFO  [http-nio-0.0.0.0-8080-exec-8] JwtAuthenticationFilter - JWT AUTHENTICATION SUCCESS
2026-10-06 08:18:53 DEBUG [http-nio-0.0.0.0-8080-exec-8] FilterChainProxy - Secured GET /api/exams/results/me
2026-10-06 08:18:53 INFO  [http-nio-0.0.0.0-8080-exec-12] JwtAuthenticationFilter - JWT AUTHENTICATION SUCCESS
2026-10-06 08:18:53 DEBUG [http-nio-0.0.0.0-8080-exec-12] FilterChainProxy - Secured POST /api/activity-sessions/resume
2026-10-06 08:18:53 INFO  [http-nio-0.0.0.0-8080-exec-11] JwtAuthenticationFilter - JWT AUTHENTICATION SUCCESS
2026-10-06 08:18:53 DEBUG [http-nio-0.0.0.0-8080-exec-11] FilterChainProxy - Secured GET /api/exams
2026-10-06 08:18:53 DEBUG [http-nio-0.0.0.0-8080-exec-9] FilterChainProxy - Securing GET /api/exams/results/me
2026-10-06 08:18:53 INFO  [http-nio-0.0.0.0-8080-exec-9] JwtAuthenticationFilter - JWT AUTHENTICATION SUCCESS
2026-10-06 08:18:53 DEBUG [http-nio-0.0.0.0-8080-exec-9] FilterChainProxy - Secured GET /api/exams/results/me
2026-10-06 08:18:53 DEBUG [http-nio-0.0.0.0-8080-exec-10] FilterChainProxy - Securing GET /api/exams
2026-10-06 08:18:53 INFO  [http-nio-0.0.0.0-8080-exec-10] JwtAuthenticationFilter - JWT AUTHENTICATION SUCCESS
2026-10-06 08:18:53 DEBUG [http-nio-0.0.0.0-8080-exec-10] FilterChainProxy - Secured GET /api/exams
2026-10-06 08:18:57 DEBUG [http-nio-0.0.0.0-8080-exec-4] FilterChainProxy - Securing OPTIONS /api/exams/8/questions
2026-10-06 08:18:57 DEBUG [http-nio-0.0.0.0-8080-exec-2] FilterChainProxy - Securing OPTIONS /api/exams/8/questions
2026-10-06 08:18:57 DEBUG [http-nio-0.0.0.0-8080-exec-3] FilterChainProxy - Securing GET /api/exams/8/questions
2026-10-06 08:18:57 INFO  [http-nio-0.0.0.0-8080-exec-3] JwtAuthenticationFilter - JWT AUTHENTICATION SUCCESS
2026-10-06 08:18:57 DEBUG [http-nio-0.0.0.0-8080-exec-3] FilterChainProxy - Secured GET /api/exams/8/questions
2026-10-06 08:18:57 ERROR [http-nio-0.0.0.0-8080-exec-3] [dispatcherServlet] - Servlet.service() for servlet [dispatcherServlet] in context with path [] threw exception [Request processing failed: java.lang.IllegalStateException: An active subscription is required for this course] with root cause
java.lang.IllegalStateException: An active subscription is required for this course
	at com.project.ProjectS.service.SubscriptionEntitlementService.lambda$requireCourseAccess$0(SubscriptionEntitlementService.java:24) ~[classes/:?]
	at java.base/java.util.Optional.orElseThrow(Optional.java:407) ~[?:?]
	at com.project.ProjectS.service.SubscriptionEntitlementService.requireCourseAccess(SubscriptionEntitlementService.java:24) ~[classes/:?]
	at com.project.ProjectS.service.SubscriptionEntitlementService.requireCourseAccess(SubscriptionEntitlementService.java:32) ~[classes/:?]
	at java.base/jdk.internal.reflect.DirectMethodHandleAccessor.invoke(DirectMethodHandleAccessor.java:104) ~[?:?]
	at java.base/java.lang.reflect.Method.invoke(Method.java:565) ~[?:?]
	at org.springframework.aop.support.AopUtils.invokeJoinpointUsingReflection(AopUtils.java:360) ~[spring-aop-6.2.9.jar:6.2.9]
	at org.springframework.aop.framework.CglibAopProxy$DynamicAdvisedInterceptor.intercept(CglibAopProxy.java:724) ~[spring-aop-6.2.9.jar:6.2.9]
	at com.project.ProjectS.service.SubscriptionEntitlementService$$SpringCGLIB$$0.requireCourseAccess(<generated>) ~[classes/:?]
	at com.project.ProjectS.service.ExamService.getExamQuestions(ExamService.java:679) ~[classes/:?]
	at java.base/jdk.internal.reflect.DirectMethodHandleAccessor.invoke(DirectMethodHandleAccessor.java:104) ~[?:?]
	at java.base/java.lang.reflect.Method.invoke(Method.java:565) ~[?:?]
	at org.springframework.aop.support.AopUtils.invokeJoinpointUsingReflection(AopUtils.java:360) ~[spring-aop-6.2.9.jar:6.2.9]
	at org.springframework.aop.framework.ReflectiveMethodInvocation.invokeJoinpoint(ReflectiveMethodInvocation.java:196) ~[spring-aop-6.2.9.jar:6.2.9]
	at org.springframework.aop.framework.ReflectiveMethodInvocation.proceed(ReflectiveMethodInvocation.java:163) ~[spring-aop-6.2.9.jar:6.2.9]
	at org.springframework.transaction.interceptor.TransactionAspectSupport.invokeWithinTransaction(TransactionAspectSupport.java:380) ~[spring-tx-6.2.9.jar:6.2.9]
	at org.springframework.transaction.interceptor.TransactionInterceptor.invoke(TransactionInterceptor.java:119) ~[spring-tx-6.2.9.jar:6.2.9]
	at org.springframework.aop.framework.ReflectiveMethodInvocation.proceed(ReflectiveMethodInvocation.java:184) ~[spring-aop-6.2.9.jar:6.2.9]
	at org.springframework.aop.framework.CglibAopProxy$DynamicAdvisedInterceptor.intercept(CglibAopProxy.java:728) ~[spring-aop-6.2.9.jar:6.2.9]
	at com.project.ProjectS.service.ExamService$$SpringCGLIB$$0.getExamQuestions(<generated>) ~[classes/:?]
	at com.project.ProjectS.controller.ExamController.getExamQuestions(ExamController.java:106) ~[classes/:?]
	at java.base/jdk.internal.reflect.DirectMethodHandleAccessor.invoke(DirectMethodHandleAccessor.java:104) ~[?:?]
	at java.base/java.lang.reflect.Method.invoke(Method.java:565) ~[?:?]
	at org.springframework.web.method.support.InvocableHandlerMethod.doInvoke(InvocableHandlerMethod.java:258) ~[spring-web-6.2.9.jar:6.2.9]
	at org.springframework.web.method.support.InvocableHandlerMethod.invokeForRequest(InvocableHandlerMethod.java:191) ~[spring-web-6.2.9.jar:6.2.9]
	at org.springframework.web.servlet.mvc.method.annotation.ServletInvocableHandlerMethod.invokeAndHandle(ServletInvocableHandlerMethod.java:118) ~[spring-webmvc-6.2.9.jar:6.2.9]
	at org.springframework.web.servlet.mvc.method.annotation.RequestMappingHandlerAdapter.invokeHandlerMethod(RequestMappingHandlerAdapter.java:991) ~[spring-webmvc-6.2.9.jar:6.2.9]
	at org.springframework.web.servlet.mvc.method.annotation.RequestMappingHandlerAdapter.handleInternal(RequestMappingHandlerAdapter.java:896) ~[spring-webmvc-6.2.9.jar:6.2.9]
	at org.springframework.web.servlet.mvc.method.AbstractHandlerMethodAdapter.handle(AbstractHandlerMethodAdapter.java:87) ~[spring-webmvc-6.2.9.jar:6.2.9]
	at org.springframework.web.servlet.DispatcherServlet.doDispatch(DispatcherServlet.java:1089) ~[spring-webmvc-6.2.9.jar:6.2.9]
	at org.springframework.web.servlet.DispatcherServlet.doService(DispatcherServlet.java:979) ~[spring-webmvc-6.2.9.jar:6.2.9]
	at org.springframework.web.servlet.FrameworkServlet.processRequest(FrameworkServlet.java:1014) ~[spring-webmvc-6.2.9.jar:6.2.9]
	at org.springframework.web.servlet.FrameworkServlet.doGet(FrameworkServlet.java:903) ~[spring-webmvc-6.2.9.jar:6.2.9]
	at jakarta.servlet.http.HttpServlet.service(HttpServlet.java:564) ~[tomcat-embed-core-10.1.43.jar:6.0]
	at org.springframework.web.servlet.FrameworkServlet.service(FrameworkServlet.java:885) ~[spring-webmvc-6.2.9.jar:6.2.9]
	at jakarta.servlet.http.HttpServlet.service(HttpServlet.java:658) ~[tomcat-embed-core-10.1.43.jar:6.0]
	at org.apache.catalina.core.ApplicationFilterChain.internalDoFilter(ApplicationFilterChain.java:195) ~[tomcat-embed-core-10.1.43.jar:10.1.43]
	at org.apache.catalina.core.ApplicationFilterChain.doFilter(ApplicationFilterChain.java:140) ~[tomcat-embed-core-10.1.43.jar:10.1.43]
	at org.apache.tomcat.websocket.server.WsFilter.doFilter(WsFilter.java:51) ~[tomcat-embed-websocket-10.1.43.jar:10.1.43]
	at org.apache.catalina.core.ApplicationFilterChain.internalDoFilter(ApplicationFilterChain.java:164) ~[tomcat-embed-core-10.1.43.jar:10.1.43]
	at org.apache.catalina.core.ApplicationFilterChain.doFilter(ApplicationFilterChain.java:140) ~[tomcat-embed-core-10.1.43.jar:10.1.43]
	at org.springframework.web.filter.OncePerRequestFilter.doFilter(OncePerRequestFilter.java:110) ~[spring-web-6.2.9.jar:6.2.9]
	at org.apache.catalina.core.ApplicationFilterChain.internalDoFilter(ApplicationFilterChain.java:164) ~[tomcat-embed-core-10.1.43.jar:10.1.43]
	at org.apache.catalina.core.ApplicationFilterChain.doFilter(ApplicationFilterChain.java:140) ~[tomcat-embed-core-10.1.43.jar:10.1.43]
	at org.springframework.web.filter.OncePerRequestFilter.doFilter(OncePerRequestFilter.java:110) ~[spring-web-6.2.9.jar:6.2.9]
	at org.apache.catalina.core.ApplicationFilterChain.internalDoFilter(ApplicationFilterChain.java:164) ~[tomcat-embed-core-10.1.43.jar:10.1.43]
	at org.apache.catalina.core.ApplicationFilterChain.doFilter(ApplicationFilterChain.java:140) ~[tomcat-embed-core-10.1.43.jar:10.1.43]
	at org.springframework.web.filter.CompositeFilter$VirtualFilterChain.doFilter(CompositeFilter.java:108) ~[spring-web-6.2.9.jar:6.2.9]
	at org.springframework.web.filter.CompositeFilter$VirtualFilterChain.doFilter(CompositeFilter.java:108) ~[spring-web-6.2.9.jar:6.2.9]
	at org.springframework.security.web.FilterChainProxy.lambda$doFilterInternal$3(FilterChainProxy.java:231) ~[spring-security-web-6.5.2.jar:6.5.2]
	at org.springframework.security.web.FilterChainProxy$VirtualFilterChain.doFilter(FilterChainProxy.java:365) ~[spring-security-web-6.5.2.jar:6.5.2]
	at org.springframework.security.web.access.intercept.AuthorizationFilter.doFilter(AuthorizationFilter.java:101) ~[spring-security-web-6.5.2.jar:6.5.2]
	at org.springframework.security.web.FilterChainProxy$VirtualFilterChain.doFilter(FilterChainProxy.java:374) ~[spring-security-web-6.5.2.jar:6.5.2]
	at org.springframework.security.web.access.ExceptionTranslationFilter.doFilter(ExceptionTranslationFilter.java:125) ~[spring-security-web-6.5.2.jar:6.5.2]
	at org.springframework.security.web.access.ExceptionTranslationFilter.doFilter(ExceptionTranslationFilter.java:119) ~[spring-security-web-6.5.2.jar:6.5.2]
	at org.springframework.security.web.FilterChainProxy$VirtualFilterChain.doFilter(FilterChainProxy.java:374) ~[spring-security-web-6.5.2.jar:6.5.2]
	at org.springframework.security.web.session.SessionManagementFilter.doFilter(SessionManagementFilter.java:131) ~[spring-security-web-6.5.2.jar:6.5.2]
	at org.springframework.security.web.session.SessionManagementFilter.doFilter(SessionManagementFilter.java:85) ~[spring-security-web-6.5.2.jar:6.5.2]
	at org.springframework.security.web.FilterChainProxy$VirtualFilterChain.doFilter(FilterChainProxy.java:374) ~[spring-security-web-6.5.2.jar:6.5.2]
	at org.springframework.security.web.authentication.AnonymousAuthenticationFilter.doFilter(AnonymousAuthenticationFilter.java:100) ~[spring-security-web-6.5.2.jar:6.5.2]
	at org.springframework.security.web.FilterChainProxy$VirtualFilterChain.doFilter(FilterChainProxy.java:374) ~[spring-security-web-6.5.2.jar:6.5.2]
	at org.springframework.security.web.servletapi.SecurityContextHolderAwareRequestFilter.doFilter(SecurityContextHolderAwareRequestFilter.java:179) ~[spring-security-web-6.5.2.jar:6.5.2]
	at org.springframework.security.web.FilterChainProxy$VirtualFilterChain.doFilter(FilterChainProxy.java:374) ~[spring-security-web-6.5.2.jar:6.5.2]
	at org.springframework.security.web.savedrequest.RequestCacheAwareFilter.doFilter(RequestCacheAwareFilter.java:63) ~[spring-security-web-6.5.2.jar:6.5.2]
	at org.springframework.security.web.FilterChainProxy$VirtualFilterChain.doFilter(FilterChainProxy.java:374) ~[spring-security-web-6.5.2.jar:6.5.2]
	at org.springframework.security.web.authentication.ui.DefaultLogoutPageGeneratingFilter.doFilterInternal(DefaultLogoutPageGeneratingFilter.java:59) ~[spring-security-web-6.5.2.jar:6.5.2]
	at org.springframework.web.filter.OncePerRequestFilter.doFilter(OncePerRequestFilter.java:116) ~[spring-web-6.2.9.jar:6.2.9]
	at org.springframework.security.web.FilterChainProxy$VirtualFilterChain.doFilter(FilterChainProxy.java:374) ~[spring-security-web-6.5.2.jar:6.5.2]
	at org.springframework.security.web.authentication.ui.DefaultLoginPageGeneratingFilter.doFilter(DefaultLoginPageGeneratingFilter.java:216) ~[spring-security-web-6.5.2.jar:6.5.2]
	at org.springframework.security.web.authentication.ui.DefaultLoginPageGeneratingFilter.doFilter(DefaultLoginPageGeneratingFilter.java:202) ~[spring-security-web-6.5.2.jar:6.5.2]
	at org.springframework.security.web.FilterChainProxy$VirtualFilterChain.doFilter(FilterChainProxy.java:374) ~[spring-security-web-6.5.2.jar:6.5.2]
	at org.springframework.security.web.authentication.ui.DefaultResourcesFilter.doFilter(DefaultResourcesFilter.java:72) ~[spring-security-web-6.5.2.jar:6.5.2]
	at org.springframework.security.web.FilterChainProxy$VirtualFilterChain.doFilter(FilterChainProxy.java:374) ~[spring-security-web-6.5.2.jar:6.5.2]
	at com.project.ProjectS.security.filter.JwtAuthenticationFilter.doFilterInternal(JwtAuthenticationFilter.java:115) ~[classes/:?]
	at org.springframework.web.filter.OncePerRequestFilter.doFilter(OncePerRequestFilter.java:116) ~[spring-web-6.2.9.jar:6.2.9]
	at org.springframework.security.web.FilterChainProxy$VirtualFilterChain.doFilter(FilterChainProxy.java:374) ~[spring-security-web-6.5.2.jar:6.5.2]
	at org.springframework.security.web.authentication.AbstractAuthenticationProcessingFilter.doFilter(AbstractAuthenticationProcessingFilter.java:235) ~[spring-security-web-6.5.2.jar:6.5.2]
	at org.springframework.security.web.authentication.AbstractAuthenticationProcessingFilter.doFilter(AbstractAuthenticationProcessingFilter.java:229) ~[spring-security-web-6.5.2.jar:6.5.2]
	at org.springframework.security.web.FilterChainProxy$VirtualFilterChain.doFilter(FilterChainProxy.java:374) ~[spring-security-web-6.5.2.jar:6.5.2]
	at org.springframework.security.oauth2.client.web.OAuth2AuthorizationRequestRedirectFilter.doFilterInternal(OAuth2AuthorizationRequestRedirectFilter.java:198) ~[spring-security-oauth2-client-6.5.2.jar:6.5.2]
	at org.springframework.web.filter.OncePerRequestFilter.doFilter(OncePerRequestFilter.java:116) ~[spring-web-6.2.9.jar:6.2.9]
	at org.springframework.security.web.FilterChainProxy$VirtualFilterChain.doFilter(FilterChainProxy.java:374) ~[spring-security-web-6.5.2.jar:6.5.2]
	at org.springframework.security.web.authentication.logout.LogoutFilter.doFilter(LogoutFilter.java:107) ~[spring-security-web-6.5.2.jar:6.5.2]
	at org.springframework.security.web.authentication.logout.LogoutFilter.doFilter(LogoutFilter.java:93) ~[spring-security-web-6.5.2.jar:6.5.2]
	at org.springframework.security.web.FilterChainProxy$VirtualFilterChain.doFilter(FilterChainProxy.java:374) ~[spring-security-web-6.5.2.jar:6.5.2]
	at org.springframework.web.filter.CorsFilter.doFilterInternal(CorsFilter.java:91) ~[spring-web-6.2.9.jar:6.2.9]
	at org.springframework.web.filter.OncePerRequestFilter.doFilter(OncePerRequestFilter.java:116) ~[spring-web-6.2.9.jar:6.2.9]
	at org.springframework.security.web.FilterChainProxy$VirtualFilterChain.doFilter(FilterChainProxy.java:374) ~[spring-security-web-6.5.2.jar:6.5.2]
	at org.springframework.security.web.header.HeaderWriterFilter.doHeadersAfter(HeaderWriterFilter.java:90) ~[spring-security-web-6.5.2.jar:6.5.2]
	at org.springframework.security.web.header.HeaderWriterFilter.doFilterInternal(HeaderWriterFilter.java:75) ~[spring-security-web-6.5.2.jar:6.5.2]
	at org.springframework.web.filter.OncePerRequestFilter.doFilter(OncePerRequestFilter.java:116) ~[spring-web-6.2.9.jar:6.2.9]
	at org.springframework.security.web.FilterChainProxy$VirtualFilterChain.doFilter(FilterChainProxy.java:374) ~[spring-security-web-6.5.2.jar:6.5.2]
	at org.springframework.security.web.context.SecurityContextHolderFilter.doFilter(SecurityContextHolderFilter.java:82) ~[spring-security-web-6.5.2.jar:6.5.2]
	at org.springframework.security.web.context.SecurityContextHolderFilter.doFilter(SecurityContextHolderFilter.java:69) ~[spring-security-web-6.5.2.jar:6.5.2]
	at org.springframework.security.web.FilterChainProxy$VirtualFilterChain.doFilter(FilterChainProxy.java:374) ~[spring-security-web-6.5.2.jar:6.5.2]
	at org.springframework.security.web.context.request.async.WebAsyncManagerIntegrationFilter.doFilterInternal(WebAsyncManagerIntegrationFilter.java:62) ~[spring-security-web-6.5.2.jar:6.5.2]
	at org.springframework.web.filter.OncePerRequestFilter.doFilter(OncePerRequestFilter.java:116) ~[spring-web-6.2.9.jar:6.2.9]
	at org.springframework.security.web.FilterChainProxy$VirtualFilterChain.doFilter(FilterChainProxy.java:374) ~[spring-security-web-6.5.2.jar:6.5.2]
	at org.springframework.security.web.session.DisableEncodeUrlFilter.doFilterInternal(DisableEncodeUrlFilter.java:42) ~[spring-security-web-6.5.2.jar:6.5.2]
	at org.springframework.web.filter.OncePerRequestFilter.doFilter(OncePerRequestFilter.java:116) ~[spring-web-6.2.9.jar:6.2.9]
	at org.springframework.security.web.FilterChainProxy$VirtualFilterChain.doFilter(FilterChainProxy.java:374) ~[spring-security-web-6.5.2.jar:6.5.2]
	at org.springframework.security.web.FilterChainProxy.doFilterInternal(FilterChainProxy.java:233) ~[spring-security-web-6.5.2.jar:6.5.2]
	at org.springframework.security.web.FilterChainProxy.doFilter(FilterChainProxy.java:191) ~[spring-security-web-6.5.2.jar:6.5.2]
	at org.springframework.web.filter.CompositeFilter$VirtualFilterChain.doFilter(CompositeFilter.java:113) ~[spring-web-6.2.9.jar:6.2.9]
	at org.springframework.web.filter.ServletRequestPathFilter.doFilter(ServletRequestPathFilter.java:52) ~[spring-web-6.2.9.jar:6.2.9]
	at org.springframework.web.filter.CompositeFilter$VirtualFilterChain.doFilter(CompositeFilter.java:113) ~[spring-web-6.2.9.jar:6.2.9]
	at org.springframework.web.filter.CompositeFilter.doFilter(CompositeFilter.java:74) ~[spring-web-6.2.9.jar:6.2.9]
	at org.springframework.security.config.annotation.web.configuration.WebSecurityConfiguration$CompositeFilterChainProxy.doFilter(WebSecurityConfiguration.java:319) ~[spring-security-config-6.5.2.jar:6.5.2]
	at org.springframework.web.filter.CompositeFilter$VirtualFilterChain.doFilter(CompositeFilter.java:113) ~[spring-web-6.2.9.jar:6.2.9]
	at org.springframework.web.servlet.handler.HandlerMappingIntrospector.lambda$createCacheFilter$4(HandlerMappingIntrospector.java:267) ~[spring-webmvc-6.2.9.jar:6.2.9]
	at org.springframework.web.filter.CompositeFilter$VirtualFilterChain.doFilter(CompositeFilter.java:113) ~[spring-web-6.2.9.jar:6.2.9]
	at org.springframework.web.filter.CompositeFilter.doFilter(CompositeFilter.java:74) ~[spring-web-6.2.9.jar:6.2.9]
	at org.springframework.security.config.annotation.web.configuration.WebMvcSecurityConfiguration$CompositeFilterChainProxy.doFilter(WebMvcSecurityConfiguration.java:240) ~[spring-security-config-6.5.2.jar:6.5.2]
	at org.springframework.web.filter.DelegatingFilterProxy.invokeDelegate(DelegatingFilterProxy.java:362) ~[spring-web-6.2.9.jar:6.2.9]
	at org.springframework.web.filter.DelegatingFilterProxy.doFilter(DelegatingFilterProxy.java:278) ~[spring-web-6.2.9.jar:6.2.9]
	at org.apache.catalina.core.ApplicationFilterChain.internalDoFilter(ApplicationFilterChain.java:164) ~[tomcat-embed-core-10.1.43.jar:10.1.43]
	at org.apache.catalina.core.ApplicationFilterChain.doFilter(ApplicationFilterChain.java:140) ~[tomcat-embed-core-10.1.43.jar:10.1.43]
	at org.springframework.web.filter.RequestContextFilter.doFilterInternal(RequestContextFilter.java:100) ~[spring-web-6.2.9.jar:6.2.9]
	at org.springframework.web.filter.OncePerRequestFilter.doFilter(OncePerRequestFilter.java:116) ~[spring-web-6.2.9.jar:6.2.9]
	at org.apache.catalina.core.ApplicationFilterChain.internalDoFilter(ApplicationFilterChain.java:164) ~[tomcat-embed-core-10.1.43.jar:10.1.43]
	at org.apache.catalina.core.ApplicationFilterChain.doFilter(ApplicationFilterChain.java:140) ~[tomcat-embed-core-10.1.43.jar:10.1.43]
	at org.springframework.web.filter.FormContentFilter.doFilterInternal(FormContentFilter.java:93) ~[spring-web-6.2.9.jar:6.2.9]
	at org.springframework.web.filter.OncePerRequestFilter.doFilter(OncePerRequestFilter.java:116) ~[spring-web-6.2.9.jar:6.2.9]
	at org.apache.catalina.core.ApplicationFilterChain.internalDoFilter(ApplicationFilterChain.java:164) ~[tomcat-embed-core-10.1.43.jar:10.1.43]
	at org.apache.catalina.core.ApplicationFilterChain.doFilter(ApplicationFilterChain.java:140) ~[tomcat-embed-core-10.1.43.jar:10.1.43]
	at org.springframework.web.filter.CharacterEncodingFilter.doFilterInternal(CharacterEncodingFilter.java:201) ~[spring-web-6.2.9.jar:6.2.9]
	at org.springframework.web.filter.OncePerRequestFilter.doFilter(OncePerRequestFilter.java:116) ~[spring-web-6.2.9.jar:6.2.9]
	at org.apache.catalina.core.ApplicationFilterChain.internalDoFilter(ApplicationFilterChain.java:164) ~[tomcat-embed-core-10.1.43.jar:10.1.43]
	at org.apache.catalina.core.ApplicationFilterChain.doFilter(ApplicationFilterChain.java:140) ~[tomcat-embed-core-10.1.43.jar:10.1.43]
	at org.springframework.web.filter.OncePerRequestFilter.doFilter(OncePerRequestFilter.java:101) ~[spring-web-6.2.9.jar:6.2.9]
	at org.apache.catalina.core.ApplicationFilterChain.internalDoFilter(ApplicationFilterChain.java:164) ~[tomcat-embed-core-10.1.43.jar:10.1.43]
	at org.apache.catalina.core.ApplicationFilterChain.doFilter(ApplicationFilterChain.java:140) ~[tomcat-embed-core-10.1.43.jar:10.1.43]
	at org.apache.catalina.core.StandardWrapperValve.invoke(StandardWrapperValve.java:167) [tomcat-embed-core-10.1.43.jar:10.1.43]
	at org.apache.catalina.core.StandardContextValve.invoke(StandardContextValve.java:90) [tomcat-embed-core-10.1.43.jar:10.1.43]
	at org.apache.catalina.authenticator.AuthenticatorBase.invoke(AuthenticatorBase.java:483) [tomcat-embed-core-10.1.43.jar:10.1.43]
	at org.apache.catalina.core.StandardHostValve.invoke(StandardHostValve.java:116) [tomcat-embed-core-10.1.43.jar:10.1.43]
	at org.apache.catalina.valves.ErrorReportValve.invoke(ErrorReportValve.java:93) [tomcat-embed-core-10.1.43.jar:10.1.43]
	at org.apache.catalina.core.StandardEngineValve.invoke(StandardEngineValve.java:74) [tomcat-embed-core-10.1.43.jar:10.1.43]
	at org.apache.catalina.connector.CoyoteAdapter.service(CoyoteAdapter.java:344) [tomcat-embed-core-10.1.43.jar:10.1.43]
	at org.apache.coyote.http11.Http11Processor.service(Http11Processor.java:398) [tomcat-embed-core-10.1.43.jar:10.1.43]
	at org.apache.coyote.AbstractProcessorLight.process(AbstractProcessorLight.java:63) [tomcat-embed-core-10.1.43.jar:10.1.43]
	at org.apache.coyote.AbstractProtocol$ConnectionHandler.process(AbstractProtocol.java:903) [tomcat-embed-core-10.1.43.jar:10.1.43]
	at org.apache.tomcat.util.net.NioEndpoint$SocketProcessor.doRun(NioEndpoint.java:1769) [tomcat-embed-core-10.1.43.jar:10.1.43]
	at org.apache.tomcat.util.net.SocketProcessorBase.run(SocketProcessorBase.java:52) [tomcat-embed-core-10.1.43.jar:10.1.43]
	at org.apache.tomcat.util.threads.ThreadPoolExecutor.runWorker(ThreadPoolExecutor.java:1189) [tomcat-embed-core-10.1.43.jar:10.1.43]
	at org.apache.tomcat.util.threads.ThreadPoolExecutor$Worker.run(ThreadPoolExecutor.java:658) [tomcat-embed-core-10.1.43.jar:10.1.43]
	at org.apache.tomcat.util.threads.TaskThread$WrappingRunnable.run(TaskThread.java:63) [tomcat-embed-core-10.1.43.jar:10.1.43]
	at java.base/java.lang.Thread.run(Thread.java:1516) [?:?]
2026-10-06 08:18:57 DEBUG [http-nio-0.0.0.0-8080-exec-3] FilterChainProxy - Securing GET /error
2026-10-06 08:18:57 DEBUG [http-nio-0.0.0.0-8080-exec-3] FilterChainProxy - Secured GET /error
2026-10-06 08:18:57 DEBUG [http-nio-0.0.0.0-8080-exec-3] AnonymousAuthenticationFilter - Set SecurityContextHolder to anonymous SecurityContext
2026-10-06 08:18:57 DEBUG [http-nio-0.0.0.0-8080-exec-5] FilterChainProxy - Securing GET /api/exams/8/questions
2026-10-06 08:18:57 INFO  [http-nio-0.0.0.0-8080-exec-5] JwtAuthenticationFilter - JWT AUTHENTICATION SUCCESS
2026-10-06 08:18:57 DEBUG [http-nio-0.0.0.0-8080-exec-5] FilterChainProxy - Secured GET /api/exams/8/questions
2026-10-06 08:18:57 ERROR [http-nio-0.0.0.0-8080-exec-5] [dispatcherServlet] - Servlet.service() for servlet [dispatcherServlet] in context with path [] threw exception [Request processing failed: java.lang.IllegalStateException: An active subscription is required for this course] with root cause
java.lang.IllegalStateException: An active subscription is required for this course
	at com.project.ProjectS.service.SubscriptionEntitlementService.lambda$requireCourseAccess$0(SubscriptionEntitlementService.java:24) ~[classes/:?]
	at java.base/java.util.Optional.orElseThrow(Optional.java:407) ~[?:?]
	at com.project.ProjectS.service.SubscriptionEntitlementService.requireCourseAccess(SubscriptionEntitlementService.java:24) ~[classes/:?]
	at com.project.ProjectS.service.SubscriptionEntitlementService.requireCourseAccess(SubscriptionEntitlementService.java:32) ~[classes/:?]
	at java.base/jdk.internal.reflect.DirectMethodHandleAccessor.invoke(DirectMethodHandleAccessor.java:104) ~[?:?]
	at java.base/java.lang.reflect.Method.invoke(Method.java:565) ~[?:?]
	at org.springframework.aop.support.AopUtils.invokeJoinpointUsingReflection(AopUtils.java:360) ~[spring-aop-6.2.9.jar:6.2.9]
	at org.springframework.aop.framework.CglibAopProxy$DynamicAdvisedInterceptor.intercept(CglibAopProxy.java:724) ~[spring-aop-6.2.9.jar:6.2.9]
	at com.project.ProjectS.service.SubscriptionEntitlementService$$SpringCGLIB$$0.requireCourseAccess(<generated>) ~[classes/:?]
	at com.project.ProjectS.service.ExamService.getExamQuestions(ExamService.java:679) ~[classes/:?]
	at java.base/jdk.internal.reflect.DirectMethodHandleAccessor.invoke(DirectMethodHandleAccessor.java:104) ~[?:?]
	at java.base/java.lang.reflect.Method.invoke(Method.java:565) ~[?:?]
	at org.springframework.aop.support.AopUtils.invokeJoinpointUsingReflection(AopUtils.java:360) ~[spring-aop-6.2.9.jar:6.2.9]
	at org.springframework.aop.framework.ReflectiveMethodInvocation.invokeJoinpoint(ReflectiveMethodInvocation.java:196) ~[spring-aop-6.2.9.jar:6.2.9]
	at org.springframework.aop.framework.ReflectiveMethodInvocation.proceed(ReflectiveMethodInvocation.java:163) ~[spring-aop-6.2.9.jar:6.2.9]
	at org.springframework.transaction.interceptor.TransactionAspectSupport.invokeWithinTransaction(TransactionAspectSupport.java:380) ~[spring-tx-6.2.9.jar:6.2.9]
	at org.springframework.transaction.interceptor.TransactionInterceptor.invoke(TransactionInterceptor.java:119) ~[spring-tx-6.2.9.jar:6.2.9]
	at org.springframework.aop.framework.ReflectiveMethodInvocation.proceed(ReflectiveMethodInvocation.java:184) ~[spring-aop-6.2.9.jar:6.2.9]
	at org.springframework.aop.framework.CglibAopProxy$DynamicAdvisedInterceptor.intercept(CglibAopProxy.java:728) ~[spring-aop-6.2.9.jar:6.2.9]
	at com.project.ProjectS.service.ExamService$$SpringCGLIB$$0.getExamQuestions(<generated>) ~[classes/:?]
	at com.project.ProjectS.controller.ExamController.getExamQuestions(ExamController.java:106) ~[classes/:?]
	at java.base/jdk.internal.reflect.DirectMethodHandleAccessor.invoke(DirectMethodHandleAccessor.java:104) ~[?:?]
	at java.base/java.lang.reflect.Method.invoke(Method.java:565) ~[?:?]
	at org.springframework.web.method.support.InvocableHandlerMethod.doInvoke(InvocableHandlerMethod.java:258) ~[spring-web-6.2.9.jar:6.2.9]
	at org.springframework.web.method.support.InvocableHandlerMethod.invokeForRequest(InvocableHandlerMethod.java:191) ~[spring-web-6.2.9.jar:6.2.9]
	at org.springframework.web.servlet.mvc.method.annotation.ServletInvocableHandlerMethod.invokeAndHandle(ServletInvocableHandlerMethod.java:118) ~[spring-webmvc-6.2.9.jar:6.2.9]
	at org.springframework.web.servlet.mvc.method.annotation.RequestMappingHandlerAdapter.invokeHandlerMethod(RequestMappingHandlerAdapter.java:991) ~[spring-webmvc-6.2.9.jar:6.2.9]
	at org.springframework.web.servlet.mvc.method.annotation.RequestMappingHandlerAdapter.handleInternal(RequestMappingHandlerAdapter.java:896) ~[spring-webmvc-6.2.9.jar:6.2.9]
	at org.springframework.web.servlet.mvc.method.AbstractHandlerMethodAdapter.handle(AbstractHandlerMethodAdapter.java:87) ~[spring-webmvc-6.2.9.jar:6.2.9]
	at org.springframework.web.servlet.DispatcherServlet.doDispatch(DispatcherServlet.java:1089) ~[spring-webmvc-6.2.9.jar:6.2.9]
	at org.springframework.web.servlet.DispatcherServlet.doService(DispatcherServlet.java:979) ~[spring-webmvc-6.2.9.jar:6.2.9]
	at org.springframework.web.servlet.FrameworkServlet.processRequest(FrameworkServlet.java:1014) ~[spring-webmvc-6.2.9.jar:6.2.9]
	at org.springframework.web.servlet.FrameworkServlet.doGet(FrameworkServlet.java:903) ~[spring-webmvc-6.2.9.jar:6.2.9]
	at jakarta.servlet.http.HttpServlet.service(HttpServlet.java:564) ~[tomcat-embed-core-10.1.43.jar:6.0]
	at org.springframework.web.servlet.FrameworkServlet.service(FrameworkServlet.java:885) ~[spring-webmvc-6.2.9.jar:6.2.9]
	at jakarta.servlet.http.HttpServlet.service(HttpServlet.java:658) ~[tomcat-embed-core-10.1.43.jar:6.0]
	at org.apache.catalina.core.ApplicationFilterChain.internalDoFilter(ApplicationFilterChain.java:195) ~[tomcat-embed-core-10.1.43.jar:10.1.43]
	at org.apache.catalina.core.ApplicationFilterChain.doFilter(ApplicationFilterChain.java:140) ~[tomcat-embed-core-10.1.43.jar:10.1.43]
	at org.apache.tomcat.websocket.server.WsFilter.doFilter(WsFilter.java:51) ~[tomcat-embed-websocket-10.1.43.jar:10.1.43]
	at org.apache.catalina.core.ApplicationFilterChain.internalDoFilter(ApplicationFilterChain.java:164) ~[tomcat-embed-core-10.1.43.jar:10.1.43]
	at org.apache.catalina.core.ApplicationFilterChain.doFilter(ApplicationFilterChain.java:140) ~[tomcat-embed-core-10.1.43.jar:10.1.43]
	at org.springframework.web.filter.OncePerRequestFilter.doFilter(OncePerRequestFilter.java:110) ~[spring-web-6.2.9.jar:6.2.9]
	at org.apache.catalina.core.ApplicationFilterChain.internalDoFilter(ApplicationFilterChain.java:164) ~[tomcat-embed-core-10.1.43.jar:10.1.43]
	at org.apache.catalina.core.ApplicationFilterChain.doFilter(ApplicationFilterChain.java:140) ~[tomcat-embed-core-10.1.43.jar:10.1.43]
	at org.springframework.web.filter.OncePerRequestFilter.doFilter(OncePerRequestFilter.java:110) ~[spring-web-6.2.9.jar:6.2.9]
	at org.apache.catalina.core.ApplicationFilterChain.internalDoFilter(ApplicationFilterChain.java:164) ~[tomcat-embed-core-10.1.43.jar:10.1.43]
	at org.apache.catalina.core.ApplicationFilterChain.doFilter(ApplicationFilterChain.java:140) ~[tomcat-embed-core-10.1.43.jar:10.1.43]
	at org.springframework.web.filter.CompositeFilter$VirtualFilterChain.doFilter(CompositeFilter.java:108) ~[spring-web-6.2.9.jar:6.2.9]
	at org.springframework.web.filter.CompositeFilter$VirtualFilterChain.doFilter(CompositeFilter.java:108) ~[spring-web-6.2.9.jar:6.2.9]
	at org.springframework.security.web.FilterChainProxy.lambda$doFilterInternal$3(FilterChainProxy.java:231) ~[spring-security-web-6.5.2.jar:6.5.2]
	at org.springframework.security.web.FilterChainProxy$VirtualFilterChain.doFilter(FilterChainProxy.java:365) ~[spring-security-web-6.5.2.jar:6.5.2]
	at org.springframework.security.web.access.intercept.AuthorizationFilter.doFilter(AuthorizationFilter.java:101) ~[spring-security-web-6.5.2.jar:6.5.2]
	at org.springframework.security.web.FilterChainProxy$VirtualFilterChain.doFilter(FilterChainProxy.java:374) ~[spring-security-web-6.5.2.jar:6.5.2]
	at org.springframework.security.web.access.ExceptionTranslationFilter.doFilter(ExceptionTranslationFilter.java:125) ~[spring-security-web-6.5.2.jar:6.5.2]
	at org.springframework.security.web.access.ExceptionTranslationFilter.doFilter(ExceptionTranslationFilter.java:119) ~[spring-security-web-6.5.2.jar:6.5.2]
	at org.springframework.security.web.FilterChainProxy$VirtualFilterChain.doFilter(FilterChainProxy.java:374) ~[spring-security-web-6.5.2.jar:6.5.2]
	at org.springframework.security.web.session.SessionManagementFilter.doFilter(SessionManagementFilter.java:131) ~[spring-security-web-6.5.2.jar:6.5.2]
	at org.springframework.security.web.session.SessionManagementFilter.doFilter(SessionManagementFilter.java:85) ~[spring-security-web-6.5.2.jar:6.5.2]
	at org.springframework.security.web.FilterChainProxy$VirtualFilterChain.doFilter(FilterChainProxy.java:374) ~[spring-security-web-6.5.2.jar:6.5.2]
	at org.springframework.security.web.authentication.AnonymousAuthenticationFilter.doFilter(AnonymousAuthenticationFilter.java:100) ~[spring-security-web-6.5.2.jar:6.5.2]
	at org.springframework.security.web.FilterChainProxy$VirtualFilterChain.doFilter(FilterChainProxy.java:374) ~[spring-security-web-6.5.2.jar:6.5.2]
	at org.springframework.security.web.servletapi.SecurityContextHolderAwareRequestFilter.doFilter(SecurityContextHolderAwareRequestFilter.java:179) ~[spring-security-web-6.5.2.jar:6.5.2]
	at org.springframework.security.web.FilterChainProxy$VirtualFilterChain.doFilter(FilterChainProxy.java:374) ~[spring-security-web-6.5.2.jar:6.5.2]
	at org.springframework.security.web.savedrequest.RequestCacheAwareFilter.doFilter(RequestCacheAwareFilter.java:63) ~[spring-security-web-6.5.2.jar:6.5.2]
	at org.springframework.security.web.FilterChainProxy$VirtualFilterChain.doFilter(FilterChainProxy.java:374) ~[spring-security-web-6.5.2.jar:6.5.2]
	at org.springframework.security.web.authentication.ui.DefaultLogoutPageGeneratingFilter.doFilterInternal(DefaultLogoutPageGeneratingFilter.java:59) ~[spring-security-web-6.5.2.jar:6.5.2]
	at org.springframework.web.filter.OncePerRequestFilter.doFilter(OncePerRequestFilter.java:116) ~[spring-web-6.2.9.jar:6.2.9]
	at org.springframework.security.web.FilterChainProxy$VirtualFilterChain.doFilter(FilterChainProxy.java:374) ~[spring-security-web-6.5.2.jar:6.5.2]
	at org.springframework.security.web.authentication.ui.DefaultLoginPageGeneratingFilter.doFilter(DefaultLoginPageGeneratingFilter.java:216) ~[spring-security-web-6.5.2.jar:6.5.2]
	at org.springframework.security.web.authentication.ui.DefaultLoginPageGeneratingFilter.doFilter(DefaultLoginPageGeneratingFilter.java:202) ~[spring-security-web-6.5.2.jar:6.5.2]
	at org.springframework.security.web.FilterChainProxy$VirtualFilterChain.doFilter(FilterChainProxy.java:374) ~[spring-security-web-6.5.2.jar:6.5.2]
	at org.springframework.security.web.authentication.ui.DefaultResourcesFilter.doFilter(DefaultResourcesFilter.java:72) ~[spring-security-web-6.5.2.jar:6.5.2]
	at org.springframework.security.web.FilterChainProxy$VirtualFilterChain.doFilter(FilterChainProxy.java:374) ~[spring-security-web-6.5.2.jar:6.5.2]
	at com.project.ProjectS.security.filter.JwtAuthenticationFilter.doFilterInternal(JwtAuthenticationFilter.java:115) ~[classes/:?]
	at org.springframework.web.filter.OncePerRequestFilter.doFilter(OncePerRequestFilter.java:116) ~[spring-web-6.2.9.jar:6.2.9]
	at org.springframework.security.web.FilterChainProxy$VirtualFilterChain.doFilter(FilterChainProxy.java:374) ~[spring-security-web-6.5.2.jar:6.5.2]
	at org.springframework.security.web.authentication.AbstractAuthenticationProcessingFilter.doFilter(AbstractAuthenticationProcessingFilter.java:235) ~[spring-security-web-6.5.2.jar:6.5.2]
	at org.springframework.security.web.authentication.AbstractAuthenticationProcessingFilter.doFilter(AbstractAuthenticationProcessingFilter.java:229) ~[spring-security-web-6.5.2.jar:6.5.2]
	at org.springframework.security.web.FilterChainProxy$VirtualFilterChain.doFilter(FilterChainProxy.java:374) ~[spring-security-web-6.5.2.jar:6.5.2]
	at org.springframework.security.oauth2.client.web.OAuth2AuthorizationRequestRedirectFilter.doFilterInternal(OAuth2AuthorizationRequestRedirectFilter.java:198) ~[spring-security-oauth2-client-6.5.2.jar:6.5.2]
	at org.springframework.web.filter.OncePerRequestFilter.doFilter(OncePerRequestFilter.java:116) ~[spring-web-6.2.9.jar:6.2.9]
	at org.springframework.security.web.FilterChainProxy$VirtualFilterChain.doFilter(FilterChainProxy.java:374) ~[spring-security-web-6.5.2.jar:6.5.2]
	at org.springframework.security.web.authentication.logout.LogoutFilter.doFilter(LogoutFilter.java:107) ~[spring-security-web-6.5.2.jar:6.5.2]
	at org.springframework.security.web.authentication.logout.LogoutFilter.doFilter(LogoutFilter.java:93) ~[spring-security-web-6.5.2.jar:6.5.2]
	at org.springframework.security.web.FilterChainProxy$VirtualFilterChain.doFilter(FilterChainProxy.java:374) ~[spring-security-web-6.5.2.jar:6.5.2]
	at org.springframework.web.filter.CorsFilter.doFilterInternal(CorsFilter.java:91) ~[spring-web-6.2.9.jar:6.2.9]
	at org.springframework.web.filter.OncePerRequestFilter.doFilter(OncePerRequestFilter.java:116) ~[spring-web-6.2.9.jar:6.2.9]
	at org.springframework.security.web.FilterChainProxy$VirtualFilterChain.doFilter(FilterChainProxy.java:374) ~[spring-security-web-6.5.2.jar:6.5.2]
	at org.springframework.security.web.header.HeaderWriterFilter.doHeadersAfter(HeaderWriterFilter.java:90) ~[spring-security-web-6.5.2.jar:6.5.2]
	at org.springframework.security.web.header.HeaderWriterFilter.doFilterInternal(HeaderWriterFilter.java:75) ~[spring-security-web-6.5.2.jar:6.5.2]
	at org.springframework.web.filter.OncePerRequestFilter.doFilter(OncePerRequestFilter.java:116) ~[spring-web-6.2.9.jar:6.2.9]
	at org.springframework.security.web.FilterChainProxy$VirtualFilterChain.doFilter(FilterChainProxy.java:374) ~[spring-security-web-6.5.2.jar:6.5.2]
	at org.springframework.security.web.context.SecurityContextHolderFilter.doFilter(SecurityContextHolderFilter.java:82) ~[spring-security-web-6.5.2.jar:6.5.2]
	at org.springframework.security.web.context.SecurityContextHolderFilter.doFilter(SecurityContextHolderFilter.java:69) ~[spring-security-web-6.5.2.jar:6.5.2]
	at org.springframework.security.web.FilterChainProxy$VirtualFilterChain.doFilter(FilterChainProxy.java:374) ~[spring-security-web-6.5.2.jar:6.5.2]
	at org.springframework.security.web.context.request.async.WebAsyncManagerIntegrationFilter.doFilterInternal(WebAsyncManagerIntegrationFilter.java:62) ~[spring-security-web-6.5.2.jar:6.5.2]
	at org.springframework.web.filter.OncePerRequestFilter.doFilter(OncePerRequestFilter.java:116) ~[spring-web-6.2.9.jar:6.2.9]
	at org.springframework.security.web.FilterChainProxy$VirtualFilterChain.doFilter(FilterChainProxy.java:374) ~[spring-security-web-6.5.2.jar:6.5.2]
	at org.springframework.security.web.session.DisableEncodeUrlFilter.doFilterInternal(DisableEncodeUrlFilter.java:42) ~[spring-security-web-6.5.2.jar:6.5.2]
	at org.springframework.web.filter.OncePerRequestFilter.doFilter(OncePerRequestFilter.java:116) ~[spring-web-6.2.9.jar:6.2.9]
	at org.springframework.security.web.FilterChainProxy$VirtualFilterChain.doFilter(FilterChainProxy.java:374) ~[spring-security-web-6.5.2.jar:6.5.2]
	at org.springframework.security.web.FilterChainProxy.doFilterInternal(FilterChainProxy.java:233) ~[spring-security-web-6.5.2.jar:6.5.2]
	at org.springframework.security.web.FilterChainProxy.doFilter(FilterChainProxy.java:191) ~[spring-security-web-6.5.2.jar:6.5.2]
	at org.springframework.web.filter.CompositeFilter$VirtualFilterChain.doFilter(CompositeFilter.java:113) ~[spring-web-6.2.9.jar:6.2.9]
	at org.springframework.web.filter.ServletRequestPathFilter.doFilter(ServletRequestPathFilter.java:52) ~[spring-web-6.2.9.jar:6.2.9]
	at org.springframework.web.filter.CompositeFilter$VirtualFilterChain.doFilter(CompositeFilter.java:113) ~[spring-web-6.2.9.jar:6.2.9]
	at org.springframework.web.filter.CompositeFilter.doFilter(CompositeFilter.java:74) ~[spring-web-6.2.9.jar:6.2.9]
	at org.springframework.security.config.annotation.web.configuration.WebSecurityConfiguration$CompositeFilterChainProxy.doFilter(WebSecurityConfiguration.java:319) ~[spring-security-config-6.5.2.jar:6.5.2]
	at org.springframework.web.filter.CompositeFilter$VirtualFilterChain.doFilter(CompositeFilter.java:113) ~[spring-web-6.2.9.jar:6.2.9]
	at org.springframework.web.servlet.handler.HandlerMappingIntrospector.lambda$createCacheFilter$4(HandlerMappingIntrospector.java:267) ~[spring-webmvc-6.2.9.jar:6.2.9]
	at org.springframework.web.filter.CompositeFilter$VirtualFilterChain.doFilter(CompositeFilter.java:113) ~[spring-web-6.2.9.jar:6.2.9]
	at org.springframework.web.filter.CompositeFilter.doFilter(CompositeFilter.java:74) ~[spring-web-6.2.9.jar:6.2.9]
	at org.springframework.security.config.annotation.web.configuration.WebMvcSecurityConfiguration$CompositeFilterChainProxy.doFilter(WebMvcSecurityConfiguration.java:240) ~[spring-security-config-6.5.2.jar:6.5.2]
	at org.springframework.web.filter.DelegatingFilterProxy.invokeDelegate(DelegatingFilterProxy.java:362) ~[spring-web-6.2.9.jar:6.2.9]
	at org.springframework.web.filter.DelegatingFilterProxy.doFilter(DelegatingFilterProxy.java:278) ~[spring-web-6.2.9.jar:6.2.9]
	at org.apache.catalina.core.ApplicationFilterChain.internalDoFilter(ApplicationFilterChain.java:164) ~[tomcat-embed-core-10.1.43.jar:10.1.43]
	at org.apache.catalina.core.ApplicationFilterChain.doFilter(ApplicationFilterChain.java:140) ~[tomcat-embed-core-10.1.43.jar:10.1.43]
	at org.springframework.web.filter.RequestContextFilter.doFilterInternal(RequestContextFilter.java:100) ~[spring-web-6.2.9.jar:6.2.9]
	at org.springframework.web.filter.OncePerRequestFilter.doFilter(OncePerRequestFilter.java:116) ~[spring-web-6.2.9.jar:6.2.9]
	at org.apache.catalina.core.ApplicationFilterChain.internalDoFilter(ApplicationFilterChain.java:164) ~[tomcat-embed-core-10.1.43.jar:10.1.43]
	at org.apache.catalina.core.ApplicationFilterChain.doFilter(ApplicationFilterChain.java:140) ~[tomcat-embed-core-10.1.43.jar:10.1.43]
	at org.springframework.web.filter.FormContentFilter.doFilterInternal(FormContentFilter.java:93) ~[spring-web-6.2.9.jar:6.2.9]
	at org.springframework.web.filter.OncePerRequestFilter.doFilter(OncePerRequestFilter.java:116) ~[spring-web-6.2.9.jar:6.2.9]
	at org.apache.catalina.core.ApplicationFilterChain.internalDoFilter(ApplicationFilterChain.java:164) ~[tomcat-embed-core-10.1.43.jar:10.1.43]
	at org.apache.catalina.core.ApplicationFilterChain.doFilter(ApplicationFilterChain.java:140) ~[tomcat-embed-core-10.1.43.jar:10.1.43]
	at org.springframework.web.filter.CharacterEncodingFilter.doFilterInternal(CharacterEncodingFilter.java:201) ~[spring-web-6.2.9.jar:6.2.9]
	at org.springframework.web.filter.OncePerRequestFilter.doFilter(OncePerRequestFilter.java:116) ~[spring-web-6.2.9.jar:6.2.9]
	at org.apache.catalina.core.ApplicationFilterChain.internalDoFilter(ApplicationFilterChain.java:164) ~[tomcat-embed-core-10.1.43.jar:10.1.43]
	at org.apache.catalina.core.ApplicationFilterChain.doFilter(ApplicationFilterChain.java:140) ~[tomcat-embed-core-10.1.43.jar:10.1.43]
	at org.springframework.web.filter.OncePerRequestFilter.doFilter(OncePerRequestFilter.java:101) ~[spring-web-6.2.9.jar:6.2.9]
	at org.apache.catalina.core.ApplicationFilterChain.internalDoFilter(ApplicationFilterChain.java:164) ~[tomcat-embed-core-10.1.43.jar:10.1.43]
	at org.apache.catalina.core.ApplicationFilterChain.doFilter(ApplicationFilterChain.java:140) ~[tomcat-embed-core-10.1.43.jar:10.1.43]
	at org.apache.catalina.core.StandardWrapperValve.invoke(StandardWrapperValve.java:167) [tomcat-embed-core-10.1.43.jar:10.1.43]
	at org.apache.catalina.core.StandardContextValve.invoke(StandardContextValve.java:90) [tomcat-embed-core-10.1.43.jar:10.1.43]
	at org.apache.catalina.authenticator.AuthenticatorBase.invoke(AuthenticatorBase.java:483) [tomcat-embed-core-10.1.43.jar:10.1.43]
	at org.apache.catalina.core.StandardHostValve.invoke(StandardHostValve.java:116) [tomcat-embed-core-10.1.43.jar:10.1.43]
	at org.apache.catalina.valves.ErrorReportValve.invoke(ErrorReportValve.java:93) [tomcat-embed-core-10.1.43.jar:10.1.43]
	at org.apache.catalina.core.StandardEngineValve.invoke(StandardEngineValve.java:74) [tomcat-embed-core-10.1.43.jar:10.1.43]
	at org.apache.catalina.connector.CoyoteAdapter.service(CoyoteAdapter.java:344) [tomcat-embed-core-10.1.43.jar:10.1.43]
	at org.apache.coyote.http11.Http11Processor.service(Http11Processor.java:398) [tomcat-embed-core-10.1.43.jar:10.1.43]
	at org.apache.coyote.AbstractProcessorLight.process(AbstractProcessorLight.java:63) [tomcat-embed-core-10.1.43.jar:10.1.43]
	at org.apache.coyote.AbstractProtocol$ConnectionHandler.process(AbstractProtocol.java:903) [tomcat-embed-core-10.1.43.jar:10.1.43]
	at org.apache.tomcat.util.net.NioEndpoint$SocketProcessor.doRun(NioEndpoint.java:1769) [tomcat-embed-core-10.1.43.jar:10.1.43]
	at org.apache.tomcat.util.net.SocketProcessorBase.run(SocketProcessorBase.java:52) [tomcat-embed-core-10.1.43.jar:10.1.43]
	at org.apache.tomcat.util.threads.ThreadPoolExecutor.runWorker(ThreadPoolExecutor.java:1189) [tomcat-embed-core-10.1.43.jar:10.1.43]
	at org.apache.tomcat.util.threads.ThreadPoolExecutor$Worker.run(ThreadPoolExecutor.java:658) [tomcat-embed-core-10.1.43.jar:10.1.43]
	at org.apache.tomcat.util.threads.TaskThread$WrappingRunnable.run(TaskThread.java:63) [tomcat-embed-core-10.1.43.jar:10.1.43]
	at java.base/java.lang.Thread.run(Thread.java:1516) [?:?]
2026-10-06 08:18:57 DEBUG [http-nio-0.0.0.0-8080-exec-5] FilterChainProxy - Securing GET /error
2026-10-06 08:18:57 DEBUG [http-nio-0.0.0.0-8080-exec-5] FilterChainProxy - Secured GET /error
2026-10-06 08:18:57 DEBUG [http-nio-0.0.0.0-8080-exec-5] AnonymousAuthenticationFilter - Set SecurityContextHolder to anonymous SecurityContext
2026-10-06 08:19:01 DEBUG [http-nio-0.0.0.0-8080-exec-6] FilterChainProxy - Securing OPTIONS /api/notifications/mine?limit=12
2026-10-06 08:19:01 DEBUG [http-nio-0.0.0.0-8080-exec-7] FilterChainProxy - Securing OPTIONS /api/notifications/mine/unread-count
2026-10-06 08:19:01 DEBUG [http-nio-0.0.0.0-8080-exec-1] FilterChainProxy - Securing OPTIONS /api/course
2026-10-06 08:19:01 DEBUG [http-nio-0.0.0.0-8080-exec-1] FilterChainProxy - Securing OPTIONS /api/subjects
2026-10-06 08:19:01 DEBUG [http-nio-0.0.0.0-8080-exec-6] FilterChainProxy - Securing OPTIONS /api/chapter
2026-10-06 08:19:01 DEBUG [http-nio-0.0.0.0-8080-exec-11] FilterChainProxy - Securing OPTIONS /api/topics
2026-10-06 08:19:01 DEBUG [http-nio-0.0.0.0-8080-exec-9] FilterChainProxy - Securing GET /api/course
2026-10-06 08:19:01 DEBUG [http-nio-0.0.0.0-8080-exec-10] FilterChainProxy - Securing OPTIONS /api/questions
2026-10-06 08:19:01 DEBUG [http-nio-0.0.0.0-8080-exec-4] FilterChainProxy - Securing GET /api/notifications/mine/unread-count
2026-10-06 08:19:01 DEBUG [http-nio-0.0.0.0-8080-exec-2] FilterChainProxy - Securing OPTIONS /api/exams
2026-10-06 08:19:01 DEBUG [http-nio-0.0.0.0-8080-exec-2] FilterChainProxy - Securing GET /api/chapter
2026-10-06 08:19:01 DEBUG [http-nio-0.0.0.0-8080-exec-8] FilterChainProxy - Securing OPTIONS /api/notifications/mine?limit=12
2026-10-06 08:19:01 DEBUG [http-nio-0.0.0.0-8080-exec-3] FilterChainProxy - Securing GET /api/notifications/mine?limit=12
2026-10-06 08:19:01 DEBUG [http-nio-0.0.0.0-8080-exec-12] FilterChainProxy - Securing OPTIONS /api/notifications/mine/unread-count
2026-10-06 08:19:01 DEBUG [http-nio-0.0.0.0-8080-exec-7] FilterChainProxy - Securing OPTIONS /api/activity-sessions/resume
2026-10-06 08:19:01 DEBUG [http-nio-0.0.0.0-8080-exec-5] FilterChainProxy - Securing OPTIONS /api/exams/results/me
2026-10-06 08:19:01 DEBUG [http-nio-0.0.0.0-8080-exec-6] FilterChainProxy - Securing GET /api/subjects
2026-10-06 08:19:01 INFO  [http-nio-0.0.0.0-8080-exec-9] JwtAuthenticationFilter - JWT AUTHENTICATION SUCCESS
2026-10-06 08:19:01 INFO  [http-nio-0.0.0.0-8080-exec-2] JwtAuthenticationFilter - JWT AUTHENTICATION SUCCESS
2026-10-06 08:19:01 INFO  [http-nio-0.0.0.0-8080-exec-4] JwtAuthenticationFilter - JWT AUTHENTICATION SUCCESS
2026-10-06 08:19:01 DEBUG [http-nio-0.0.0.0-8080-exec-9] FilterChainProxy - Secured GET /api/course
2026-10-06 08:19:01 DEBUG [http-nio-0.0.0.0-8080-exec-2] FilterChainProxy - Secured GET /api/chapter
2026-10-06 08:19:01 INFO  [http-nio-0.0.0.0-8080-exec-3] JwtAuthenticationFilter - JWT AUTHENTICATION SUCCESS
2026-10-06 08:19:01 DEBUG [http-nio-0.0.0.0-8080-exec-4] FilterChainProxy - Secured GET /api/notifications/mine/unread-count
2026-10-06 08:19:01 DEBUG [http-nio-0.0.0.0-8080-exec-3] FilterChainProxy - Secured GET /api/notifications/mine?limit=12
2026-10-06 08:19:01 INFO  [http-nio-0.0.0.0-8080-exec-2] ChapterController - Received request to fetch all chapters.
2026-10-06 08:19:01 INFO  [http-nio-0.0.0.0-8080-exec-2] ChapterService - Fetching all chapters.
2026-10-06 08:19:01 INFO  [http-nio-0.0.0.0-8080-exec-6] JwtAuthenticationFilter - JWT AUTHENTICATION SUCCESS
2026-10-06 08:19:01 DEBUG [http-nio-0.0.0.0-8080-exec-6] FilterChainProxy - Secured GET /api/subjects
2026-10-06 08:19:01 INFO  [http-nio-0.0.0.0-8080-exec-9] CourseController - Received request to fetch all courses.
2026-10-06 08:19:01 INFO  [http-nio-0.0.0.0-8080-exec-9] CourseService - Fetching all courses.
2026-10-06 08:19:01 DEBUG [http-nio-0.0.0.0-8080-exec-11] FilterChainProxy - Securing GET /api/topics
2026-10-06 08:19:01 INFO  [http-nio-0.0.0.0-8080-exec-2] ChapterService - Fetched 6 chapters.
2026-10-06 08:19:01 INFO  [http-nio-0.0.0.0-8080-exec-2] ChapterController - Fetched 6 chapters successfully.
2026-10-06 08:19:01 INFO  [http-nio-0.0.0.0-8080-exec-9] CourseService - Fetched 1 courses.
2026-10-06 08:19:01 INFO  [http-nio-0.0.0.0-8080-exec-9] CourseController - Fetched 1 courses successfully.
2026-10-06 08:19:01 INFO  [http-nio-0.0.0.0-8080-exec-11] JwtAuthenticationFilter - JWT AUTHENTICATION SUCCESS
2026-10-06 08:19:01 DEBUG [http-nio-0.0.0.0-8080-exec-11] FilterChainProxy - Secured GET /api/topics
2026-10-06 08:19:01 DEBUG [http-nio-0.0.0.0-8080-exec-10] FilterChainProxy - Securing OPTIONS /api/course
2026-10-06 08:19:01 DEBUG [http-nio-0.0.0.0-8080-exec-8] FilterChainProxy - Securing OPTIONS /api/topics
2026-10-06 08:19:01 DEBUG [http-nio-0.0.0.0-8080-exec-12] FilterChainProxy - Securing OPTIONS /api/subjects
2026-10-06 08:19:01 DEBUG [http-nio-0.0.0.0-8080-exec-5] FilterChainProxy - Securing OPTIONS /api/exams
2026-10-06 08:19:01 DEBUG [http-nio-0.0.0.0-8080-exec-10] FilterChainProxy - Securing OPTIONS /api/questions
2026-10-06 08:19:01 DEBUG [http-nio-0.0.0.0-8080-exec-1] FilterChainProxy - Securing OPTIONS /api/chapter
2026-10-06 08:19:01 DEBUG [http-nio-0.0.0.0-8080-exec-3] FilterChainProxy - Securing GET /api/exams
2026-10-06 08:19:01 DEBUG [http-nio-0.0.0.0-8080-exec-2] FilterChainProxy - Securing GET /api/questions
2026-10-06 08:19:01 INFO  [http-nio-0.0.0.0-8080-exec-2] JwtAuthenticationFilter - JWT AUTHENTICATION SUCCESS
2026-10-06 08:19:01 INFO  [http-nio-0.0.0.0-8080-exec-3] JwtAuthenticationFilter - JWT AUTHENTICATION SUCCESS
2026-10-06 08:19:01 DEBUG [http-nio-0.0.0.0-8080-exec-2] FilterChainProxy - Secured GET /api/questions
2026-10-06 08:19:01 DEBUG [http-nio-0.0.0.0-8080-exec-3] FilterChainProxy - Secured GET /api/exams
2026-10-06 08:19:01 DEBUG [http-nio-0.0.0.0-8080-exec-6] FilterChainProxy - Securing GET /api/notifications/mine/unread-count
2026-10-06 08:19:01 DEBUG [http-nio-0.0.0.0-8080-exec-12] FilterChainProxy - Securing POST /api/activity-sessions/resume
2026-10-06 08:19:01 DEBUG [http-nio-0.0.0.0-8080-exec-4] FilterChainProxy - Securing GET /api/notifications/mine?limit=12
2026-10-06 08:19:01 DEBUG [http-nio-0.0.0.0-8080-exec-9] FilterChainProxy - Securing OPTIONS /api/exams/results/me
2026-10-06 08:19:01 DEBUG [http-nio-0.0.0.0-8080-exec-9] FilterChainProxy - Securing GET /api/exams/results/me
2026-10-06 08:19:01 INFO  [http-nio-0.0.0.0-8080-exec-6] JwtAuthenticationFilter - JWT AUTHENTICATION SUCCESS
2026-10-06 08:19:01 INFO  [http-nio-0.0.0.0-8080-exec-4] JwtAuthenticationFilter - JWT AUTHENTICATION SUCCESS
2026-10-06 08:19:01 DEBUG [http-nio-0.0.0.0-8080-exec-4] FilterChainProxy - Secured GET /api/notifications/mine?limit=12
2026-10-06 08:19:01 DEBUG [http-nio-0.0.0.0-8080-exec-6] FilterChainProxy - Secured GET /api/notifications/mine/unread-count
2026-10-06 08:19:01 INFO  [http-nio-0.0.0.0-8080-exec-12] JwtAuthenticationFilter - JWT AUTHENTICATION SUCCESS
2026-10-06 08:19:01 DEBUG [http-nio-0.0.0.0-8080-exec-12] FilterChainProxy - Secured POST /api/activity-sessions/resume
2026-10-06 08:19:01 INFO  [http-nio-0.0.0.0-8080-exec-9] JwtAuthenticationFilter - JWT AUTHENTICATION SUCCESS
2026-10-06 08:19:01 DEBUG [http-nio-0.0.0.0-8080-exec-9] FilterChainProxy - Secured GET /api/exams/results/me
2026-10-06 08:19:01 DEBUG [http-nio-0.0.0.0-8080-exec-5] FilterChainProxy - Securing GET /api/course
2026-10-06 08:19:01 DEBUG [http-nio-0.0.0.0-8080-exec-7] FilterChainProxy - Securing GET /api/topics
2026-10-06 08:19:01 DEBUG [http-nio-0.0.0.0-8080-exec-10] FilterChainProxy - Securing GET /api/chapter
2026-10-06 08:19:01 DEBUG [http-nio-0.0.0.0-8080-exec-11] FilterChainProxy - Securing GET /api/subjects
2026-10-06 08:19:01 DEBUG [http-nio-0.0.0.0-8080-exec-1] FilterChainProxy - Securing GET /api/exams
2026-10-06 08:19:01 INFO  [http-nio-0.0.0.0-8080-exec-5] JwtAuthenticationFilter - JWT AUTHENTICATION SUCCESS
2026-10-06 08:19:01 DEBUG [http-nio-0.0.0.0-8080-exec-5] FilterChainProxy - Secured GET /api/course
2026-10-06 08:19:01 INFO  [http-nio-0.0.0.0-8080-exec-5] CourseController - Received request to fetch all courses.
2026-10-06 08:19:01 INFO  [http-nio-0.0.0.0-8080-exec-5] CourseService - Fetching all courses.
2026-10-06 08:19:01 INFO  [http-nio-0.0.0.0-8080-exec-11] JwtAuthenticationFilter - JWT AUTHENTICATION SUCCESS
2026-10-06 08:19:01 DEBUG [http-nio-0.0.0.0-8080-exec-11] FilterChainProxy - Secured GET /api/subjects
2026-10-06 08:19:01 INFO  [http-nio-0.0.0.0-8080-exec-1] JwtAuthenticationFilter - JWT AUTHENTICATION SUCCESS
2026-10-06 08:19:01 INFO  [http-nio-0.0.0.0-8080-exec-7] JwtAuthenticationFilter - JWT AUTHENTICATION SUCCESS
2026-10-06 08:19:01 INFO  [http-nio-0.0.0.0-8080-exec-10] JwtAuthenticationFilter - JWT AUTHENTICATION SUCCESS
2026-10-06 08:19:01 DEBUG [http-nio-0.0.0.0-8080-exec-7] FilterChainProxy - Secured GET /api/topics
2026-10-06 08:19:01 DEBUG [http-nio-0.0.0.0-8080-exec-10] FilterChainProxy - Secured GET /api/chapter
2026-10-06 08:19:01 DEBUG [http-nio-0.0.0.0-8080-exec-1] FilterChainProxy - Secured GET /api/exams
2026-10-06 08:19:01 INFO  [http-nio-0.0.0.0-8080-exec-5] CourseService - Fetched 1 courses.
2026-10-06 08:19:01 INFO  [http-nio-0.0.0.0-8080-exec-10] ChapterController - Received request to fetch all chapters.
2026-10-06 08:19:01 INFO  [http-nio-0.0.0.0-8080-exec-5] CourseController - Fetched 1 courses successfully.
2026-10-06 08:19:01 INFO  [http-nio-0.0.0.0-8080-exec-10] ChapterService - Fetching all chapters.
2026-10-06 08:19:01 INFO  [http-nio-0.0.0.0-8080-exec-10] ChapterService - Fetched 6 chapters.
2026-10-06 08:19:01 INFO  [http-nio-0.0.0.0-8080-exec-10] ChapterController - Fetched 6 chapters successfully.
2026-10-06 08:19:01 DEBUG [http-nio-0.0.0.0-8080-exec-8] FilterChainProxy - Securing GET /api/exams/results/me
2026-10-06 08:19:01 INFO  [http-nio-0.0.0.0-8080-exec-8] JwtAuthenticationFilter - JWT AUTHENTICATION SUCCESS
2026-10-06 08:19:01 DEBUG [http-nio-0.0.0.0-8080-exec-8] FilterChainProxy - Secured GET /api/exams/results/me
2026-10-06 08:19:01 DEBUG [http-nio-0.0.0.0-8080-exec-4] FilterChainProxy - Securing GET /api/questions
2026-10-06 08:19:01 INFO  [http-nio-0.0.0.0-8080-exec-4] JwtAuthenticationFilter - JWT AUTHENTICATION SUCCESS
2026-10-06 08:19:01 DEBUG [http-nio-0.0.0.0-8080-exec-4] FilterChainProxy - Secured GET /api/questions
2026-10-06 08:19:15 DEBUG [http-nio-0.0.0.0-8080-exec-6] FilterChainProxy - Securing OPTIONS /api/exams/8/questions
2026-10-06 08:19:15 DEBUG [http-nio-0.0.0.0-8080-exec-3] FilterChainProxy - Securing OPTIONS /api/exams/8/questions
2026-10-06 08:19:15 DEBUG [http-nio-0.0.0.0-8080-exec-9] FilterChainProxy - Securing GET /api/exams/8/questions
2026-10-06 08:19:15 INFO  [http-nio-0.0.0.0-8080-exec-9] JwtAuthenticationFilter - JWT AUTHENTICATION SUCCESS
2026-10-06 08:19:15 DEBUG [http-nio-0.0.0.0-8080-exec-9] FilterChainProxy - Secured GET /api/exams/8/questions
2026-10-06 08:19:15 ERROR [http-nio-0.0.0.0-8080-exec-9] [dispatcherServlet] - Servlet.service() for servlet [dispatcherServlet] in context with path [] threw exception [Request processing failed: java.lang.IllegalStateException: An active subscription is required for this course] with root cause
java.lang.IllegalStateException: An active subscription is required for this course
	at com.project.ProjectS.service.SubscriptionEntitlementService.lambda$requireCourseAccess$0(SubscriptionEntitlementService.java:24) ~[classes/:?]
	at java.base/java.util.Optional.orElseThrow(Optional.java:407) ~[?:?]
	at com.project.ProjectS.service.SubscriptionEntitlementService.requireCourseAccess(SubscriptionEntitlementService.java:24) ~[classes/:?]
	at com.project.ProjectS.service.SubscriptionEntitlementService.requireCourseAccess(SubscriptionEntitlementService.java:32) ~[classes/:?]
	at java.base/jdk.internal.reflect.DirectMethodHandleAccessor.invoke(DirectMethodHandleAccessor.java:104) ~[?:?]
	at java.base/java.lang.reflect.Method.invoke(Method.java:565) ~[?:?]
	at org.springframework.aop.support.AopUtils.invokeJoinpointUsingReflection(AopUtils.java:360) ~[spring-aop-6.2.9.jar:6.2.9]
	at org.springframework.aop.framework.CglibAopProxy$DynamicAdvisedInterceptor.intercept(CglibAopProxy.java:724) ~[spring-aop-6.2.9.jar:6.2.9]
	at com.project.ProjectS.service.SubscriptionEntitlementService$$SpringCGLIB$$0.requireCourseAccess(<generated>) ~[classes/:?]
	at com.project.ProjectS.service.ExamService.getExamQuestions(ExamService.java:679) ~[classes/:?]
	at java.base/jdk.internal.reflect.DirectMethodHandleAccessor.invoke(DirectMethodHandleAccessor.java:104) ~[?:?]
	at java.base/java.lang.reflect.Method.invoke(Method.java:565) ~[?:?]
	at org.springframework.aop.support.AopUtils.invokeJoinpointUsingReflection(AopUtils.java:360) ~[spring-aop-6.2.9.jar:6.2.9]
	at org.springframework.aop.framework.ReflectiveMethodInvocation.invokeJoinpoint(ReflectiveMethodInvocation.java:196) ~[spring-aop-6.2.9.jar:6.2.9]
	at org.springframework.aop.framework.ReflectiveMethodInvocation.proceed(ReflectiveMethodInvocation.java:163) ~[spring-aop-6.2.9.jar:6.2.9]
	at org.springframework.transaction.interceptor.TransactionAspectSupport.invokeWithinTransaction(TransactionAspectSupport.java:380) ~[spring-tx-6.2.9.jar:6.2.9]
	at org.springframework.transaction.interceptor.TransactionInterceptor.invoke(TransactionInterceptor.java:119) ~[spring-tx-6.2.9.jar:6.2.9]
	at org.springframework.aop.framework.ReflectiveMethodInvocation.proceed(ReflectiveMethodInvocation.java:184) ~[spring-aop-6.2.9.jar:6.2.9]
	at org.springframework.aop.framework.CglibAopProxy$DynamicAdvisedInterceptor.intercept(CglibAopProxy.java:728) ~[spring-aop-6.2.9.jar:6.2.9]
	at com.project.ProjectS.service.ExamService$$SpringCGLIB$$0.getExamQuestions(<generated>) ~[classes/:?]
	at com.project.ProjectS.controller.ExamController.getExamQuestions(ExamController.java:106) ~[classes/:?]
	at java.base/jdk.internal.reflect.DirectMethodHandleAccessor.invoke(DirectMethodHandleAccessor.java:104) ~[?:?]
	at java.base/java.lang.reflect.Method.invoke(Method.java:565) ~[?:?]
	at org.springframework.web.method.support.InvocableHandlerMethod.doInvoke(InvocableHandlerMethod.java:258) ~[spring-web-6.2.9.jar:6.2.9]
	at org.springframework.web.method.support.InvocableHandlerMethod.invokeForRequest(InvocableHandlerMethod.java:191) ~[spring-web-6.2.9.jar:6.2.9]
	at org.springframework.web.servlet.mvc.method.annotation.ServletInvocableHandlerMethod.invokeAndHandle(ServletInvocableHandlerMethod.java:118) ~[spring-webmvc-6.2.9.jar:6.2.9]
	at org.springframework.web.servlet.mvc.method.annotation.RequestMappingHandlerAdapter.invokeHandlerMethod(RequestMappingHandlerAdapter.java:991) ~[spring-webmvc-6.2.9.jar:6.2.9]
	at org.springframework.web.servlet.mvc.method.annotation.RequestMappingHandlerAdapter.handleInternal(RequestMappingHandlerAdapter.java:896) ~[spring-webmvc-6.2.9.jar:6.2.9]
	at org.springframework.web.servlet.mvc.method.AbstractHandlerMethodAdapter.handle(AbstractHandlerMethodAdapter.java:87) ~[spring-webmvc-6.2.9.jar:6.2.9]
	at org.springframework.web.servlet.DispatcherServlet.doDispatch(DispatcherServlet.java:1089) ~[spring-webmvc-6.2.9.jar:6.2.9]
	at org.springframework.web.servlet.DispatcherServlet.doService(DispatcherServlet.java:979) ~[spring-webmvc-6.2.9.jar:6.2.9]
	at org.springframework.web.servlet.FrameworkServlet.processRequest(FrameworkServlet.java:1014) ~[spring-webmvc-6.2.9.jar:6.2.9]
	at org.springframework.web.servlet.FrameworkServlet.doGet(FrameworkServlet.java:903) ~[spring-webmvc-6.2.9.jar:6.2.9]
	at jakarta.servlet.http.HttpServlet.service(HttpServlet.java:564) ~[tomcat-embed-core-10.1.43.jar:6.0]
	at org.springframework.web.servlet.FrameworkServlet.service(FrameworkServlet.java:885) ~[spring-webmvc-6.2.9.jar:6.2.9]
	at jakarta.servlet.http.HttpServlet.service(HttpServlet.java:658) ~[tomcat-embed-core-10.1.43.jar:6.0]
	at org.apache.catalina.core.ApplicationFilterChain.internalDoFilter(ApplicationFilterChain.java:195) ~[tomcat-embed-core-10.1.43.jar:10.1.43]
	at org.apache.catalina.core.ApplicationFilterChain.doFilter(ApplicationFilterChain.java:140) ~[tomcat-embed-core-10.1.43.jar:10.1.43]
	at org.apache.tomcat.websocket.server.WsFilter.doFilter(WsFilter.java:51) ~[tomcat-embed-websocket-10.1.43.jar:10.1.43]
	at org.apache.catalina.core.ApplicationFilterChain.internalDoFilter(ApplicationFilterChain.java:164) ~[tomcat-embed-core-10.1.43.jar:10.1.43]
	at org.apache.catalina.core.ApplicationFilterChain.doFilter(ApplicationFilterChain.java:140) ~[tomcat-embed-core-10.1.43.jar:10.1.43]
	at org.springframework.web.filter.OncePerRequestFilter.doFilter(OncePerRequestFilter.java:110) ~[spring-web-6.2.9.jar:6.2.9]
	at org.apache.catalina.core.ApplicationFilterChain.internalDoFilter(ApplicationFilterChain.java:164) ~[tomcat-embed-core-10.1.43.jar:10.1.43]
	at org.apache.catalina.core.ApplicationFilterChain.doFilter(ApplicationFilterChain.java:140) ~[tomcat-embed-core-10.1.43.jar:10.1.43]
	at org.springframework.web.filter.OncePerRequestFilter.doFilter(OncePerRequestFilter.java:110) ~[spring-web-6.2.9.jar:6.2.9]
	at org.apache.catalina.core.ApplicationFilterChain.internalDoFilter(ApplicationFilterChain.java:164) ~[tomcat-embed-core-10.1.43.jar:10.1.43]
	at org.apache.catalina.core.ApplicationFilterChain.doFilter(ApplicationFilterChain.java:140) ~[tomcat-embed-core-10.1.43.jar:10.1.43]
	at org.springframework.web.filter.CompositeFilter$VirtualFilterChain.doFilter(CompositeFilter.java:108) ~[spring-web-6.2.9.jar:6.2.9]
	at org.springframework.web.filter.CompositeFilter$VirtualFilterChain.doFilter(CompositeFilter.java:108) ~[spring-web-6.2.9.jar:6.2.9]
	at org.springframework.security.web.FilterChainProxy.lambda$doFilterInternal$3(FilterChainProxy.java:231) ~[spring-security-web-6.5.2.jar:6.5.2]
	at org.springframework.security.web.FilterChainProxy$VirtualFilterChain.doFilter(FilterChainProxy.java:365) ~[spring-security-web-6.5.2.jar:6.5.2]
	at org.springframework.security.web.access.intercept.AuthorizationFilter.doFilter(AuthorizationFilter.java:101) ~[spring-security-web-6.5.2.jar:6.5.2]
	at org.springframework.security.web.FilterChainProxy$VirtualFilterChain.doFilter(FilterChainProxy.java:374) ~[spring-security-web-6.5.2.jar:6.5.2]
	at org.springframework.security.web.access.ExceptionTranslationFilter.doFilter(ExceptionTranslationFilter.java:125) ~[spring-security-web-6.5.2.jar:6.5.2]
	at org.springframework.security.web.access.ExceptionTranslationFilter.doFilter(ExceptionTranslationFilter.java:119) ~[spring-security-web-6.5.2.jar:6.5.2]
	at org.springframework.security.web.FilterChainProxy$VirtualFilterChain.doFilter(FilterChainProxy.java:374) ~[spring-security-web-6.5.2.jar:6.5.2]
	at org.springframework.security.web.session.SessionManagementFilter.doFilter(SessionManagementFilter.java:131) ~[spring-security-web-6.5.2.jar:6.5.2]
	at org.springframework.security.web.session.SessionManagementFilter.doFilter(SessionManagementFilter.java:85) ~[spring-security-web-6.5.2.jar:6.5.2]
	at org.springframework.security.web.FilterChainProxy$VirtualFilterChain.doFilter(FilterChainProxy.java:374) ~[spring-security-web-6.5.2.jar:6.5.2]
	at org.springframework.security.web.authentication.AnonymousAuthenticationFilter.doFilter(AnonymousAuthenticationFilter.java:100) ~[spring-security-web-6.5.2.jar:6.5.2]
	at org.springframework.security.web.FilterChainProxy$VirtualFilterChain.doFilter(FilterChainProxy.java:374) ~[spring-security-web-6.5.2.jar:6.5.2]
	at org.springframework.security.web.servletapi.SecurityContextHolderAwareRequestFilter.doFilter(SecurityContextHolderAwareRequestFilter.java:179) ~[spring-security-web-6.5.2.jar:6.5.2]
	at org.springframework.security.web.FilterChainProxy$VirtualFilterChain.doFilter(FilterChainProxy.java:374) ~[spring-security-web-6.5.2.jar:6.5.2]
	at org.springframework.security.web.savedrequest.RequestCacheAwareFilter.doFilter(RequestCacheAwareFilter.java:63) ~[spring-security-web-6.5.2.jar:6.5.2]
	at org.springframework.security.web.FilterChainProxy$VirtualFilterChain.doFilter(FilterChainProxy.java:374) ~[spring-security-web-6.5.2.jar:6.5.2]
	at org.springframework.security.web.authentication.ui.DefaultLogoutPageGeneratingFilter.doFilterInternal(DefaultLogoutPageGeneratingFilter.java:59) ~[spring-security-web-6.5.2.jar:6.5.2]
	at org.springframework.web.filter.OncePerRequestFilter.doFilter(OncePerRequestFilter.java:116) ~[spring-web-6.2.9.jar:6.2.9]
	at org.springframework.security.web.FilterChainProxy$VirtualFilterChain.doFilter(FilterChainProxy.java:374) ~[spring-security-web-6.5.2.jar:6.5.2]
	at org.springframework.security.web.authentication.ui.DefaultLoginPageGeneratingFilter.doFilter(DefaultLoginPageGeneratingFilter.java:216) ~[spring-security-web-6.5.2.jar:6.5.2]
	at org.springframework.security.web.authentication.ui.DefaultLoginPageGeneratingFilter.doFilter(DefaultLoginPageGeneratingFilter.java:202) ~[spring-security-web-6.5.2.jar:6.5.2]
	at org.springframework.security.web.FilterChainProxy$VirtualFilterChain.doFilter(FilterChainProxy.java:374) ~[spring-security-web-6.5.2.jar:6.5.2]
	at org.springframework.security.web.authentication.ui.DefaultResourcesFilter.doFilter(DefaultResourcesFilter.java:72) ~[spring-security-web-6.5.2.jar:6.5.2]
	at org.springframework.security.web.FilterChainProxy$VirtualFilterChain.doFilter(FilterChainProxy.java:374) ~[spring-security-web-6.5.2.jar:6.5.2]
	at com.project.ProjectS.security.filter.JwtAuthenticationFilter.doFilterInternal(JwtAuthenticationFilter.java:115) ~[classes/:?]
	at org.springframework.web.filter.OncePerRequestFilter.doFilter(OncePerRequestFilter.java:116) ~[spring-web-6.2.9.jar:6.2.9]
	at org.springframework.security.web.FilterChainProxy$VirtualFilterChain.doFilter(FilterChainProxy.java:374) ~[spring-security-web-6.5.2.jar:6.5.2]
	at org.springframework.security.web.authentication.AbstractAuthenticationProcessingFilter.doFilter(AbstractAuthenticationProcessingFilter.java:235) ~[spring-security-web-6.5.2.jar:6.5.2]
	at org.springframework.security.web.authentication.AbstractAuthenticationProcessingFilter.doFilter(AbstractAuthenticationProcessingFilter.java:229) ~[spring-security-web-6.5.2.jar:6.5.2]
	at org.springframework.security.web.FilterChainProxy$VirtualFilterChain.doFilter(FilterChainProxy.java:374) ~[spring-security-web-6.5.2.jar:6.5.2]
	at org.springframework.security.oauth2.client.web.OAuth2AuthorizationRequestRedirectFilter.doFilterInternal(OAuth2AuthorizationRequestRedirectFilter.java:198) ~[spring-security-oauth2-client-6.5.2.jar:6.5.2]
	at org.springframework.web.filter.OncePerRequestFilter.doFilter(OncePerRequestFilter.java:116) ~[spring-web-6.2.9.jar:6.2.9]
	at org.springframework.security.web.FilterChainProxy$VirtualFilterChain.doFilter(FilterChainProxy.java:374) ~[spring-security-web-6.5.2.jar:6.5.2]
	at org.springframework.security.web.authentication.logout.LogoutFilter.doFilter(LogoutFilter.java:107) ~[spring-security-web-6.5.2.jar:6.5.2]
	at org.springframework.security.web.authentication.logout.LogoutFilter.doFilter(LogoutFilter.java:93) ~[spring-security-web-6.5.2.jar:6.5.2]
	at org.springframework.security.web.FilterChainProxy$VirtualFilterChain.doFilter(FilterChainProxy.java:374) ~[spring-security-web-6.5.2.jar:6.5.2]
	at org.springframework.web.filter.CorsFilter.doFilterInternal(CorsFilter.java:91) ~[spring-web-6.2.9.jar:6.2.9]
	at org.springframework.web.filter.OncePerRequestFilter.doFilter(OncePerRequestFilter.java:116) ~[spring-web-6.2.9.jar:6.2.9]
	at org.springframework.security.web.FilterChainProxy$VirtualFilterChain.doFilter(FilterChainProxy.java:374) ~[spring-security-web-6.5.2.jar:6.5.2]
	at org.springframework.security.web.header.HeaderWriterFilter.doHeadersAfter(HeaderWriterFilter.java:90) ~[spring-security-web-6.5.2.jar:6.5.2]
	at org.springframework.security.web.header.HeaderWriterFilter.doFilterInternal(HeaderWriterFilter.java:75) ~[spring-security-web-6.5.2.jar:6.5.2]
	at org.springframework.web.filter.OncePerRequestFilter.doFilter(OncePerRequestFilter.java:116) ~[spring-web-6.2.9.jar:6.2.9]
	at org.springframework.security.web.FilterChainProxy$VirtualFilterChain.doFilter(FilterChainProxy.java:374) ~[spring-security-web-6.5.2.jar:6.5.2]
	at org.springframework.security.web.context.SecurityContextHolderFilter.doFilter(SecurityContextHolderFilter.java:82) ~[spring-security-web-6.5.2.jar:6.5.2]
	at org.springframework.security.web.context.SecurityContextHolderFilter.doFilter(SecurityContextHolderFilter.java:69) ~[spring-security-web-6.5.2.jar:6.5.2]
	at org.springframework.security.web.FilterChainProxy$VirtualFilterChain.doFilter(FilterChainProxy.java:374) ~[spring-security-web-6.5.2.jar:6.5.2]
	at org.springframework.security.web.context.request.async.WebAsyncManagerIntegrationFilter.doFilterInternal(WebAsyncManagerIntegrationFilter.java:62) ~[spring-security-web-6.5.2.jar:6.5.2]
	at org.springframework.web.filter.OncePerRequestFilter.doFilter(OncePerRequestFilter.java:116) ~[spring-web-6.2.9.jar:6.2.9]
	at org.springframework.security.web.FilterChainProxy$VirtualFilterChain.doFilter(FilterChainProxy.java:374) ~[spring-security-web-6.5.2.jar:6.5.2]
	at org.springframework.security.web.session.DisableEncodeUrlFilter.doFilterInternal(DisableEncodeUrlFilter.java:42) ~[spring-security-web-6.5.2.jar:6.5.2]
	at org.springframework.web.filter.OncePerRequestFilter.doFilter(OncePerRequestFilter.java:116) ~[spring-web-6.2.9.jar:6.2.9]
	at org.springframework.security.web.FilterChainProxy$VirtualFilterChain.doFilter(FilterChainProxy.java:374) ~[spring-security-web-6.5.2.jar:6.5.2]
	at org.springframework.security.web.FilterChainProxy.doFilterInternal(FilterChainProxy.java:233) ~[spring-security-web-6.5.2.jar:6.5.2]
	at org.springframework.security.web.FilterChainProxy.doFilter(FilterChainProxy.java:191) ~[spring-security-web-6.5.2.jar:6.5.2]
	at org.springframework.web.filter.CompositeFilter$VirtualFilterChain.doFilter(CompositeFilter.java:113) ~[spring-web-6.2.9.jar:6.2.9]
	at org.springframework.web.filter.ServletRequestPathFilter.doFilter(ServletRequestPathFilter.java:52) ~[spring-web-6.2.9.jar:6.2.9]
	at org.springframework.web.filter.CompositeFilter$VirtualFilterChain.doFilter(CompositeFilter.java:113) ~[spring-web-6.2.9.jar:6.2.9]
	at org.springframework.web.filter.CompositeFilter.doFilter(CompositeFilter.java:74) ~[spring-web-6.2.9.jar:6.2.9]
	at org.springframework.security.config.annotation.web.configuration.WebSecurityConfiguration$CompositeFilterChainProxy.doFilter(WebSecurityConfiguration.java:319) ~[spring-security-config-6.5.2.jar:6.5.2]
	at org.springframework.web.filter.CompositeFilter$VirtualFilterChain.doFilter(CompositeFilter.java:113) ~[spring-web-6.2.9.jar:6.2.9]
	at org.springframework.web.servlet.handler.HandlerMappingIntrospector.lambda$createCacheFilter$4(HandlerMappingIntrospector.java:267) ~[spring-webmvc-6.2.9.jar:6.2.9]
	at org.springframework.web.filter.CompositeFilter$VirtualFilterChain.doFilter(CompositeFilter.java:113) ~[spring-web-6.2.9.jar:6.2.9]
	at org.springframework.web.filter.CompositeFilter.doFilter(CompositeFilter.java:74) ~[spring-web-6.2.9.jar:6.2.9]
	at org.springframework.security.config.annotation.web.configuration.WebMvcSecurityConfiguration$CompositeFilterChainProxy.doFilter(WebMvcSecurityConfiguration.java:240) ~[spring-security-config-6.5.2.jar:6.5.2]
	at org.springframework.web.filter.DelegatingFilterProxy.invokeDelegate(DelegatingFilterProxy.java:362) ~[spring-web-6.2.9.jar:6.2.9]
	at org.springframework.web.filter.DelegatingFilterProxy.doFilter(DelegatingFilterProxy.java:278) ~[spring-web-6.2.9.jar:6.2.9]
	at org.apache.catalina.core.ApplicationFilterChain.internalDoFilter(ApplicationFilterChain.java:164) ~[tomcat-embed-core-10.1.43.jar:10.1.43]
	at org.apache.catalina.core.ApplicationFilterChain.doFilter(ApplicationFilterChain.java:140) ~[tomcat-embed-core-10.1.43.jar:10.1.43]
	at org.springframework.web.filter.RequestContextFilter.doFilterInternal(RequestContextFilter.java:100) ~[spring-web-6.2.9.jar:6.2.9]
	at org.springframework.web.filter.OncePerRequestFilter.doFilter(OncePerRequestFilter.java:116) ~[spring-web-6.2.9.jar:6.2.9]
	at org.apache.catalina.core.ApplicationFilterChain.internalDoFilter(ApplicationFilterChain.java:164) ~[tomcat-embed-core-10.1.43.jar:10.1.43]
	at org.apache.catalina.core.ApplicationFilterChain.doFilter(ApplicationFilterChain.java:140) ~[tomcat-embed-core-10.1.43.jar:10.1.43]
	at org.springframework.web.filter.FormContentFilter.doFilterInternal(FormContentFilter.java:93) ~[spring-web-6.2.9.jar:6.2.9]
	at org.springframework.web.filter.OncePerRequestFilter.doFilter(OncePerRequestFilter.java:116) ~[spring-web-6.2.9.jar:6.2.9]
	at org.apache.catalina.core.ApplicationFilterChain.internalDoFilter(ApplicationFilterChain.java:164) ~[tomcat-embed-core-10.1.43.jar:10.1.43]
	at org.apache.catalina.core.ApplicationFilterChain.doFilter(ApplicationFilterChain.java:140) ~[tomcat-embed-core-10.1.43.jar:10.1.43]
	at org.springframework.web.filter.CharacterEncodingFilter.doFilterInternal(CharacterEncodingFilter.java:201) ~[spring-web-6.2.9.jar:6.2.9]
	at org.springframework.web.filter.OncePerRequestFilter.doFilter(OncePerRequestFilter.java:116) ~[spring-web-6.2.9.jar:6.2.9]
	at org.apache.catalina.core.ApplicationFilterChain.internalDoFilter(ApplicationFilterChain.java:164) ~[tomcat-embed-core-10.1.43.jar:10.1.43]
	at org.apache.catalina.core.ApplicationFilterChain.doFilter(ApplicationFilterChain.java:140) ~[tomcat-embed-core-10.1.43.jar:10.1.43]
	at org.springframework.web.filter.OncePerRequestFilter.doFilter(OncePerRequestFilter.java:101) ~[spring-web-6.2.9.jar:6.2.9]
	at org.apache.catalina.core.ApplicationFilterChain.internalDoFilter(ApplicationFilterChain.java:164) ~[tomcat-embed-core-10.1.43.jar:10.1.43]
	at org.apache.catalina.core.ApplicationFilterChain.doFilter(ApplicationFilterChain.java:140) ~[tomcat-embed-core-10.1.43.jar:10.1.43]
	at org.apache.catalina.core.StandardWrapperValve.invoke(StandardWrapperValve.java:167) [tomcat-embed-core-10.1.43.jar:10.1.43]
	at org.apache.catalina.core.StandardContextValve.invoke(StandardContextValve.java:90) [tomcat-embed-core-10.1.43.jar:10.1.43]
	at org.apache.catalina.authenticator.AuthenticatorBase.invoke(AuthenticatorBase.java:483) [tomcat-embed-core-10.1.43.jar:10.1.43]
	at org.apache.catalina.core.StandardHostValve.invoke(StandardHostValve.java:116) [tomcat-embed-core-10.1.43.jar:10.1.43]
	at org.apache.catalina.valves.ErrorReportValve.invoke(ErrorReportValve.java:93) [tomcat-embed-core-10.1.43.jar:10.1.43]
	at org.apache.catalina.core.StandardEngineValve.invoke(StandardEngineValve.java:74) [tomcat-embed-core-10.1.43.jar:10.1.43]
	at org.apache.catalina.connector.CoyoteAdapter.service(CoyoteAdapter.java:344) [tomcat-embed-core-10.1.43.jar:10.1.43]
	at org.apache.coyote.http11.Http11Processor.service(Http11Processor.java:398) [tomcat-embed-core-10.1.43.jar:10.1.43]
	at org.apache.coyote.AbstractProcessorLight.process(AbstractProcessorLight.java:63) [tomcat-embed-core-10.1.43.jar:10.1.43]
	at org.apache.coyote.AbstractProtocol$ConnectionHandler.process(AbstractProtocol.java:903) [tomcat-embed-core-10.1.43.jar:10.1.43]
	at org.apache.tomcat.util.net.NioEndpoint$SocketProcessor.doRun(NioEndpoint.java:1769) [tomcat-embed-core-10.1.43.jar:10.1.43]
	at org.apache.tomcat.util.net.SocketProcessorBase.run(SocketProcessorBase.java:52) [tomcat-embed-core-10.1.43.jar:10.1.43]
	at org.apache.tomcat.util.threads.ThreadPoolExecutor.runWorker(ThreadPoolExecutor.java:1189) [tomcat-embed-core-10.1.43.jar:10.1.43]
	at org.apache.tomcat.util.threads.ThreadPoolExecutor$Worker.run(ThreadPoolExecutor.java:658) [tomcat-embed-core-10.1.43.jar:10.1.43]
	at org.apache.tomcat.util.threads.TaskThread$WrappingRunnable.run(TaskThread.java:63) [tomcat-embed-core-10.1.43.jar:10.1.43]
	at java.base/java.lang.Thread.run(Thread.java:1516) [?:?]
2026-10-06 08:19:15 DEBUG [http-nio-0.0.0.0-8080-exec-9] FilterChainProxy - Securing GET /error
2026-10-06 08:19:15 DEBUG [http-nio-0.0.0.0-8080-exec-9] FilterChainProxy - Secured GET /error
2026-10-06 08:19:15 DEBUG [http-nio-0.0.0.0-8080-exec-9] AnonymousAuthenticationFilter - Set SecurityContextHolder to anonymous SecurityContext
2026-10-06 08:19:15 DEBUG [http-nio-0.0.0.0-8080-exec-12] FilterChainProxy - Securing GET /api/exams/8/questions
2026-10-06 08:19:15 INFO  [http-nio-0.0.0.0-8080-exec-12] JwtAuthenticationFilter - JWT AUTHENTICATION SUCCESS
2026-10-06 08:19:15 DEBUG [http-nio-0.0.0.0-8080-exec-12] FilterChainProxy - Secured GET /api/exams/8/questions
2026-10-06 08:19:15 ERROR [http-nio-0.0.0.0-8080-exec-12] [dispatcherServlet] - Servlet.service() for servlet [dispatcherServlet] in context with path [] threw exception [Request processing failed: java.lang.IllegalStateException: An active subscription is required for this course] with root cause
java.lang.IllegalStateException: An active subscription is required for this course
	at com.project.ProjectS.service.SubscriptionEntitlementService.lambda$requireCourseAccess$0(SubscriptionEntitlementService.java:24) ~[classes/:?]
	at java.base/java.util.Optional.orElseThrow(Optional.java:407) ~[?:?]
	at com.project.ProjectS.service.SubscriptionEntitlementService.requireCourseAccess(SubscriptionEntitlementService.java:24) ~[classes/:?]
	at com.project.ProjectS.service.SubscriptionEntitlementService.requireCourseAccess(SubscriptionEntitlementService.java:32) ~[classes/:?]
	at java.base/jdk.internal.reflect.DirectMethodHandleAccessor.invoke(DirectMethodHandleAccessor.java:104) ~[?:?]
	at java.base/java.lang.reflect.Method.invoke(Method.java:565) ~[?:?]
	at org.springframework.aop.support.AopUtils.invokeJoinpointUsingReflection(AopUtils.java:360) ~[spring-aop-6.2.9.jar:6.2.9]
	at org.springframework.aop.framework.CglibAopProxy$DynamicAdvisedInterceptor.intercept(CglibAopProxy.java:724) ~[spring-aop-6.2.9.jar:6.2.9]
	at com.project.ProjectS.service.SubscriptionEntitlementService$$SpringCGLIB$$0.requireCourseAccess(<generated>) ~[classes/:?]
	at com.project.ProjectS.service.ExamService.getExamQuestions(ExamService.java:679) ~[classes/:?]
	at java.base/jdk.internal.reflect.DirectMethodHandleAccessor.invoke(DirectMethodHandleAccessor.java:104) ~[?:?]
	at java.base/java.lang.reflect.Method.invoke(Method.java:565) ~[?:?]
	at org.springframework.aop.support.AopUtils.invokeJoinpointUsingReflection(AopUtils.java:360) ~[spring-aop-6.2.9.jar:6.2.9]
	at org.springframework.aop.framework.ReflectiveMethodInvocation.invokeJoinpoint(ReflectiveMethodInvocation.java:196) ~[spring-aop-6.2.9.jar:6.2.9]
	at org.springframework.aop.framework.ReflectiveMethodInvocation.proceed(ReflectiveMethodInvocation.java:163) ~[spring-aop-6.2.9.jar:6.2.9]
	at org.springframework.transaction.interceptor.TransactionAspectSupport.invokeWithinTransaction(TransactionAspectSupport.java:380) ~[spring-tx-6.2.9.jar:6.2.9]
	at org.springframework.transaction.interceptor.TransactionInterceptor.invoke(TransactionInterceptor.java:119) ~[spring-tx-6.2.9.jar:6.2.9]
	at org.springframework.aop.framework.ReflectiveMethodInvocation.proceed(ReflectiveMethodInvocation.java:184) ~[spring-aop-6.2.9.jar:6.2.9]
	at org.springframework.aop.framework.CglibAopProxy$DynamicAdvisedInterceptor.intercept(CglibAopProxy.java:728) ~[spring-aop-6.2.9.jar:6.2.9]
	at com.project.ProjectS.service.ExamService$$SpringCGLIB$$0.getExamQuestions(<generated>) ~[classes/:?]
	at com.project.ProjectS.controller.ExamController.getExamQuestions(ExamController.java:106) ~[classes/:?]
	at java.base/jdk.internal.reflect.DirectMethodHandleAccessor.invoke(DirectMethodHandleAccessor.java:104) ~[?:?]
	at java.base/java.lang.reflect.Method.invoke(Method.java:565) ~[?:?]
	at org.springframework.web.method.support.InvocableHandlerMethod.doInvoke(InvocableHandlerMethod.java:258) ~[spring-web-6.2.9.jar:6.2.9]
	at org.springframework.web.method.support.InvocableHandlerMethod.invokeForRequest(InvocableHandlerMethod.java:191) ~[spring-web-6.2.9.jar:6.2.9]
	at org.springframework.web.servlet.mvc.method.annotation.ServletInvocableHandlerMethod.invokeAndHandle(ServletInvocableHandlerMethod.java:118) ~[spring-webmvc-6.2.9.jar:6.2.9]
	at org.springframework.web.servlet.mvc.method.annotation.RequestMappingHandlerAdapter.invokeHandlerMethod(RequestMappingHandlerAdapter.java:991) ~[spring-webmvc-6.2.9.jar:6.2.9]
	at org.springframework.web.servlet.mvc.method.annotation.RequestMappingHandlerAdapter.handleInternal(RequestMappingHandlerAdapter.java:896) ~[spring-webmvc-6.2.9.jar:6.2.9]
	at org.springframework.web.servlet.mvc.method.AbstractHandlerMethodAdapter.handle(AbstractHandlerMethodAdapter.java:87) ~[spring-webmvc-6.2.9.jar:6.2.9]
	at org.springframework.web.servlet.DispatcherServlet.doDispatch(DispatcherServlet.java:1089) ~[spring-webmvc-6.2.9.jar:6.2.9]
	at org.springframework.web.servlet.DispatcherServlet.doService(DispatcherServlet.java:979) ~[spring-webmvc-6.2.9.jar:6.2.9]
	at org.springframework.web.servlet.FrameworkServlet.processRequest(FrameworkServlet.java:1014) ~[spring-webmvc-6.2.9.jar:6.2.9]
	at org.springframework.web.servlet.FrameworkServlet.doGet(FrameworkServlet.java:903) ~[spring-webmvc-6.2.9.jar:6.2.9]
	at jakarta.servlet.http.HttpServlet.service(HttpServlet.java:564) ~[tomcat-embed-core-10.1.43.jar:6.0]
	at org.springframework.web.servlet.FrameworkServlet.service(FrameworkServlet.java:885) ~[spring-webmvc-6.2.9.jar:6.2.9]
	at jakarta.servlet.http.HttpServlet.service(HttpServlet.java:658) ~[tomcat-embed-core-10.1.43.jar:6.0]
	at org.apache.catalina.core.ApplicationFilterChain.internalDoFilter(ApplicationFilterChain.java:195) ~[tomcat-embed-core-10.1.43.jar:10.1.43]
	at org.apache.catalina.core.ApplicationFilterChain.doFilter(ApplicationFilterChain.java:140) ~[tomcat-embed-core-10.1.43.jar:10.1.43]
	at org.apache.tomcat.websocket.server.WsFilter.doFilter(WsFilter.java:51) ~[tomcat-embed-websocket-10.1.43.jar:10.1.43]
	at org.apache.catalina.core.ApplicationFilterChain.internalDoFilter(ApplicationFilterChain.java:164) ~[tomcat-embed-core-10.1.43.jar:10.1.43]
	at org.apache.catalina.core.ApplicationFilterChain.doFilter(ApplicationFilterChain.java:140) ~[tomcat-embed-core-10.1.43.jar:10.1.43]
	at org.springframework.web.filter.OncePerRequestFilter.doFilter(OncePerRequestFilter.java:110) ~[spring-web-6.2.9.jar:6.2.9]
	at org.apache.catalina.core.ApplicationFilterChain.internalDoFilter(ApplicationFilterChain.java:164) ~[tomcat-embed-core-10.1.43.jar:10.1.43]
	at org.apache.catalina.core.ApplicationFilterChain.doFilter(ApplicationFilterChain.java:140) ~[tomcat-embed-core-10.1.43.jar:10.1.43]
	at org.springframework.web.filter.OncePerRequestFilter.doFilter(OncePerRequestFilter.java:110) ~[spring-web-6.2.9.jar:6.2.9]
	at org.apache.catalina.core.ApplicationFilterChain.internalDoFilter(ApplicationFilterChain.java:164) ~[tomcat-embed-core-10.1.43.jar:10.1.43]
	at org.apache.catalina.core.ApplicationFilterChain.doFilter(ApplicationFilterChain.java:140) ~[tomcat-embed-core-10.1.43.jar:10.1.43]
	at org.springframework.web.filter.CompositeFilter$VirtualFilterChain.doFilter(CompositeFilter.java:108) ~[spring-web-6.2.9.jar:6.2.9]
	at org.springframework.web.filter.CompositeFilter$VirtualFilterChain.doFilter(CompositeFilter.java:108) ~[spring-web-6.2.9.jar:6.2.9]
	at org.springframework.security.web.FilterChainProxy.lambda$doFilterInternal$3(FilterChainProxy.java:231) ~[spring-security-web-6.5.2.jar:6.5.2]
	at org.springframework.security.web.FilterChainProxy$VirtualFilterChain.doFilter(FilterChainProxy.java:365) ~[spring-security-web-6.5.2.jar:6.5.2]
	at org.springframework.security.web.access.intercept.AuthorizationFilter.doFilter(AuthorizationFilter.java:101) ~[spring-security-web-6.5.2.jar:6.5.2]
	at org.springframework.security.web.FilterChainProxy$VirtualFilterChain.doFilter(FilterChainProxy.java:374) ~[spring-security-web-6.5.2.jar:6.5.2]
	at org.springframework.security.web.access.ExceptionTranslationFilter.doFilter(ExceptionTranslationFilter.java:125) ~[spring-security-web-6.5.2.jar:6.5.2]
	at org.springframework.security.web.access.ExceptionTranslationFilter.doFilter(ExceptionTranslationFilter.java:119) ~[spring-security-web-6.5.2.jar:6.5.2]
	at org.springframework.security.web.FilterChainProxy$VirtualFilterChain.doFilter(FilterChainProxy.java:374) ~[spring-security-web-6.5.2.jar:6.5.2]
	at org.springframework.security.web.session.SessionManagementFilter.doFilter(SessionManagementFilter.java:131) ~[spring-security-web-6.5.2.jar:6.5.2]
	at org.springframework.security.web.session.SessionManagementFilter.doFilter(SessionManagementFilter.java:85) ~[spring-security-web-6.5.2.jar:6.5.2]
	at org.springframework.security.web.FilterChainProxy$VirtualFilterChain.doFilter(FilterChainProxy.java:374) ~[spring-security-web-6.5.2.jar:6.5.2]
	at org.springframework.security.web.authentication.AnonymousAuthenticationFilter.doFilter(AnonymousAuthenticationFilter.java:100) ~[spring-security-web-6.5.2.jar:6.5.2]
	at org.springframework.security.web.FilterChainProxy$VirtualFilterChain.doFilter(FilterChainProxy.java:374) ~[spring-security-web-6.5.2.jar:6.5.2]
	at org.springframework.security.web.servletapi.SecurityContextHolderAwareRequestFilter.doFilter(SecurityContextHolderAwareRequestFilter.java:179) ~[spring-security-web-6.5.2.jar:6.5.2]
	at org.springframework.security.web.FilterChainProxy$VirtualFilterChain.doFilter(FilterChainProxy.java:374) ~[spring-security-web-6.5.2.jar:6.5.2]
	at org.springframework.security.web.savedrequest.RequestCacheAwareFilter.doFilter(RequestCacheAwareFilter.java:63) ~[spring-security-web-6.5.2.jar:6.5.2]
	at org.springframework.security.web.FilterChainProxy$VirtualFilterChain.doFilter(FilterChainProxy.java:374) ~[spring-security-web-6.5.2.jar:6.5.2]
	at org.springframework.security.web.authentication.ui.DefaultLogoutPageGeneratingFilter.doFilterInternal(DefaultLogoutPageGeneratingFilter.java:59) ~[spring-security-web-6.5.2.jar:6.5.2]
	at org.springframework.web.filter.OncePerRequestFilter.doFilter(OncePerRequestFilter.java:116) ~[spring-web-6.2.9.jar:6.2.9]
	at org.springframework.security.web.FilterChainProxy$VirtualFilterChain.doFilter(FilterChainProxy.java:374) ~[spring-security-web-6.5.2.jar:6.5.2]
	at org.springframework.security.web.authentication.ui.DefaultLoginPageGeneratingFilter.doFilter(DefaultLoginPageGeneratingFilter.java:216) ~[spring-security-web-6.5.2.jar:6.5.2]
	at org.springframework.security.web.authentication.ui.DefaultLoginPageGeneratingFilter.doFilter(DefaultLoginPageGeneratingFilter.java:202) ~[spring-security-web-6.5.2.jar:6.5.2]
	at org.springframework.security.web.FilterChainProxy$VirtualFilterChain.doFilter(FilterChainProxy.java:374) ~[spring-security-web-6.5.2.jar:6.5.2]
	at org.springframework.security.web.authentication.ui.DefaultResourcesFilter.doFilter(DefaultResourcesFilter.java:72) ~[spring-security-web-6.5.2.jar:6.5.2]
	at org.springframework.security.web.FilterChainProxy$VirtualFilterChain.doFilter(FilterChainProxy.java:374) ~[spring-security-web-6.5.2.jar:6.5.2]
	at com.project.ProjectS.security.filter.JwtAuthenticationFilter.doFilterInternal(JwtAuthenticationFilter.java:115) ~[classes/:?]
	at org.springframework.web.filter.OncePerRequestFilter.doFilter(OncePerRequestFilter.java:116) ~[spring-web-6.2.9.jar:6.2.9]
	at org.springframework.security.web.FilterChainProxy$VirtualFilterChain.doFilter(FilterChainProxy.java:374) ~[spring-security-web-6.5.2.jar:6.5.2]
	at org.springframework.security.web.authentication.AbstractAuthenticationProcessingFilter.doFilter(AbstractAuthenticationProcessingFilter.java:235) ~[spring-security-web-6.5.2.jar:6.5.2]
	at org.springframework.security.web.authentication.AbstractAuthenticationProcessingFilter.doFilter(AbstractAuthenticationProcessingFilter.java:229) ~[spring-security-web-6.5.2.jar:6.5.2]
	at org.springframework.security.web.FilterChainProxy$VirtualFilterChain.doFilter(FilterChainProxy.java:374) ~[spring-security-web-6.5.2.jar:6.5.2]
	at org.springframework.security.oauth2.client.web.OAuth2AuthorizationRequestRedirectFilter.doFilterInternal(OAuth2AuthorizationRequestRedirectFilter.java:198) ~[spring-security-oauth2-client-6.5.2.jar:6.5.2]
	at org.springframework.web.filter.OncePerRequestFilter.doFilter(OncePerRequestFilter.java:116) ~[spring-web-6.2.9.jar:6.2.9]
	at org.springframework.security.web.FilterChainProxy$VirtualFilterChain.doFilter(FilterChainProxy.java:374) ~[spring-security-web-6.5.2.jar:6.5.2]
	at org.springframework.security.web.authentication.logout.LogoutFilter.doFilter(LogoutFilter.java:107) ~[spring-security-web-6.5.2.jar:6.5.2]
	at org.springframework.security.web.authentication.logout.LogoutFilter.doFilter(LogoutFilter.java:93) ~[spring-security-web-6.5.2.jar:6.5.2]
	at org.springframework.security.web.FilterChainProxy$VirtualFilterChain.doFilter(FilterChainProxy.java:374) ~[spring-security-web-6.5.2.jar:6.5.2]
	at org.springframework.web.filter.CorsFilter.doFilterInternal(CorsFilter.java:91) ~[spring-web-6.2.9.jar:6.2.9]
	at org.springframework.web.filter.OncePerRequestFilter.doFilter(OncePerRequestFilter.java:116) ~[spring-web-6.2.9.jar:6.2.9]
	at org.springframework.security.web.FilterChainProxy$VirtualFilterChain.doFilter(FilterChainProxy.java:374) ~[spring-security-web-6.5.2.jar:6.5.2]
	at org.springframework.security.web.header.HeaderWriterFilter.doHeadersAfter(HeaderWriterFilter.java:90) ~[spring-security-web-6.5.2.jar:6.5.2]
	at org.springframework.security.web.header.HeaderWriterFilter.doFilterInternal(HeaderWriterFilter.java:75) ~[spring-security-web-6.5.2.jar:6.5.2]
	at org.springframework.web.filter.OncePerRequestFilter.doFilter(OncePerRequestFilter.java:116) ~[spring-web-6.2.9.jar:6.2.9]
	at org.springframework.security.web.FilterChainProxy$VirtualFilterChain.doFilter(FilterChainProxy.java:374) ~[spring-security-web-6.5.2.jar:6.5.2]
	at org.springframework.security.web.context.SecurityContextHolderFilter.doFilter(SecurityContextHolderFilter.java:82) ~[spring-security-web-6.5.2.jar:6.5.2]
	at org.springframework.security.web.context.SecurityContextHolderFilter.doFilter(SecurityContextHolderFilter.java:69) ~[spring-security-web-6.5.2.jar:6.5.2]
	at org.springframework.security.web.FilterChainProxy$VirtualFilterChain.doFilter(FilterChainProxy.java:374) ~[spring-security-web-6.5.2.jar:6.5.2]
	at org.springframework.security.web.context.request.async.WebAsyncManagerIntegrationFilter.doFilterInternal(WebAsyncManagerIntegrationFilter.java:62) ~[spring-security-web-6.5.2.jar:6.5.2]
	at org.springframework.web.filter.OncePerRequestFilter.doFilter(OncePerRequestFilter.java:116) ~[spring-web-6.2.9.jar:6.2.9]
	at org.springframework.security.web.FilterChainProxy$VirtualFilterChain.doFilter(FilterChainProxy.java:374) ~[spring-security-web-6.5.2.jar:6.5.2]
	at org.springframework.security.web.session.DisableEncodeUrlFilter.doFilterInternal(DisableEncodeUrlFilter.java:42) ~[spring-security-web-6.5.2.jar:6.5.2]
	at org.springframework.web.filter.OncePerRequestFilter.doFilter(OncePerRequestFilter.java:116) ~[spring-web-6.2.9.jar:6.2.9]
	at org.springframework.security.web.FilterChainProxy$VirtualFilterChain.doFilter(FilterChainProxy.java:374) ~[spring-security-web-6.5.2.jar:6.5.2]
	at org.springframework.security.web.FilterChainProxy.doFilterInternal(FilterChainProxy.java:233) ~[spring-security-web-6.5.2.jar:6.5.2]
	at org.springframework.security.web.FilterChainProxy.doFilter(FilterChainProxy.java:191) ~[spring-security-web-6.5.2.jar:6.5.2]
	at org.springframework.web.filter.CompositeFilter$VirtualFilterChain.doFilter(CompositeFilter.java:113) ~[spring-web-6.2.9.jar:6.2.9]
	at org.springframework.web.filter.ServletRequestPathFilter.doFilter(ServletRequestPathFilter.java:52) ~[spring-web-6.2.9.jar:6.2.9]
	at org.springframework.web.filter.CompositeFilter$VirtualFilterChain.doFilter(CompositeFilter.java:113) ~[spring-web-6.2.9.jar:6.2.9]
	at org.springframework.web.filter.CompositeFilter.doFilter(CompositeFilter.java:74) ~[spring-web-6.2.9.jar:6.2.9]
	at org.springframework.security.config.annotation.web.configuration.WebSecurityConfiguration$CompositeFilterChainProxy.doFilter(WebSecurityConfiguration.java:319) ~[spring-security-config-6.5.2.jar:6.5.2]
	at org.springframework.web.filter.CompositeFilter$VirtualFilterChain.doFilter(CompositeFilter.java:113) ~[spring-web-6.2.9.jar:6.2.9]
	at org.springframework.web.servlet.handler.HandlerMappingIntrospector.lambda$createCacheFilter$4(HandlerMappingIntrospector.java:267) ~[spring-webmvc-6.2.9.jar:6.2.9]
	at org.springframework.web.filter.CompositeFilter$VirtualFilterChain.doFilter(CompositeFilter.java:113) ~[spring-web-6.2.9.jar:6.2.9]
	at org.springframework.web.filter.CompositeFilter.doFilter(CompositeFilter.java:74) ~[spring-web-6.2.9.jar:6.2.9]
	at org.springframework.security.config.annotation.web.configuration.WebMvcSecurityConfiguration$CompositeFilterChainProxy.doFilter(WebMvcSecurityConfiguration.java:240) ~[spring-security-config-6.5.2.jar:6.5.2]
	at org.springframework.web.filter.DelegatingFilterProxy.invokeDelegate(DelegatingFilterProxy.java:362) ~[spring-web-6.2.9.jar:6.2.9]
	at org.springframework.web.filter.DelegatingFilterProxy.doFilter(DelegatingFilterProxy.java:278) ~[spring-web-6.2.9.jar:6.2.9]
	at org.apache.catalina.core.ApplicationFilterChain.internalDoFilter(ApplicationFilterChain.java:164) ~[tomcat-embed-core-10.1.43.jar:10.1.43]
	at org.apache.catalina.core.ApplicationFilterChain.doFilter(ApplicationFilterChain.java:140) ~[tomcat-embed-core-10.1.43.jar:10.1.43]
	at org.springframework.web.filter.RequestContextFilter.doFilterInternal(RequestContextFilter.java:100) ~[spring-web-6.2.9.jar:6.2.9]
	at org.springframework.web.filter.OncePerRequestFilter.doFilter(OncePerRequestFilter.java:116) ~[spring-web-6.2.9.jar:6.2.9]
	at org.apache.catalina.core.ApplicationFilterChain.internalDoFilter(ApplicationFilterChain.java:164) ~[tomcat-embed-core-10.1.43.jar:10.1.43]
	at org.apache.catalina.core.ApplicationFilterChain.doFilter(ApplicationFilterChain.java:140) ~[tomcat-embed-core-10.1.43.jar:10.1.43]
	at org.springframework.web.filter.FormContentFilter.doFilterInternal(FormContentFilter.java:93) ~[spring-web-6.2.9.jar:6.2.9]
	at org.springframework.web.filter.OncePerRequestFilter.doFilter(OncePerRequestFilter.java:116) ~[spring-web-6.2.9.jar:6.2.9]
	at org.apache.catalina.core.ApplicationFilterChain.internalDoFilter(ApplicationFilterChain.java:164) ~[tomcat-embed-core-10.1.43.jar:10.1.43]
	at org.apache.catalina.core.ApplicationFilterChain.doFilter(ApplicationFilterChain.java:140) ~[tomcat-embed-core-10.1.43.jar:10.1.43]
	at org.springframework.web.filter.CharacterEncodingFilter.doFilterInternal(CharacterEncodingFilter.java:201) ~[spring-web-6.2.9.jar:6.2.9]
	at org.springframework.web.filter.OncePerRequestFilter.doFilter(OncePerRequestFilter.java:116) ~[spring-web-6.2.9.jar:6.2.9]
	at org.apache.catalina.core.ApplicationFilterChain.internalDoFilter(ApplicationFilterChain.java:164) ~[tomcat-embed-core-10.1.43.jar:10.1.43]
	at org.apache.catalina.core.ApplicationFilterChain.doFilter(ApplicationFilterChain.java:140) ~[tomcat-embed-core-10.1.43.jar:10.1.43]
	at org.springframework.web.filter.OncePerRequestFilter.doFilter(OncePerRequestFilter.java:101) ~[spring-web-6.2.9.jar:6.2.9]
	at org.apache.catalina.core.ApplicationFilterChain.internalDoFilter(ApplicationFilterChain.java:164) ~[tomcat-embed-core-10.1.43.jar:10.1.43]
	at org.apache.catalina.core.ApplicationFilterChain.doFilter(ApplicationFilterChain.java:140) ~[tomcat-embed-core-10.1.43.jar:10.1.43]
	at org.apache.catalina.core.StandardWrapperValve.invoke(StandardWrapperValve.java:167) [tomcat-embed-core-10.1.43.jar:10.1.43]
	at org.apache.catalina.core.StandardContextValve.invoke(StandardContextValve.java:90) [tomcat-embed-core-10.1.43.jar:10.1.43]
	at org.apache.catalina.authenticator.AuthenticatorBase.invoke(AuthenticatorBase.java:483) [tomcat-embed-core-10.1.43.jar:10.1.43]
	at org.apache.catalina.core.StandardHostValve.invoke(StandardHostValve.java:116) [tomcat-embed-core-10.1.43.jar:10.1.43]
	at org.apache.catalina.valves.ErrorReportValve.invoke(ErrorReportValve.java:93) [tomcat-embed-core-10.1.43.jar:10.1.43]
	at org.apache.catalina.core.StandardEngineValve.invoke(StandardEngineValve.java:74) [tomcat-embed-core-10.1.43.jar:10.1.43]
	at org.apache.catalina.connector.CoyoteAdapter.service(CoyoteAdapter.java:344) [tomcat-embed-core-10.1.43.jar:10.1.43]
	at org.apache.coyote.http11.Http11Processor.service(Http11Processor.java:398) [tomcat-embed-core-10.1.43.jar:10.1.43]
	at org.apache.coyote.AbstractProcessorLight.process(AbstractProcessorLight.java:63) [tomcat-embed-core-10.1.43.jar:10.1.43]
	at org.apache.coyote.AbstractProtocol$ConnectionHandler.process(AbstractProtocol.java:903) [tomcat-embed-core-10.1.43.jar:10.1.43]
	at org.apache.tomcat.util.net.NioEndpoint$SocketProcessor.doRun(NioEndpoint.java:1769) [tomcat-embed-core-10.1.43.jar:10.1.43]
	at org.apache.tomcat.util.net.SocketProcessorBase.run(SocketProcessorBase.java:52) [tomcat-embed-core-10.1.43.jar:10.1.43]
	at org.apache.tomcat.util.threads.ThreadPoolExecutor.runWorker(ThreadPoolExecutor.java:1189) [tomcat-embed-core-10.1.43.jar:10.1.43]
	at org.apache.tomcat.util.threads.ThreadPoolExecutor$Worker.run(ThreadPoolExecutor.java:658) [tomcat-embed-core-10.1.43.jar:10.1.43]
	at org.apache.tomcat.util.threads.TaskThread$WrappingRunnable.run(TaskThread.java:63) [tomcat-embed-core-10.1.43.jar:10.1.43]
	at java.base/java.lang.Thread.run(Thread.java:1516) [?:?]
2026-10-06 08:19:15 DEBUG [http-nio-0.0.0.0-8080-exec-12] FilterChainProxy - Securing GET /error
2026-10-06 08:19:15 DEBUG [http-nio-0.0.0.0-8080-exec-12] FilterChainProxy - Secured GET /error
2026-10-06 08:19:15 DEBUG [http-nio-0.0.0.0-8080-exec-12] AnonymousAuthenticationFilter - Set SecurityContextHolder to anonymous SecurityContext
2026-10-06 08:21:53 WARN  [HikariPool-1:housekeeper] PoolBase - HikariPool-1 - Failed to validate connection org.postgresql.jdbc.PgConnection@2c666cb0 (This connection has been closed.). Possibly consider using a shorter maxLifetime value.
2026-10-06 08:24:25 INFO  [SpringApplicationShutdownHook] GracefulShutdown - Commencing graceful shutdown. Waiting for active requests to complete
2026-10-06 08:24:25 INFO  [tomcat-shutdown] GracefulShutdown - Graceful shutdown complete
2026-10-06 08:24:25 INFO  [SpringApplicationShutdownHook] LocalContainerEntityManagerFactoryBean - Closing JPA EntityManagerFactory for persistence unit 'default'
2026-10-06 08:24:25 INFO  [SpringApplicationShutdownHook] HikariDataSource - HikariPool-1 - Shutdown initiated...
2026-10-06 08:24:25 INFO  [SpringApplicationShutdownHook] HikariDataSource - HikariPool-1 - Shutdown completed.
2026-10-06 08:24:31 INFO  [background-preinit] Version - HV000001: Hibernate Validator 8.0.2.Final
2026-10-06 08:24:31 INFO  [main] ProjectSApplication - Starting ProjectSApplication using Java 26.0.1 with PID 21260 (/home/abhimanyu/Projects/Training/ProjectS/target/classes started by abhimanyu in /home/abhimanyu/Projects/Training/ProjectS)
2026-10-06 08:24:31 INFO  [main] ProjectSApplication - No active profile set, falling back to 1 default profile: "default"
2026-10-06 08:24:32 INFO  [main] RepositoryConfigurationDelegate - Multiple Spring Data modules found, entering strict repository configuration mode
2026-10-06 08:24:32 INFO  [main] RepositoryConfigurationDelegate - Bootstrapping Spring Data JDBC repositories in DEFAULT mode.
2026-10-06 08:24:32 INFO  [main] RepositoryConfigurationExtensionSupport - Spring Data JDBC - Could not safely identify store assignment for repository candidate interface com.project.ProjectS.repository.AnswerEventRepository; If you want this repository to be a JDBC repository, consider annotating your entities with one of these annotations: org.springframework.data.relational.core.mapping.Table.
2026-10-06 08:24:32 INFO  [main] RepositoryConfigurationExtensionSupport - Spring Data JDBC - Could not safely identify store assignment for repository candidate interface com.project.ProjectS.repository.AttendanceRepository; If you want this repository to be a JDBC repository, consider annotating your entities with one of these annotations: org.springframework.data.relational.core.mapping.Table.
2026-10-06 08:24:32 INFO  [main] RepositoryConfigurationExtensionSupport - Spring Data JDBC - Could not safely identify store assignment for repository candidate interface com.project.ProjectS.repository.BranchRepository; If you want this repository to be a JDBC repository, consider annotating your entities with one of these annotations: org.springframework.data.relational.core.mapping.Table.
2026-10-06 08:24:32 INFO  [main] RepositoryConfigurationExtensionSupport - Spring Data JDBC - Could not safely identify store assignment for repository candidate interface com.project.ProjectS.repository.ChapterRepository; If you want this repository to be a JDBC repository, consider annotating your entities with one of these annotations: org.springframework.data.relational.core.mapping.Table.
2026-10-06 08:24:32 INFO  [main] RepositoryConfigurationExtensionSupport - Spring Data JDBC - Could not safely identify store assignment for repository candidate interface com.project.ProjectS.repository.CollegeRepository; If you want this repository to be a JDBC repository, consider annotating your entities with one of these annotations: org.springframework.data.relational.core.mapping.Table.
2026-10-06 08:24:32 INFO  [main] RepositoryConfigurationExtensionSupport - Spring Data JDBC - Could not safely identify store assignment for repository candidate interface com.project.ProjectS.repository.CourseRepository; If you want this repository to be a JDBC repository, consider annotating your entities with one of these annotations: org.springframework.data.relational.core.mapping.Table.
2026-10-06 08:24:32 INFO  [main] RepositoryConfigurationExtensionSupport - Spring Data JDBC - Could not safely identify store assignment for repository candidate interface com.project.ProjectS.repository.ExamQuestionRepository; If you want this repository to be a JDBC repository, consider annotating your entities with one of these annotations: org.springframework.data.relational.core.mapping.Table.
2026-10-06 08:24:32 INFO  [main] RepositoryConfigurationExtensionSupport - Spring Data JDBC - Could not safely identify store assignment for repository candidate interface com.project.ProjectS.repository.ExamRepository; If you want this repository to be a JDBC repository, consider annotating your entities with one of these annotations: org.springframework.data.relational.core.mapping.Table.
2026-10-06 08:24:32 INFO  [main] RepositoryConfigurationExtensionSupport - Spring Data JDBC - Could not safely identify store assignment for repository candidate interface com.project.ProjectS.repository.ExamResultRepository; If you want this repository to be a JDBC repository, consider annotating your entities with one of these annotations: org.springframework.data.relational.core.mapping.Table.
2026-10-06 08:24:32 INFO  [main] RepositoryConfigurationExtensionSupport - Spring Data JDBC - Could not safely identify store assignment for repository candidate interface com.project.ProjectS.repository.McqOptionRepository; If you want this repository to be a JDBC repository, consider annotating your entities with one of these annotations: org.springframework.data.relational.core.mapping.Table.
2026-10-06 08:24:32 INFO  [main] RepositoryConfigurationExtensionSupport - Spring Data JDBC - Could not safely identify store assignment for repository candidate interface com.project.ProjectS.repository.McqQuestionRepository; If you want this repository to be a JDBC repository, consider annotating your entities with one of these annotations: org.springframework.data.relational.core.mapping.Table.
2026-10-06 08:24:32 INFO  [main] RepositoryConfigurationExtensionSupport - Spring Data JDBC - Could not safely identify store assignment for repository candidate interface com.project.ProjectS.repository.MockExamQuestionRepository; If you want this repository to be a JDBC repository, consider annotating your entities with one of these annotations: org.springframework.data.relational.core.mapping.Table.
2026-10-06 08:24:32 INFO  [main] RepositoryConfigurationExtensionSupport - Spring Data JDBC - Could not safely identify store assignment for repository candidate interface com.project.ProjectS.repository.MockExamRepository; If you want this repository to be a JDBC repository, consider annotating your entities with one of these annotations: org.springframework.data.relational.core.mapping.Table.
2026-10-06 08:24:32 INFO  [main] RepositoryConfigurationExtensionSupport - Spring Data JDBC - Could not safely identify store assignment for repository candidate interface com.project.ProjectS.repository.MockExamResultRepository; If you want this repository to be a JDBC repository, consider annotating your entities with one of these annotations: org.springframework.data.relational.core.mapping.Table.
2026-10-06 08:24:32 INFO  [main] RepositoryConfigurationExtensionSupport - Spring Data JDBC - Could not safely identify store assignment for repository candidate interface com.project.ProjectS.repository.NotificationRepository; If you want this repository to be a JDBC repository, consider annotating your entities with one of these annotations: org.springframework.data.relational.core.mapping.Table.
2026-10-06 08:24:32 INFO  [main] RepositoryConfigurationExtensionSupport - Spring Data JDBC - Could not safely identify store assignment for repository candidate interface com.project.ProjectS.repository.PlanCourseRepository; If you want this repository to be a JDBC repository, consider annotating your entities with one of these annotations: org.springframework.data.relational.core.mapping.Table.
2026-10-06 08:24:32 INFO  [main] RepositoryConfigurationExtensionSupport - Spring Data JDBC - Could not safely identify store assignment for repository candidate interface com.project.ProjectS.repository.PracticeResultRepository; If you want this repository to be a JDBC repository, consider annotating your entities with one of these annotations: org.springframework.data.relational.core.mapping.Table.
2026-10-06 08:24:32 INFO  [main] RepositoryConfigurationExtensionSupport - Spring Data JDBC - Could not safely identify store assignment for repository candidate interface com.project.ProjectS.repository.QuestionAnswerRepository; If you want this repository to be a JDBC repository, consider annotating your entities with one of these annotations: org.springframework.data.relational.core.mapping.Table.
2026-10-06 08:24:32 INFO  [main] RepositoryConfigurationExtensionSupport - Spring Data JDBC - Could not safely identify store assignment for repository candidate interface com.project.ProjectS.repository.QuestionAttributeRepository; If you want this repository to be a JDBC repository, consider annotating your entities with one of these annotations: org.springframework.data.relational.core.mapping.Table.
2026-10-06 08:24:32 INFO  [main] RepositoryConfigurationExtensionSupport - Spring Data JDBC - Could not safely identify store assignment for repository candidate interface com.project.ProjectS.repository.QuestionFillBlankAnswerRepository; If you want this repository to be a JDBC repository, consider annotating your entities with one of these annotations: org.springframework.data.relational.core.mapping.Table.
2026-10-06 08:24:32 INFO  [main] RepositoryConfigurationExtensionSupport - Spring Data JDBC - Could not safely identify store assignment for repository candidate interface com.project.ProjectS.repository.QuestionMatchingPairRepository; If you want this repository to be a JDBC repository, consider annotating your entities with one of these annotations: org.springframework.data.relational.core.mapping.Table.
2026-10-06 08:24:32 INFO  [main] RepositoryConfigurationExtensionSupport - Spring Data JDBC - Could not safely identify store assignment for repository candidate interface com.project.ProjectS.repository.QuestionRepository; If you want this repository to be a JDBC repository, consider annotating your entities with one of these annotations: org.springframework.data.relational.core.mapping.Table.
2026-10-06 08:24:32 INFO  [main] RepositoryConfigurationExtensionSupport - Spring Data JDBC - Could not safely identify store assignment for repository candidate interface com.project.ProjectS.repository.QuestionTypeRepository; If you want this repository to be a JDBC repository, consider annotating your entities with one of these annotations: org.springframework.data.relational.core.mapping.Table.
2026-10-06 08:24:32 INFO  [main] RepositoryConfigurationExtensionSupport - Spring Data JDBC - Could not safely identify store assignment for repository candidate interface com.project.ProjectS.repository.RoleRepository; If you want this repository to be a JDBC repository, consider annotating your entities with one of these annotations: org.springframework.data.relational.core.mapping.Table.
2026-10-06 08:24:32 INFO  [main] RepositoryConfigurationExtensionSupport - Spring Data JDBC - Could not safely identify store assignment for repository candidate interface com.project.ProjectS.repository.RuleEngineRepository; If you want this repository to be a JDBC repository, consider annotating your entities with one of these annotations: org.springframework.data.relational.core.mapping.Table.
2026-10-06 08:24:32 INFO  [main] RepositoryConfigurationExtensionSupport - Spring Data JDBC - Could not safely identify store assignment for repository candidate interface com.project.ProjectS.repository.SectionRepository; If you want this repository to be a JDBC repository, consider annotating your entities with one of these annotations: org.springframework.data.relational.core.mapping.Table.
2026-10-06 08:24:32 INFO  [main] RepositoryConfigurationExtensionSupport - Spring Data JDBC - Could not safely identify store assignment for repository candidate interface com.project.ProjectS.repository.SubjectRepository; If you want this repository to be a JDBC repository, consider annotating your entities with one of these annotations: org.springframework.data.relational.core.mapping.Table.
2026-10-06 08:24:32 INFO  [main] RepositoryConfigurationExtensionSupport - Spring Data JDBC - Could not safely identify store assignment for repository candidate interface com.project.ProjectS.repository.SubscriptionPlanRepository; If you want this repository to be a JDBC repository, consider annotating your entities with one of these annotations: org.springframework.data.relational.core.mapping.Table.
2026-10-06 08:24:32 INFO  [main] RepositoryConfigurationExtensionSupport - Spring Data JDBC - Could not safely identify store assignment for repository candidate interface com.project.ProjectS.repository.TableAttributeRepository; If you want this repository to be a JDBC repository, consider annotating your entities with one of these annotations: org.springframework.data.relational.core.mapping.Table.
2026-10-06 08:24:32 INFO  [main] RepositoryConfigurationExtensionSupport - Spring Data JDBC - Could not safely identify store assignment for repository candidate interface com.project.ProjectS.repository.TableHeaderRepository; If you want this repository to be a JDBC repository, consider annotating your entities with one of these annotations: org.springframework.data.relational.core.mapping.Table.
2026-10-06 08:24:32 INFO  [main] RepositoryConfigurationExtensionSupport - Spring Data JDBC - Could not safely identify store assignment for repository candidate interface com.project.ProjectS.repository.TableNameRepository; If you want this repository to be a JDBC repository, consider annotating your entities with one of these annotations: org.springframework.data.relational.core.mapping.Table.
2026-10-06 08:24:32 INFO  [main] RepositoryConfigurationExtensionSupport - Spring Data JDBC - Could not safely identify store assignment for repository candidate interface com.project.ProjectS.repository.TopicRepository; If you want this repository to be a JDBC repository, consider annotating your entities with one of these annotations: org.springframework.data.relational.core.mapping.Table.
2026-10-06 08:24:32 INFO  [main] RepositoryConfigurationExtensionSupport - Spring Data JDBC - Could not safely identify store assignment for repository candidate interface com.project.ProjectS.repository.UserActivitySessionRepository; If you want this repository to be a JDBC repository, consider annotating your entities with one of these annotations: org.springframework.data.relational.core.mapping.Table.
2026-10-06 08:24:32 INFO  [main] RepositoryConfigurationExtensionSupport - Spring Data JDBC - Could not safely identify store assignment for repository candidate interface com.project.ProjectS.repository.UserRepository; If you want this repository to be a JDBC repository, consider annotating your entities with one of these annotations: org.springframework.data.relational.core.mapping.Table.
2026-10-06 08:24:32 INFO  [main] RepositoryConfigurationExtensionSupport - Spring Data JDBC - Could not safely identify store assignment for repository candidate interface com.project.ProjectS.repository.UserSubscriptionRepository; If you want this repository to be a JDBC repository, consider annotating your entities with one of these annotations: org.springframework.data.relational.core.mapping.Table.
2026-10-06 08:24:32 INFO  [main] RepositoryConfigurationDelegate - Finished Spring Data repository scanning in 41 ms. Found 0 JDBC repository interfaces.
2026-10-06 08:24:32 INFO  [main] RepositoryConfigurationDelegate - Multiple Spring Data modules found, entering strict repository configuration mode
2026-10-06 08:24:32 INFO  [main] RepositoryConfigurationDelegate - Bootstrapping Spring Data JPA repositories in DEFAULT mode.
2026-10-06 08:24:32 INFO  [main] RepositoryConfigurationDelegate - Finished Spring Data repository scanning in 38 ms. Found 35 JPA repository interfaces.
2026-10-06 08:24:32 INFO  [main] TomcatWebServer - Tomcat initialized with port 8080 (http)
2026-10-06 08:24:32 INFO  [main] Http11NioProtocol - Initializing ProtocolHandler ["http-nio-0.0.0.0-8080"]
2026-10-06 08:24:32 INFO  [main] StandardService - Starting service [Tomcat]
2026-10-06 08:24:32 INFO  [main] StandardEngine - Starting Servlet engine: [Apache Tomcat/10.1.43]
2026-10-06 08:24:32 INFO  [main] [/] - Initializing Spring embedded WebApplicationContext
2026-10-06 08:24:32 INFO  [main] ServletWebServerApplicationContext - Root WebApplicationContext: initialization completed in 1552 ms
2026-10-06 08:24:33 INFO  [main] LogHelper - HHH000204: Processing PersistenceUnitInfo [name: default]
2026-10-06 08:24:33 INFO  [main] Version - HHH000412: Hibernate ORM core version 6.6.22.Final
2026-10-06 08:24:33 INFO  [main] Environment - HHH000205: Loaded properties from resource hibernate.properties: {}
2026-10-06 08:24:33 INFO  [main] RegionFactoryInitiator - HHH000026: Second-level cache disabled
2026-10-06 08:24:33 INFO  [main] SpringPersistenceUnitInfo - No LoadTimeWeaver setup: ignoring JPA class transformer
2026-10-06 08:24:33 INFO  [main] HikariDataSource - HikariPool-1 - Starting...
2026-10-06 08:24:33 INFO  [main] HikariPool - HikariPool-1 - Added connection org.postgresql.jdbc.PgConnection@2f61de04
2026-10-06 08:24:33 INFO  [main] HikariDataSource - HikariPool-1 - Start completed.
2026-10-06 08:24:34 INFO  [main] pooling - HHH10001005: Database info:
	Database JDBC URL [Connecting through datasource 'HikariDataSource (HikariPool-1)']
	Database driver: undefined/unknown
	Database version: 16.15
	Autocommit mode: undefined/unknown
	Isolation level: undefined/unknown
	Minimum pool size: undefined/unknown
	Maximum pool size: undefined/unknown
2026-10-06 08:24:35 INFO  [main] JtaPlatformInitiator - HHH000489: No JTA platform available (set 'hibernate.transaction.jta.platform' to enable JTA platform integration)
2026-10-06 08:24:37 INFO  [main] LocalContainerEntityManagerFactoryBean - Initialized JPA EntityManagerFactory for persistence unit 'default'
2026-10-06 08:24:37 INFO  [main] QueryEnhancerFactory - Hibernate is in classpath; If applicable, HQL parser will be used.
2026-10-06 08:24:38 INFO  [main] InitializeUserDetailsBeanManagerConfigurer$InitializeUserDetailsManagerConfigurer - Global AuthenticationManager configured with UserDetailsService bean with name customUserDetailsService
2026-10-06 08:24:39 WARN  [main] JpaBaseConfiguration$JpaWebConfiguration - spring.jpa.open-in-view is enabled by default. Therefore, database queries may be performed during view rendering. Explicitly configure spring.jpa.open-in-view to disable this warning
2026-10-06 08:24:39 DEBUG [main] DefaultSecurityFilterChain - Will secure any request with filters: DisableEncodeUrlFilter, WebAsyncManagerIntegrationFilter, SecurityContextHolderFilter, HeaderWriterFilter, CorsFilter, LogoutFilter, OAuth2AuthorizationRequestRedirectFilter, OAuth2LoginAuthenticationFilter, JwtAuthenticationFilter, DefaultResourcesFilter, DefaultLoginPageGeneratingFilter, DefaultLogoutPageGeneratingFilter, RequestCacheAwareFilter, SecurityContextHolderAwareRequestFilter, AnonymousAuthenticationFilter, SessionManagementFilter, ExceptionTranslationFilter, AuthorizationFilter
2026-10-06 08:24:39 INFO  [main] Http11NioProtocol - Starting ProtocolHandler ["http-nio-0.0.0.0-8080"]
2026-10-06 08:24:39 INFO  [main] TomcatWebServer - Tomcat started on port 8080 (http) with context path '/'
2026-10-06 08:24:40 INFO  [main] ProjectSApplication - Started ProjectSApplication in 8.983 seconds (process running for 10.171)
2026-10-06 08:24:43 INFO  [http-nio-0.0.0.0-8080-exec-4] [/] - Initializing Spring DispatcherServlet 'dispatcherServlet'
2026-10-06 08:24:43 INFO  [http-nio-0.0.0.0-8080-exec-4] DispatcherServlet - Initializing Servlet 'dispatcherServlet'
2026-10-06 08:24:43 INFO  [http-nio-0.0.0.0-8080-exec-4] DispatcherServlet - Completed initialization in 2 ms
2026-10-06 08:24:43 DEBUG [http-nio-0.0.0.0-8080-exec-4] FilterChainProxy - Securing OPTIONS /api/course
2026-10-06 08:24:43 DEBUG [http-nio-0.0.0.0-8080-exec-1] FilterChainProxy - Securing OPTIONS /api/subjects
2026-10-06 08:24:43 DEBUG [http-nio-0.0.0.0-8080-exec-2] FilterChainProxy - Securing OPTIONS /api/notifications/mine/unread-count
2026-10-06 08:24:43 DEBUG [http-nio-0.0.0.0-8080-exec-3] FilterChainProxy - Securing OPTIONS /api/topics
2026-10-06 08:24:43 DEBUG [http-nio-0.0.0.0-8080-exec-6] FilterChainProxy - Securing OPTIONS /api/chapter
2026-10-06 08:24:43 DEBUG [http-nio-0.0.0.0-8080-exec-5] FilterChainProxy - Securing OPTIONS /api/notifications/mine?limit=12
2026-10-06 08:24:43 DEBUG [http-nio-0.0.0.0-8080-exec-8] FilterChainProxy - Securing OPTIONS /api/exams
2026-10-06 08:24:43 DEBUG [http-nio-0.0.0.0-8080-exec-7] FilterChainProxy - Securing OPTIONS /api/questions
2026-10-06 08:24:43 DEBUG [http-nio-0.0.0.0-8080-exec-9] FilterChainProxy - Securing OPTIONS /api/exams/results/me
2026-10-06 08:24:43 DEBUG [http-nio-0.0.0.0-8080-exec-2] FilterChainProxy - Securing OPTIONS /api/notifications/mine/unread-count
2026-10-06 08:24:43 DEBUG [http-nio-0.0.0.0-8080-exec-12] FilterChainProxy - Securing OPTIONS /api/notifications/mine?limit=12
2026-10-06 08:24:43 DEBUG [http-nio-0.0.0.0-8080-exec-5] FilterChainProxy - Securing OPTIONS /api/activity-sessions/resume
2026-10-06 08:24:43 DEBUG [http-nio-0.0.0.0-8080-exec-9] FilterChainProxy - Securing GET /api/subjects
2026-10-06 08:24:43 DEBUG [http-nio-0.0.0.0-8080-exec-10] FilterChainProxy - Securing GET /api/notifications/mine?limit=12
2026-10-06 08:24:43 DEBUG [http-nio-0.0.0.0-8080-exec-11] FilterChainProxy - Securing GET /api/chapter
2026-10-06 08:24:43 DEBUG [http-nio-0.0.0.0-8080-exec-8] FilterChainProxy - Securing GET /api/notifications/mine/unread-count
2026-10-06 08:24:43 DEBUG [http-nio-0.0.0.0-8080-exec-7] FilterChainProxy - Securing GET /api/course
2026-10-06 08:24:43 DEBUG [http-nio-0.0.0.0-8080-exec-6] FilterChainProxy - Securing GET /api/topics
2026-10-06 08:24:43 DEBUG [http-nio-0.0.0.0-8080-exec-4] FilterChainProxy - Securing OPTIONS /api/chapter
2026-10-06 08:24:43 DEBUG [http-nio-0.0.0.0-8080-exec-2] FilterChainProxy - Securing OPTIONS /api/questions
2026-10-06 08:24:43 DEBUG [http-nio-0.0.0.0-8080-exec-1] FilterChainProxy - Securing OPTIONS /api/subjects
2026-10-06 08:24:43 DEBUG [http-nio-0.0.0.0-8080-exec-3] FilterChainProxy - Securing OPTIONS /api/course
2026-10-06 08:24:43 DEBUG [http-nio-0.0.0.0-8080-exec-12] FilterChainProxy - Securing OPTIONS /api/topics
2026-10-06 08:24:43 DEBUG [http-nio-0.0.0.0-8080-exec-5] FilterChainProxy - Securing OPTIONS /api/exams
2026-10-06 08:24:43 DEBUG [http-nio-0.0.0.0-8080-exec-4] FilterChainProxy - Securing OPTIONS /api/exams/results/me
2026-10-06 08:24:43 INFO  [http-nio-0.0.0.0-8080-exec-10] JwtAuthenticationFilter - JWT AUTHENTICATION SUCCESS
2026-10-06 08:24:43 INFO  [http-nio-0.0.0.0-8080-exec-6] JwtAuthenticationFilter - JWT AUTHENTICATION SUCCESS
2026-10-06 08:24:43 INFO  [http-nio-0.0.0.0-8080-exec-7] JwtAuthenticationFilter - JWT AUTHENTICATION SUCCESS
2026-10-06 08:24:43 INFO  [http-nio-0.0.0.0-8080-exec-11] JwtAuthenticationFilter - JWT AUTHENTICATION SUCCESS
2026-10-06 08:24:43 INFO  [http-nio-0.0.0.0-8080-exec-8] JwtAuthenticationFilter - JWT AUTHENTICATION SUCCESS
2026-10-06 08:24:43 INFO  [http-nio-0.0.0.0-8080-exec-9] JwtAuthenticationFilter - JWT AUTHENTICATION SUCCESS
2026-10-06 08:24:43 DEBUG [http-nio-0.0.0.0-8080-exec-6] FilterChainProxy - Secured GET /api/topics
2026-10-06 08:24:43 DEBUG [http-nio-0.0.0.0-8080-exec-7] FilterChainProxy - Secured GET /api/course
2026-10-06 08:24:43 DEBUG [http-nio-0.0.0.0-8080-exec-8] FilterChainProxy - Secured GET /api/notifications/mine/unread-count
2026-10-06 08:24:43 DEBUG [http-nio-0.0.0.0-8080-exec-10] FilterChainProxy - Secured GET /api/notifications/mine?limit=12
2026-10-06 08:24:43 DEBUG [http-nio-0.0.0.0-8080-exec-11] FilterChainProxy - Secured GET /api/chapter
2026-10-06 08:24:43 DEBUG [http-nio-0.0.0.0-8080-exec-9] FilterChainProxy - Secured GET /api/subjects
2026-10-06 08:24:43 INFO  [http-nio-0.0.0.0-8080-exec-7] CourseController - Received request to fetch all courses.
2026-10-06 08:24:43 INFO  [http-nio-0.0.0.0-8080-exec-11] ChapterController - Received request to fetch all chapters.
2026-10-06 08:24:43 INFO  [http-nio-0.0.0.0-8080-exec-7] CourseService - Fetching all courses.
2026-10-06 08:24:43 INFO  [http-nio-0.0.0.0-8080-exec-11] ChapterService - Fetching all chapters.
2026-10-06 08:24:43 INFO  [http-nio-0.0.0.0-8080-exec-11] ChapterService - Fetched 6 chapters.
2026-10-06 08:24:43 INFO  [http-nio-0.0.0.0-8080-exec-11] ChapterController - Fetched 6 chapters successfully.
2026-10-06 08:24:43 INFO  [http-nio-0.0.0.0-8080-exec-7] CourseService - Fetched 1 courses.
2026-10-06 08:24:43 INFO  [http-nio-0.0.0.0-8080-exec-7] CourseController - Fetched 1 courses successfully.
2026-10-06 08:24:43 DEBUG [http-nio-0.0.0.0-8080-exec-2] FilterChainProxy - Securing GET /api/exams/results/me
2026-10-06 08:24:43 DEBUG [http-nio-0.0.0.0-8080-exec-3] FilterChainProxy - Securing GET /api/exams
2026-10-06 08:24:43 DEBUG [http-nio-0.0.0.0-8080-exec-1] FilterChainProxy - Securing POST /api/activity-sessions/resume
2026-10-06 08:24:43 DEBUG [http-nio-0.0.0.0-8080-exec-12] FilterChainProxy - Securing GET /api/questions
2026-10-06 08:24:43 DEBUG [http-nio-0.0.0.0-8080-exec-5] FilterChainProxy - Securing GET /api/notifications/mine/unread-count
2026-10-06 08:24:44 INFO  [http-nio-0.0.0.0-8080-exec-2] JwtAuthenticationFilter - JWT AUTHENTICATION SUCCESS
2026-10-06 08:24:44 DEBUG [http-nio-0.0.0.0-8080-exec-2] FilterChainProxy - Secured GET /api/exams/results/me
2026-10-06 08:24:44 DEBUG [http-nio-0.0.0.0-8080-exec-4] FilterChainProxy - Securing GET /api/notifications/mine?limit=12
2026-10-06 08:24:44 INFO  [http-nio-0.0.0.0-8080-exec-5] JwtAuthenticationFilter - JWT AUTHENTICATION SUCCESS
2026-10-06 08:24:44 DEBUG [http-nio-0.0.0.0-8080-exec-5] FilterChainProxy - Secured GET /api/notifications/mine/unread-count
2026-10-06 08:24:44 INFO  [http-nio-0.0.0.0-8080-exec-3] JwtAuthenticationFilter - JWT AUTHENTICATION SUCCESS
2026-10-06 08:24:44 INFO  [http-nio-0.0.0.0-8080-exec-12] JwtAuthenticationFilter - JWT AUTHENTICATION SUCCESS
2026-10-06 08:24:44 INFO  [http-nio-0.0.0.0-8080-exec-4] JwtAuthenticationFilter - JWT AUTHENTICATION SUCCESS
2026-10-06 08:24:44 INFO  [http-nio-0.0.0.0-8080-exec-1] JwtAuthenticationFilter - JWT AUTHENTICATION SUCCESS
2026-10-06 08:24:44 DEBUG [http-nio-0.0.0.0-8080-exec-3] FilterChainProxy - Secured GET /api/exams
2026-10-06 08:24:44 DEBUG [http-nio-0.0.0.0-8080-exec-4] FilterChainProxy - Secured GET /api/notifications/mine?limit=12
2026-10-06 08:24:44 DEBUG [http-nio-0.0.0.0-8080-exec-1] FilterChainProxy - Secured POST /api/activity-sessions/resume
2026-10-06 08:24:44 DEBUG [http-nio-0.0.0.0-8080-exec-12] FilterChainProxy - Secured GET /api/questions
2026-10-06 08:24:44 DEBUG [http-nio-0.0.0.0-8080-exec-10] FilterChainProxy - Securing GET /api/subjects
2026-10-06 08:24:44 DEBUG [http-nio-0.0.0.0-8080-exec-8] FilterChainProxy - Securing GET /api/course
2026-10-06 08:24:44 INFO  [http-nio-0.0.0.0-8080-exec-8] JwtAuthenticationFilter - JWT AUTHENTICATION SUCCESS
2026-10-06 08:24:44 INFO  [http-nio-0.0.0.0-8080-exec-10] JwtAuthenticationFilter - JWT AUTHENTICATION SUCCESS
2026-10-06 08:24:44 DEBUG [http-nio-0.0.0.0-8080-exec-8] FilterChainProxy - Secured GET /api/course
2026-10-06 08:24:44 DEBUG [http-nio-0.0.0.0-8080-exec-10] FilterChainProxy - Secured GET /api/subjects
2026-10-06 08:24:44 INFO  [http-nio-0.0.0.0-8080-exec-8] CourseController - Received request to fetch all courses.
2026-10-06 08:24:44 INFO  [http-nio-0.0.0.0-8080-exec-8] CourseService - Fetching all courses.
2026-10-06 08:24:44 INFO  [http-nio-0.0.0.0-8080-exec-8] CourseService - Fetched 1 courses.
2026-10-06 08:24:44 INFO  [http-nio-0.0.0.0-8080-exec-8] CourseController - Fetched 1 courses successfully.
2026-10-06 08:24:44 DEBUG [http-nio-0.0.0.0-8080-exec-7] FilterChainProxy - Securing GET /api/chapter
2026-10-06 08:24:44 DEBUG [http-nio-0.0.0.0-8080-exec-9] FilterChainProxy - Securing GET /api/topics
2026-10-06 08:24:44 INFO  [http-nio-0.0.0.0-8080-exec-7] JwtAuthenticationFilter - JWT AUTHENTICATION SUCCESS
2026-10-06 08:24:44 DEBUG [http-nio-0.0.0.0-8080-exec-7] FilterChainProxy - Secured GET /api/chapter
2026-10-06 08:24:44 INFO  [http-nio-0.0.0.0-8080-exec-9] JwtAuthenticationFilter - JWT AUTHENTICATION SUCCESS
2026-10-06 08:24:44 DEBUG [http-nio-0.0.0.0-8080-exec-9] FilterChainProxy - Secured GET /api/topics
2026-10-06 08:24:44 DEBUG [http-nio-0.0.0.0-8080-exec-2] FilterChainProxy - Securing GET /api/exams/results/me
2026-10-06 08:24:44 INFO  [http-nio-0.0.0.0-8080-exec-7] ChapterController - Received request to fetch all chapters.
2026-10-06 08:24:44 INFO  [http-nio-0.0.0.0-8080-exec-7] ChapterService - Fetching all chapters.
2026-10-06 08:24:44 INFO  [http-nio-0.0.0.0-8080-exec-2] JwtAuthenticationFilter - JWT AUTHENTICATION SUCCESS
2026-10-06 08:24:44 DEBUG [http-nio-0.0.0.0-8080-exec-2] FilterChainProxy - Secured GET /api/exams/results/me
2026-10-06 08:24:44 INFO  [http-nio-0.0.0.0-8080-exec-7] ChapterService - Fetched 6 chapters.
2026-10-06 08:24:44 INFO  [http-nio-0.0.0.0-8080-exec-7] ChapterController - Fetched 6 chapters successfully.
2026-10-06 08:24:44 DEBUG [http-nio-0.0.0.0-8080-exec-11] FilterChainProxy - Securing GET /api/exams
2026-10-06 08:24:44 INFO  [http-nio-0.0.0.0-8080-exec-11] JwtAuthenticationFilter - JWT AUTHENTICATION SUCCESS
2026-10-06 08:24:44 DEBUG [http-nio-0.0.0.0-8080-exec-11] FilterChainProxy - Secured GET /api/exams
2026-10-06 08:24:44 DEBUG [http-nio-0.0.0.0-8080-exec-6] FilterChainProxy - Securing GET /api/questions
2026-10-06 08:24:44 INFO  [http-nio-0.0.0.0-8080-exec-6] JwtAuthenticationFilter - JWT AUTHENTICATION SUCCESS
2026-10-06 08:24:44 DEBUG [http-nio-0.0.0.0-8080-exec-6] FilterChainProxy - Secured GET /api/questions
2026-10-06 08:27:46 WARN  [HikariPool-1:housekeeper] HikariPool - HikariPool-1 - Thread starvation or clock leap detected (housekeeper delta=1m39s806ms196µs816ns).
2026-10-06 08:27:46 INFO  [SpringApplicationShutdownHook] GracefulShutdown - Commencing graceful shutdown. Waiting for active requests to complete
2026-10-06 08:27:46 INFO  [tomcat-shutdown] GracefulShutdown - Graceful shutdown complete
2026-10-06 08:27:46 INFO  [SpringApplicationShutdownHook] LocalContainerEntityManagerFactoryBean - Closing JPA EntityManagerFactory for persistence unit 'default'
2026-10-06 08:27:46 INFO  [SpringApplicationShutdownHook] HikariDataSource - HikariPool-1 - Shutdown initiated...
2026-10-06 08:27:47 INFO  [SpringApplicationShutdownHook] HikariDataSource - HikariPool-1 - Shutdown completed.
2026-10-06 08:29:23 INFO  [background-preinit] Version - HV000001: Hibernate Validator 8.0.2.Final
2026-10-06 08:29:23 INFO  [main] ProjectSApplication - Starting ProjectSApplication using Java 26.0.1 with PID 23992 (/home/abhimanyu/Projects/Training/ProjectS/target/classes started by abhimanyu in /home/abhimanyu/Projects/Training/ProjectS)
2026-10-06 08:29:23 INFO  [main] ProjectSApplication - No active profile set, falling back to 1 default profile: "default"
2026-10-06 08:29:25 INFO  [main] RepositoryConfigurationDelegate - Multiple Spring Data modules found, entering strict repository configuration mode
2026-10-06 08:29:25 INFO  [main] RepositoryConfigurationDelegate - Bootstrapping Spring Data JDBC repositories in DEFAULT mode.
2026-10-06 08:29:25 INFO  [main] RepositoryConfigurationExtensionSupport - Spring Data JDBC - Could not safely identify store assignment for repository candidate interface com.project.ProjectS.repository.AnswerEventRepository; If you want this repository to be a JDBC repository, consider annotating your entities with one of these annotations: org.springframework.data.relational.core.mapping.Table.
2026-10-06 08:29:25 INFO  [main] RepositoryConfigurationExtensionSupport - Spring Data JDBC - Could not safely identify store assignment for repository candidate interface com.project.ProjectS.repository.AttendanceRepository; If you want this repository to be a JDBC repository, consider annotating your entities with one of these annotations: org.springframework.data.relational.core.mapping.Table.
2026-10-06 08:29:25 INFO  [main] RepositoryConfigurationExtensionSupport - Spring Data JDBC - Could not safely identify store assignment for repository candidate interface com.project.ProjectS.repository.BranchRepository; If you want this repository to be a JDBC repository, consider annotating your entities with one of these annotations: org.springframework.data.relational.core.mapping.Table.
2026-10-06 08:29:25 INFO  [main] RepositoryConfigurationExtensionSupport - Spring Data JDBC - Could not safely identify store assignment for repository candidate interface com.project.ProjectS.repository.ChapterRepository; If you want this repository to be a JDBC repository, consider annotating your entities with one of these annotations: org.springframework.data.relational.core.mapping.Table.
2026-10-06 08:29:25 INFO  [main] RepositoryConfigurationExtensionSupport - Spring Data JDBC - Could not safely identify store assignment for repository candidate interface com.project.ProjectS.repository.CollegeRepository; If you want this repository to be a JDBC repository, consider annotating your entities with one of these annotations: org.springframework.data.relational.core.mapping.Table.
2026-10-06 08:29:25 INFO  [main] RepositoryConfigurationExtensionSupport - Spring Data JDBC - Could not safely identify store assignment for repository candidate interface com.project.ProjectS.repository.CourseRepository; If you want this repository to be a JDBC repository, consider annotating your entities with one of these annotations: org.springframework.data.relational.core.mapping.Table.
2026-10-06 08:29:25 INFO  [main] RepositoryConfigurationExtensionSupport - Spring Data JDBC - Could not safely identify store assignment for repository candidate interface com.project.ProjectS.repository.ExamQuestionRepository; If you want this repository to be a JDBC repository, consider annotating your entities with one of these annotations: org.springframework.data.relational.core.mapping.Table.
2026-10-06 08:29:25 INFO  [main] RepositoryConfigurationExtensionSupport - Spring Data JDBC - Could not safely identify store assignment for repository candidate interface com.project.ProjectS.repository.ExamRepository; If you want this repository to be a JDBC repository, consider annotating your entities with one of these annotations: org.springframework.data.relational.core.mapping.Table.
2026-10-06 08:29:25 INFO  [main] RepositoryConfigurationExtensionSupport - Spring Data JDBC - Could not safely identify store assignment for repository candidate interface com.project.ProjectS.repository.ExamResultRepository; If you want this repository to be a JDBC repository, consider annotating your entities with one of these annotations: org.springframework.data.relational.core.mapping.Table.
2026-10-06 08:29:25 INFO  [main] RepositoryConfigurationExtensionSupport - Spring Data JDBC - Could not safely identify store assignment for repository candidate interface com.project.ProjectS.repository.McqOptionRepository; If you want this repository to be a JDBC repository, consider annotating your entities with one of these annotations: org.springframework.data.relational.core.mapping.Table.
2026-10-06 08:29:25 INFO  [main] RepositoryConfigurationExtensionSupport - Spring Data JDBC - Could not safely identify store assignment for repository candidate interface com.project.ProjectS.repository.McqQuestionRepository; If you want this repository to be a JDBC repository, consider annotating your entities with one of these annotations: org.springframework.data.relational.core.mapping.Table.
2026-10-06 08:29:25 INFO  [main] RepositoryConfigurationExtensionSupport - Spring Data JDBC - Could not safely identify store assignment for repository candidate interface com.project.ProjectS.repository.MockExamQuestionRepository; If you want this repository to be a JDBC repository, consider annotating your entities with one of these annotations: org.springframework.data.relational.core.mapping.Table.
2026-10-06 08:29:25 INFO  [main] RepositoryConfigurationExtensionSupport - Spring Data JDBC - Could not safely identify store assignment for repository candidate interface com.project.ProjectS.repository.MockExamRepository; If you want this repository to be a JDBC repository, consider annotating your entities with one of these annotations: org.springframework.data.relational.core.mapping.Table.
2026-10-06 08:29:25 INFO  [main] RepositoryConfigurationExtensionSupport - Spring Data JDBC - Could not safely identify store assignment for repository candidate interface com.project.ProjectS.repository.MockExamResultRepository; If you want this repository to be a JDBC repository, consider annotating your entities with one of these annotations: org.springframework.data.relational.core.mapping.Table.
2026-10-06 08:29:25 INFO  [main] RepositoryConfigurationExtensionSupport - Spring Data JDBC - Could not safely identify store assignment for repository candidate interface com.project.ProjectS.repository.NotificationRepository; If you want this repository to be a JDBC repository, consider annotating your entities with one of these annotations: org.springframework.data.relational.core.mapping.Table.
2026-10-06 08:29:25 INFO  [main] RepositoryConfigurationExtensionSupport - Spring Data JDBC - Could not safely identify store assignment for repository candidate interface com.project.ProjectS.repository.PlanCourseRepository; If you want this repository to be a JDBC repository, consider annotating your entities with one of these annotations: org.springframework.data.relational.core.mapping.Table.
2026-10-06 08:29:25 INFO  [main] RepositoryConfigurationExtensionSupport - Spring Data JDBC - Could not safely identify store assignment for repository candidate interface com.project.ProjectS.repository.PracticeResultRepository; If you want this repository to be a JDBC repository, consider annotating your entities with one of these annotations: org.springframework.data.relational.core.mapping.Table.
2026-10-06 08:29:25 INFO  [main] RepositoryConfigurationExtensionSupport - Spring Data JDBC - Could not safely identify store assignment for repository candidate interface com.project.ProjectS.repository.QuestionAnswerRepository; If you want this repository to be a JDBC repository, consider annotating your entities with one of these annotations: org.springframework.data.relational.core.mapping.Table.
2026-10-06 08:29:25 INFO  [main] RepositoryConfigurationExtensionSupport - Spring Data JDBC - Could not safely identify store assignment for repository candidate interface com.project.ProjectS.repository.QuestionAttributeRepository; If you want this repository to be a JDBC repository, consider annotating your entities with one of these annotations: org.springframework.data.relational.core.mapping.Table.
2026-10-06 08:29:25 INFO  [main] RepositoryConfigurationExtensionSupport - Spring Data JDBC - Could not safely identify store assignment for repository candidate interface com.project.ProjectS.repository.QuestionFillBlankAnswerRepository; If you want this repository to be a JDBC repository, consider annotating your entities with one of these annotations: org.springframework.data.relational.core.mapping.Table.
2026-10-06 08:29:25 INFO  [main] RepositoryConfigurationExtensionSupport - Spring Data JDBC - Could not safely identify store assignment for repository candidate interface com.project.ProjectS.repository.QuestionMatchingPairRepository; If you want this repository to be a JDBC repository, consider annotating your entities with one of these annotations: org.springframework.data.relational.core.mapping.Table.
2026-10-06 08:29:25 INFO  [main] RepositoryConfigurationExtensionSupport - Spring Data JDBC - Could not safely identify store assignment for repository candidate interface com.project.ProjectS.repository.QuestionRepository; If you want this repository to be a JDBC repository, consider annotating your entities with one of these annotations: org.springframework.data.relational.core.mapping.Table.
2026-10-06 08:29:25 INFO  [main] RepositoryConfigurationExtensionSupport - Spring Data JDBC - Could not safely identify store assignment for repository candidate interface com.project.ProjectS.repository.QuestionTypeRepository; If you want this repository to be a JDBC repository, consider annotating your entities with one of these annotations: org.springframework.data.relational.core.mapping.Table.
2026-10-06 08:29:25 INFO  [main] RepositoryConfigurationExtensionSupport - Spring Data JDBC - Could not safely identify store assignment for repository candidate interface com.project.ProjectS.repository.RoleRepository; If you want this repository to be a JDBC repository, consider annotating your entities with one of these annotations: org.springframework.data.relational.core.mapping.Table.
2026-10-06 08:29:25 INFO  [main] RepositoryConfigurationExtensionSupport - Spring Data JDBC - Could not safely identify store assignment for repository candidate interface com.project.ProjectS.repository.RuleEngineRepository; If you want this repository to be a JDBC repository, consider annotating your entities with one of these annotations: org.springframework.data.relational.core.mapping.Table.
2026-10-06 08:29:25 INFO  [main] RepositoryConfigurationExtensionSupport - Spring Data JDBC - Could not safely identify store assignment for repository candidate interface com.project.ProjectS.repository.SectionRepository; If you want this repository to be a JDBC repository, consider annotating your entities with one of these annotations: org.springframework.data.relational.core.mapping.Table.
2026-10-06 08:29:25 INFO  [main] RepositoryConfigurationExtensionSupport - Spring Data JDBC - Could not safely identify store assignment for repository candidate interface com.project.ProjectS.repository.SubjectRepository; If you want this repository to be a JDBC repository, consider annotating your entities with one of these annotations: org.springframework.data.relational.core.mapping.Table.
2026-10-06 08:29:25 INFO  [main] RepositoryConfigurationExtensionSupport - Spring Data JDBC - Could not safely identify store assignment for repository candidate interface com.project.ProjectS.repository.SubscriptionPlanRepository; If you want this repository to be a JDBC repository, consider annotating your entities with one of these annotations: org.springframework.data.relational.core.mapping.Table.
2026-10-06 08:29:25 INFO  [main] RepositoryConfigurationExtensionSupport - Spring Data JDBC - Could not safely identify store assignment for repository candidate interface com.project.ProjectS.repository.TableAttributeRepository; If you want this repository to be a JDBC repository, consider annotating your entities with one of these annotations: org.springframework.data.relational.core.mapping.Table.
2026-10-06 08:29:25 INFO  [main] RepositoryConfigurationExtensionSupport - Spring Data JDBC - Could not safely identify store assignment for repository candidate interface com.project.ProjectS.repository.TableHeaderRepository; If you want this repository to be a JDBC repository, consider annotating your entities with one of these annotations: org.springframework.data.relational.core.mapping.Table.
2026-10-06 08:29:25 INFO  [main] RepositoryConfigurationExtensionSupport - Spring Data JDBC - Could not safely identify store assignment for repository candidate interface com.project.ProjectS.repository.TableNameRepository; If you want this repository to be a JDBC repository, consider annotating your entities with one of these annotations: org.springframework.data.relational.core.mapping.Table.
2026-10-06 08:29:25 INFO  [main] RepositoryConfigurationExtensionSupport - Spring Data JDBC - Could not safely identify store assignment for repository candidate interface com.project.ProjectS.repository.TopicRepository; If you want this repository to be a JDBC repository, consider annotating your entities with one of these annotations: org.springframework.data.relational.core.mapping.Table.
2026-10-06 08:29:25 INFO  [main] RepositoryConfigurationExtensionSupport - Spring Data JDBC - Could not safely identify store assignment for repository candidate interface com.project.ProjectS.repository.UserActivitySessionRepository; If you want this repository to be a JDBC repository, consider annotating your entities with one of these annotations: org.springframework.data.relational.core.mapping.Table.
2026-10-06 08:29:25 INFO  [main] RepositoryConfigurationExtensionSupport - Spring Data JDBC - Could not safely identify store assignment for repository candidate interface com.project.ProjectS.repository.UserRepository; If you want this repository to be a JDBC repository, consider annotating your entities with one of these annotations: org.springframework.data.relational.core.mapping.Table.
2026-10-06 08:29:25 INFO  [main] RepositoryConfigurationExtensionSupport - Spring Data JDBC - Could not safely identify store assignment for repository candidate interface com.project.ProjectS.repository.UserSubscriptionRepository; If you want this repository to be a JDBC repository, consider annotating your entities with one of these annotations: org.springframework.data.relational.core.mapping.Table.
2026-10-06 08:29:25 INFO  [main] RepositoryConfigurationDelegate - Finished Spring Data repository scanning in 114 ms. Found 0 JDBC repository interfaces.
2026-10-06 08:29:25 INFO  [main] RepositoryConfigurationDelegate - Multiple Spring Data modules found, entering strict repository configuration mode
2026-10-06 08:29:25 INFO  [main] RepositoryConfigurationDelegate - Bootstrapping Spring Data JPA repositories in DEFAULT mode.
2026-10-06 08:29:25 INFO  [main] RepositoryConfigurationDelegate - Finished Spring Data repository scanning in 72 ms. Found 35 JPA repository interfaces.
2026-10-06 08:29:26 INFO  [main] TomcatWebServer - Tomcat initialized with port 8080 (http)
2026-10-06 08:29:26 INFO  [main] Http11NioProtocol - Initializing ProtocolHandler ["http-nio-0.0.0.0-8080"]
2026-10-06 08:29:26 INFO  [main] StandardService - Starting service [Tomcat]
2026-10-06 08:29:26 INFO  [main] StandardEngine - Starting Servlet engine: [Apache Tomcat/10.1.43]
2026-10-06 08:29:26 INFO  [main] [/] - Initializing Spring embedded WebApplicationContext
2026-10-06 08:29:26 INFO  [main] ServletWebServerApplicationContext - Root WebApplicationContext: initialization completed in 3514 ms
2026-10-06 08:29:27 INFO  [main] LogHelper - HHH000204: Processing PersistenceUnitInfo [name: default]
2026-10-06 08:29:27 INFO  [main] Version - HHH000412: Hibernate ORM core version 6.6.22.Final
2026-10-06 08:29:27 INFO  [main] Environment - HHH000205: Loaded properties from resource hibernate.properties: {}
2026-10-06 08:29:27 INFO  [main] RegionFactoryInitiator - HHH000026: Second-level cache disabled
2026-10-06 08:29:27 INFO  [main] SpringPersistenceUnitInfo - No LoadTimeWeaver setup: ignoring JPA class transformer
2026-10-06 08:29:27 INFO  [main] HikariDataSource - HikariPool-1 - Starting...
2026-10-06 08:29:28 INFO  [main] HikariPool - HikariPool-1 - Added connection org.postgresql.jdbc.PgConnection@625f5712
2026-10-06 08:29:28 INFO  [main] HikariDataSource - HikariPool-1 - Start completed.
2026-10-06 08:29:28 INFO  [main] pooling - HHH10001005: Database info:
	Database JDBC URL [Connecting through datasource 'HikariDataSource (HikariPool-1)']
	Database driver: undefined/unknown
	Database version: 16.15
	Autocommit mode: undefined/unknown
	Isolation level: undefined/unknown
	Minimum pool size: undefined/unknown
	Maximum pool size: undefined/unknown
2026-10-06 08:29:29 INFO  [main] JtaPlatformInitiator - HHH000489: No JTA platform available (set 'hibernate.transaction.jta.platform' to enable JTA platform integration)
2026-10-06 08:29:31 INFO  [main] LocalContainerEntityManagerFactoryBean - Initialized JPA EntityManagerFactory for persistence unit 'default'
2026-10-06 08:29:31 INFO  [main] QueryEnhancerFactory - Hibernate is in classpath; If applicable, HQL parser will be used.
2026-10-06 08:29:32 INFO  [main] InitializeUserDetailsBeanManagerConfigurer$InitializeUserDetailsManagerConfigurer - Global AuthenticationManager configured with UserDetailsService bean with name customUserDetailsService
2026-10-06 08:29:33 WARN  [main] JpaBaseConfiguration$JpaWebConfiguration - spring.jpa.open-in-view is enabled by default. Therefore, database queries may be performed during view rendering. Explicitly configure spring.jpa.open-in-view to disable this warning
2026-10-06 08:29:33 DEBUG [main] DefaultSecurityFilterChain - Will secure any request with filters: DisableEncodeUrlFilter, WebAsyncManagerIntegrationFilter, SecurityContextHolderFilter, HeaderWriterFilter, CorsFilter, LogoutFilter, OAuth2AuthorizationRequestRedirectFilter, OAuth2LoginAuthenticationFilter, JwtAuthenticationFilter, DefaultResourcesFilter, DefaultLoginPageGeneratingFilter, DefaultLogoutPageGeneratingFilter, RequestCacheAwareFilter, SecurityContextHolderAwareRequestFilter, AnonymousAuthenticationFilter, SessionManagementFilter, ExceptionTranslationFilter, AuthorizationFilter
2026-10-06 08:29:33 INFO  [main] Http11NioProtocol - Starting ProtocolHandler ["http-nio-0.0.0.0-8080"]
2026-10-06 08:29:33 INFO  [main] TomcatWebServer - Tomcat started on port 8080 (http) with context path '/'
2026-10-06 08:29:33 INFO  [main] ProjectSApplication - Started ProjectSApplication in 11.586 seconds (process running for 14.341)
2026-10-06 08:29:38 INFO  [http-nio-0.0.0.0-8080-exec-3] [/] - Initializing Spring DispatcherServlet 'dispatcherServlet'
2026-10-06 08:29:38 INFO  [http-nio-0.0.0.0-8080-exec-3] DispatcherServlet - Initializing Servlet 'dispatcherServlet'
2026-10-06 08:29:38 INFO  [http-nio-0.0.0.0-8080-exec-3] DispatcherServlet - Completed initialization in 1 ms
2026-10-06 08:29:38 DEBUG [http-nio-0.0.0.0-8080-exec-3] FilterChainProxy - Securing OPTIONS /api/exams
2026-10-06 08:29:38 DEBUG [http-nio-0.0.0.0-8080-exec-5] FilterChainProxy - Securing OPTIONS /api/exams
2026-10-06 08:29:38 DEBUG [http-nio-0.0.0.0-8080-exec-1] FilterChainProxy - Securing OPTIONS /api/exams/results/me
2026-10-06 08:29:38 DEBUG [http-nio-0.0.0.0-8080-exec-4] FilterChainProxy - Securing OPTIONS /api/activity-sessions/resume
2026-10-06 08:29:38 DEBUG [http-nio-0.0.0.0-8080-exec-2] FilterChainProxy - Securing OPTIONS /api/exams/results/me
2026-10-06 08:29:38 DEBUG [http-nio-0.0.0.0-8080-exec-8] FilterChainProxy - Securing GET /api/exams
2026-10-06 08:29:38 DEBUG [http-nio-0.0.0.0-8080-exec-7] FilterChainProxy - Securing POST /api/activity-sessions/resume
2026-10-06 08:29:38 DEBUG [http-nio-0.0.0.0-8080-exec-6] FilterChainProxy - Securing GET /api/exams/results/me
2026-10-06 08:29:38 INFO  [http-nio-0.0.0.0-8080-exec-6] JwtAuthenticationFilter - JWT AUTHENTICATION SUCCESS
2026-10-06 08:29:38 INFO  [http-nio-0.0.0.0-8080-exec-8] JwtAuthenticationFilter - JWT AUTHENTICATION SUCCESS
2026-10-06 08:29:38 INFO  [http-nio-0.0.0.0-8080-exec-7] JwtAuthenticationFilter - JWT AUTHENTICATION SUCCESS
2026-10-06 08:29:39 DEBUG [http-nio-0.0.0.0-8080-exec-7] FilterChainProxy - Secured POST /api/activity-sessions/resume
2026-10-06 08:29:39 DEBUG [http-nio-0.0.0.0-8080-exec-8] FilterChainProxy - Secured GET /api/exams
2026-10-06 08:29:39 DEBUG [http-nio-0.0.0.0-8080-exec-6] FilterChainProxy - Secured GET /api/exams/results/me
2026-10-06 08:29:39 DEBUG [http-nio-0.0.0.0-8080-exec-9] FilterChainProxy - Securing GET /api/exams/results/me
2026-10-06 08:29:39 INFO  [http-nio-0.0.0.0-8080-exec-9] JwtAuthenticationFilter - JWT AUTHENTICATION SUCCESS
2026-10-06 08:29:39 DEBUG [http-nio-0.0.0.0-8080-exec-9] FilterChainProxy - Secured GET /api/exams/results/me
2026-10-06 08:29:39 DEBUG [http-nio-0.0.0.0-8080-exec-10] FilterChainProxy - Securing GET /api/exams
2026-10-06 08:29:39 INFO  [http-nio-0.0.0.0-8080-exec-10] JwtAuthenticationFilter - JWT AUTHENTICATION SUCCESS
2026-10-06 08:29:39 DEBUG [http-nio-0.0.0.0-8080-exec-10] FilterChainProxy - Secured GET /api/exams
2026-10-06 08:29:40 DEBUG [http-nio-0.0.0.0-8080-exec-1] FilterChainProxy - Securing GET /api/exams/results/me
2026-10-06 08:29:40 DEBUG [http-nio-0.0.0.0-8080-exec-2] FilterChainProxy - Securing GET /api/exams
2026-10-06 08:29:40 DEBUG [http-nio-0.0.0.0-8080-exec-5] FilterChainProxy - Securing POST /api/activity-sessions/resume
2026-10-06 08:29:40 INFO  [http-nio-0.0.0.0-8080-exec-2] JwtAuthenticationFilter - JWT AUTHENTICATION SUCCESS
2026-10-06 08:29:40 INFO  [http-nio-0.0.0.0-8080-exec-1] JwtAuthenticationFilter - JWT AUTHENTICATION SUCCESS
2026-10-06 08:29:40 DEBUG [http-nio-0.0.0.0-8080-exec-2] FilterChainProxy - Secured GET /api/exams
2026-10-06 08:29:40 DEBUG [http-nio-0.0.0.0-8080-exec-1] FilterChainProxy - Secured GET /api/exams/results/me
2026-10-06 08:29:40 INFO  [http-nio-0.0.0.0-8080-exec-5] JwtAuthenticationFilter - JWT AUTHENTICATION SUCCESS
2026-10-06 08:29:40 DEBUG [http-nio-0.0.0.0-8080-exec-5] FilterChainProxy - Secured POST /api/activity-sessions/resume
2026-10-06 08:29:40 DEBUG [http-nio-0.0.0.0-8080-exec-4] FilterChainProxy - Securing GET /api/exams/results/me
2026-10-06 08:29:40 INFO  [http-nio-0.0.0.0-8080-exec-4] JwtAuthenticationFilter - JWT AUTHENTICATION SUCCESS
2026-10-06 08:29:40 DEBUG [http-nio-0.0.0.0-8080-exec-4] FilterChainProxy - Secured GET /api/exams/results/me
2026-10-06 08:29:40 DEBUG [http-nio-0.0.0.0-8080-exec-3] FilterChainProxy - Securing GET /api/exams
2026-10-06 08:29:40 INFO  [http-nio-0.0.0.0-8080-exec-3] JwtAuthenticationFilter - JWT AUTHENTICATION SUCCESS
2026-10-06 08:29:40 DEBUG [http-nio-0.0.0.0-8080-exec-3] FilterChainProxy - Secured GET /api/exams
2026-10-06 08:29:42 DEBUG [http-nio-0.0.0.0-8080-exec-6] FilterChainProxy - Securing OPTIONS /api/exams/8/questions
2026-10-06 08:29:42 DEBUG [http-nio-0.0.0.0-8080-exec-9] FilterChainProxy - Securing OPTIONS /api/exams/8/questions
2026-10-06 08:29:42 DEBUG [http-nio-0.0.0.0-8080-exec-8] FilterChainProxy - Securing GET /api/exams/8/questions
2026-10-06 08:29:42 INFO  [http-nio-0.0.0.0-8080-exec-8] JwtAuthenticationFilter - JWT AUTHENTICATION SUCCESS
2026-10-06 08:29:42 DEBUG [http-nio-0.0.0.0-8080-exec-8] FilterChainProxy - Secured GET /api/exams/8/questions
2026-10-06 08:29:42 DEBUG [http-nio-0.0.0.0-8080-exec-10] FilterChainProxy - Securing GET /api/exams/8/questions
2026-10-06 08:29:42 INFO  [http-nio-0.0.0.0-8080-exec-10] JwtAuthenticationFilter - JWT AUTHENTICATION SUCCESS
2026-10-06 08:29:42 DEBUG [http-nio-0.0.0.0-8080-exec-10] FilterChainProxy - Secured GET /api/exams/8/questions
2026-10-06 08:31:05 DEBUG [http-nio-0.0.0.0-8080-exec-10] FilterChainProxy - Securing OPTIONS /api/rule-engines/attribute/44
2026-10-06 08:31:05 DEBUG [http-nio-0.0.0.0-8080-exec-1] FilterChainProxy - Securing OPTIONS /api/rule-engines/attribute/45
2026-10-06 08:31:05 DEBUG [http-nio-0.0.0.0-8080-exec-10] FilterChainProxy - Securing OPTIONS /api/rule-engines/attribute/47
2026-10-06 08:31:05 DEBUG [http-nio-0.0.0.0-8080-exec-7] FilterChainProxy - Securing OPTIONS /api/rule-engines/attribute/46
2026-10-06 08:31:05 DEBUG [http-nio-0.0.0.0-8080-exec-10] FilterChainProxy - Securing OPTIONS /api/rule-engines/attribute/48
2026-10-06 08:31:05 DEBUG [http-nio-0.0.0.0-8080-exec-5] FilterChainProxy - Securing OPTIONS /api/rule-engines/attribute/44
2026-10-06 08:31:05 DEBUG [http-nio-0.0.0.0-8080-exec-3] FilterChainProxy - Securing OPTIONS /api/rule-engines/attribute/46
2026-10-06 08:31:05 DEBUG [http-nio-0.0.0.0-8080-exec-8] FilterChainProxy - Securing OPTIONS /api/rule-engines/attribute/47
2026-10-06 08:31:05 DEBUG [http-nio-0.0.0.0-8080-exec-9] FilterChainProxy - Securing OPTIONS /api/rule-engines/attribute/45
2026-10-06 08:31:05 DEBUG [http-nio-0.0.0.0-8080-exec-2] FilterChainProxy - Securing GET /api/rule-engines/attribute/47
2026-10-06 08:31:05 DEBUG [http-nio-0.0.0.0-8080-exec-6] FilterChainProxy - Securing OPTIONS /api/rule-engines/attribute/48
2026-10-06 08:31:05 DEBUG [http-nio-0.0.0.0-8080-exec-1] FilterChainProxy - Securing GET /api/rule-engines/attribute/44
2026-10-06 08:31:05 DEBUG [http-nio-0.0.0.0-8080-exec-4] FilterChainProxy - Securing GET /api/rule-engines/attribute/45
2026-10-06 08:31:05 DEBUG [http-nio-0.0.0.0-8080-exec-10] FilterChainProxy - Securing GET /api/rule-engines/attribute/48
2026-10-06 08:31:05 DEBUG [http-nio-0.0.0.0-8080-exec-7] FilterChainProxy - Securing GET /api/rule-engines/attribute/46
2026-10-06 08:31:05 INFO  [http-nio-0.0.0.0-8080-exec-2] JwtAuthenticationFilter - JWT AUTHENTICATION SUCCESS
2026-10-06 08:31:05 DEBUG [http-nio-0.0.0.0-8080-exec-2] FilterChainProxy - Secured GET /api/rule-engines/attribute/47
2026-10-06 08:31:05 INFO  [http-nio-0.0.0.0-8080-exec-1] JwtAuthenticationFilter - JWT AUTHENTICATION SUCCESS
2026-10-06 08:31:05 INFO  [http-nio-0.0.0.0-8080-exec-4] JwtAuthenticationFilter - JWT AUTHENTICATION SUCCESS
2026-10-06 08:31:05 DEBUG [http-nio-0.0.0.0-8080-exec-1] FilterChainProxy - Secured GET /api/rule-engines/attribute/44
2026-10-06 08:31:05 DEBUG [http-nio-0.0.0.0-8080-exec-4] FilterChainProxy - Secured GET /api/rule-engines/attribute/45
2026-10-06 08:31:05 INFO  [http-nio-0.0.0.0-8080-exec-7] JwtAuthenticationFilter - JWT AUTHENTICATION SUCCESS
2026-10-06 08:31:05 DEBUG [http-nio-0.0.0.0-8080-exec-7] FilterChainProxy - Secured GET /api/rule-engines/attribute/46
2026-10-06 08:31:05 INFO  [http-nio-0.0.0.0-8080-exec-10] JwtAuthenticationFilter - JWT AUTHENTICATION SUCCESS
2026-10-06 08:31:05 DEBUG [http-nio-0.0.0.0-8080-exec-10] FilterChainProxy - Secured GET /api/rule-engines/attribute/48
2026-10-06 08:31:05 DEBUG [http-nio-0.0.0.0-8080-exec-8] FilterChainProxy - Securing GET /api/rule-engines/attribute/47
2026-10-06 08:31:05 DEBUG [http-nio-0.0.0.0-8080-exec-5] FilterChainProxy - Securing GET /api/rule-engines/attribute/45
2026-10-06 08:31:05 DEBUG [http-nio-0.0.0.0-8080-exec-3] FilterChainProxy - Securing GET /api/rule-engines/attribute/46
2026-10-06 08:31:05 DEBUG [http-nio-0.0.0.0-8080-exec-9] FilterChainProxy - Securing GET /api/rule-engines/attribute/48
2026-10-06 08:31:05 DEBUG [http-nio-0.0.0.0-8080-exec-6] FilterChainProxy - Securing GET /api/rule-engines/attribute/44
2026-10-06 08:31:05 INFO  [http-nio-0.0.0.0-8080-exec-5] JwtAuthenticationFilter - JWT AUTHENTICATION SUCCESS
2026-10-06 08:31:05 INFO  [http-nio-0.0.0.0-8080-exec-3] JwtAuthenticationFilter - JWT AUTHENTICATION SUCCESS
2026-10-06 08:31:05 DEBUG [http-nio-0.0.0.0-8080-exec-5] FilterChainProxy - Secured GET /api/rule-engines/attribute/45
2026-10-06 08:31:05 DEBUG [http-nio-0.0.0.0-8080-exec-3] FilterChainProxy - Secured GET /api/rule-engines/attribute/46
2026-10-06 08:31:05 INFO  [http-nio-0.0.0.0-8080-exec-9] JwtAuthenticationFilter - JWT AUTHENTICATION SUCCESS
2026-10-06 08:31:05 DEBUG [http-nio-0.0.0.0-8080-exec-9] FilterChainProxy - Secured GET /api/rule-engines/attribute/48
2026-10-06 08:31:05 INFO  [http-nio-0.0.0.0-8080-exec-8] JwtAuthenticationFilter - JWT AUTHENTICATION SUCCESS
2026-10-06 08:31:05 INFO  [http-nio-0.0.0.0-8080-exec-6] JwtAuthenticationFilter - JWT AUTHENTICATION SUCCESS
2026-10-06 08:31:05 DEBUG [http-nio-0.0.0.0-8080-exec-8] FilterChainProxy - Secured GET /api/rule-engines/attribute/47
2026-10-06 08:31:05 DEBUG [http-nio-0.0.0.0-8080-exec-6] FilterChainProxy - Secured GET /api/rule-engines/attribute/44
2026-10-06 08:31:14 DEBUG [http-nio-0.0.0.0-8080-exec-7] FilterChainProxy - Securing OPTIONS /api/exams/8/submit
2026-10-06 08:31:14 DEBUG [http-nio-0.0.0.0-8080-exec-10] FilterChainProxy - Securing POST /api/exams/8/submit
2026-10-06 08:31:14 INFO  [http-nio-0.0.0.0-8080-exec-10] JwtAuthenticationFilter - JWT AUTHENTICATION SUCCESS
2026-10-06 08:31:14 DEBUG [http-nio-0.0.0.0-8080-exec-10] FilterChainProxy - Secured POST /api/exams/8/submit
2026-10-06 08:31:20 DEBUG [http-nio-0.0.0.0-8080-exec-1] FilterChainProxy - Securing OPTIONS /api/notifications/mine/unread-count
2026-10-06 08:31:20 DEBUG [http-nio-0.0.0.0-8080-exec-2] FilterChainProxy - Securing OPTIONS /api/notifications/mine?limit=12
2026-10-06 08:31:20 DEBUG [http-nio-0.0.0.0-8080-exec-4] FilterChainProxy - Securing OPTIONS /api/course
2026-10-06 08:31:20 DEBUG [http-nio-0.0.0.0-8080-exec-2] FilterChainProxy - Securing OPTIONS /api/subjects
2026-10-06 08:31:20 DEBUG [http-nio-0.0.0.0-8080-exec-5] FilterChainProxy - Securing OPTIONS /api/chapter
2026-10-06 08:31:20 DEBUG [http-nio-0.0.0.0-8080-exec-8] FilterChainProxy - Securing OPTIONS /api/topics
2026-10-06 08:31:20 DEBUG [http-nio-0.0.0.0-8080-exec-1] FilterChainProxy - Securing GET /api/course
2026-10-06 08:31:20 DEBUG [http-nio-0.0.0.0-8080-exec-6] FilterChainProxy - Securing GET /api/notifications/mine?limit=12
2026-10-06 08:31:20 DEBUG [http-nio-0.0.0.0-8080-exec-7] FilterChainProxy - Securing GET /api/notifications/mine/unread-count
2026-10-06 08:31:20 DEBUG [http-nio-0.0.0.0-8080-exec-10] FilterChainProxy - Securing OPTIONS /api/exams
2026-10-06 08:31:20 DEBUG [http-nio-0.0.0.0-8080-exec-9] FilterChainProxy - Securing OPTIONS /api/questions
2026-10-06 08:31:20 DEBUG [http-nio-0.0.0.0-8080-exec-4] FilterChainProxy - Securing GET /api/subjects
2026-10-06 08:31:20 DEBUG [http-nio-0.0.0.0-8080-exec-10] FilterChainProxy - Securing OPTIONS /api/activity-sessions/resume
2026-10-06 08:31:20 DEBUG [http-nio-0.0.0.0-8080-exec-9] FilterChainProxy - Securing OPTIONS /api/exams/results/me
2026-10-06 08:31:20 DEBUG [http-nio-0.0.0.0-8080-exec-11] FilterChainProxy - Securing GET /api/topics
2026-10-06 08:31:20 DEBUG [http-nio-0.0.0.0-8080-exec-9] FilterChainProxy - Securing GET /api/chapter
2026-10-06 08:31:20 DEBUG [http-nio-0.0.0.0-8080-exec-3] FilterChainProxy - Securing OPTIONS /api/notifications/mine?limit=12
2026-10-06 08:31:20 INFO  [http-nio-0.0.0.0-8080-exec-1] JwtAuthenticationFilter - JWT AUTHENTICATION SUCCESS
2026-10-06 08:31:20 DEBUG [http-nio-0.0.0.0-8080-exec-1] FilterChainProxy - Secured GET /api/course
2026-10-06 08:31:20 INFO  [http-nio-0.0.0.0-8080-exec-7] JwtAuthenticationFilter - JWT AUTHENTICATION SUCCESS
2026-10-06 08:31:20 INFO  [http-nio-0.0.0.0-8080-exec-9] JwtAuthenticationFilter - JWT AUTHENTICATION SUCCESS
2026-10-06 08:31:20 INFO  [http-nio-0.0.0.0-8080-exec-1] CourseController - Received request to fetch all courses.
2026-10-06 08:31:20 INFO  [http-nio-0.0.0.0-8080-exec-1] CourseService - Fetching all courses.
2026-10-06 08:31:20 DEBUG [http-nio-0.0.0.0-8080-exec-9] FilterChainProxy - Secured GET /api/chapter
2026-10-06 08:31:20 DEBUG [http-nio-0.0.0.0-8080-exec-7] FilterChainProxy - Secured GET /api/notifications/mine/unread-count
2026-10-06 08:31:20 INFO  [http-nio-0.0.0.0-8080-exec-11] JwtAuthenticationFilter - JWT AUTHENTICATION SUCCESS
2026-10-06 08:31:20 INFO  [http-nio-0.0.0.0-8080-exec-9] ChapterController - Received request to fetch all chapters.
2026-10-06 08:31:20 DEBUG [http-nio-0.0.0.0-8080-exec-11] FilterChainProxy - Secured GET /api/topics
2026-10-06 08:31:20 INFO  [http-nio-0.0.0.0-8080-exec-9] ChapterService - Fetching all chapters.
2026-10-06 08:31:20 DEBUG [http-nio-0.0.0.0-8080-exec-3] FilterChainProxy - Securing OPTIONS /api/notifications/mine/unread-count
2026-10-06 08:31:20 DEBUG [http-nio-0.0.0.0-8080-exec-12] FilterChainProxy - Securing OPTIONS /api/questions
2026-10-06 08:31:20 DEBUG [http-nio-0.0.0.0-8080-exec-3] FilterChainProxy - Securing OPTIONS /api/subjects
2026-10-06 08:31:20 DEBUG [http-nio-0.0.0.0-8080-exec-12] FilterChainProxy - Securing OPTIONS /api/chapter
2026-10-06 08:31:20 INFO  [http-nio-0.0.0.0-8080-exec-1] CourseService - Fetched 1 courses.
2026-10-06 08:31:20 INFO  [http-nio-0.0.0.0-8080-exec-1] CourseController - Fetched 1 courses successfully.
2026-10-06 08:31:20 DEBUG [http-nio-0.0.0.0-8080-exec-12] FilterChainProxy - Securing OPTIONS /api/topics
2026-10-06 08:31:20 DEBUG [http-nio-0.0.0.0-8080-exec-2] FilterChainProxy - Securing OPTIONS /api/course
2026-10-06 08:31:20 INFO  [http-nio-0.0.0.0-8080-exec-9] ChapterService - Fetched 6 chapters.
2026-10-06 08:31:20 INFO  [http-nio-0.0.0.0-8080-exec-9] ChapterController - Fetched 6 chapters successfully.
2026-10-06 08:31:20 INFO  [http-nio-0.0.0.0-8080-exec-4] JwtAuthenticationFilter - JWT AUTHENTICATION SUCCESS
2026-10-06 08:31:20 DEBUG [http-nio-0.0.0.0-8080-exec-4] FilterChainProxy - Secured GET /api/subjects
2026-10-06 08:31:20 INFO  [http-nio-0.0.0.0-8080-exec-6] JwtAuthenticationFilter - JWT AUTHENTICATION SUCCESS
2026-10-06 08:31:20 DEBUG [http-nio-0.0.0.0-8080-exec-6] FilterChainProxy - Secured GET /api/notifications/mine?limit=12
2026-10-06 08:31:20 DEBUG [http-nio-0.0.0.0-8080-exec-3] FilterChainProxy - Securing GET /api/exams
2026-10-06 08:31:20 DEBUG [http-nio-0.0.0.0-8080-exec-5] FilterChainProxy - Securing GET /api/exams/results/me
2026-10-06 08:31:20 DEBUG [http-nio-0.0.0.0-8080-exec-8] FilterChainProxy - Securing OPTIONS /api/exams/results/me
2026-10-06 08:31:20 DEBUG [http-nio-0.0.0.0-8080-exec-1] FilterChainProxy - Securing GET /api/chapter
2026-10-06 08:31:20 DEBUG [http-nio-0.0.0.0-8080-exec-12] FilterChainProxy - Securing POST /api/activity-sessions/resume
2026-10-06 08:31:20 DEBUG [http-nio-0.0.0.0-8080-exec-10] FilterChainProxy - Securing OPTIONS /api/exams
2026-10-06 08:31:20 DEBUG [http-nio-0.0.0.0-8080-exec-2] FilterChainProxy - Securing GET /api/questions
2026-10-06 08:31:20 INFO  [http-nio-0.0.0.0-8080-exec-5] JwtAuthenticationFilter - JWT AUTHENTICATION SUCCESS
2026-10-06 08:31:20 INFO  [http-nio-0.0.0.0-8080-exec-12] JwtAuthenticationFilter - JWT AUTHENTICATION SUCCESS
2026-10-06 08:31:20 INFO  [http-nio-0.0.0.0-8080-exec-1] JwtAuthenticationFilter - JWT AUTHENTICATION SUCCESS
2026-10-06 08:31:20 DEBUG [http-nio-0.0.0.0-8080-exec-1] FilterChainProxy - Secured GET /api/chapter
2026-10-06 08:31:20 DEBUG [http-nio-0.0.0.0-8080-exec-5] FilterChainProxy - Secured GET /api/exams/results/me
2026-10-06 08:31:20 DEBUG [http-nio-0.0.0.0-8080-exec-12] FilterChainProxy - Secured POST /api/activity-sessions/resume
2026-10-06 08:31:20 INFO  [http-nio-0.0.0.0-8080-exec-3] JwtAuthenticationFilter - JWT AUTHENTICATION SUCCESS
2026-10-06 08:31:20 INFO  [http-nio-0.0.0.0-8080-exec-1] ChapterController - Received request to fetch all chapters.
2026-10-06 08:31:20 INFO  [http-nio-0.0.0.0-8080-exec-1] ChapterService - Fetching all chapters.
2026-10-06 08:31:20 DEBUG [http-nio-0.0.0.0-8080-exec-3] FilterChainProxy - Secured GET /api/exams
2026-10-06 08:31:20 INFO  [http-nio-0.0.0.0-8080-exec-1] ChapterService - Fetched 6 chapters.
2026-10-06 08:31:20 INFO  [http-nio-0.0.0.0-8080-exec-1] ChapterController - Fetched 6 chapters successfully.
2026-10-06 08:31:20 DEBUG [http-nio-0.0.0.0-8080-exec-9] FilterChainProxy - Securing GET /api/subjects
2026-10-06 08:31:20 INFO  [http-nio-0.0.0.0-8080-exec-2] JwtAuthenticationFilter - JWT AUTHENTICATION SUCCESS
2026-10-06 08:31:20 DEBUG [http-nio-0.0.0.0-8080-exec-2] FilterChainProxy - Secured GET /api/questions
2026-10-06 08:31:20 DEBUG [http-nio-0.0.0.0-8080-exec-11] FilterChainProxy - Securing GET /api/topics
2026-10-06 08:31:20 INFO  [http-nio-0.0.0.0-8080-exec-11] JwtAuthenticationFilter - JWT AUTHENTICATION SUCCESS
2026-10-06 08:31:20 INFO  [http-nio-0.0.0.0-8080-exec-9] JwtAuthenticationFilter - JWT AUTHENTICATION SUCCESS
2026-10-06 08:31:20 DEBUG [http-nio-0.0.0.0-8080-exec-11] FilterChainProxy - Secured GET /api/topics
2026-10-06 08:31:20 DEBUG [http-nio-0.0.0.0-8080-exec-9] FilterChainProxy - Secured GET /api/subjects
2026-10-06 08:31:20 DEBUG [http-nio-0.0.0.0-8080-exec-6] FilterChainProxy - Securing GET /api/notifications/mine?limit=12
2026-10-06 08:31:20 DEBUG [http-nio-0.0.0.0-8080-exec-4] FilterChainProxy - Securing GET /api/course
2026-10-06 08:31:20 DEBUG [http-nio-0.0.0.0-8080-exec-8] FilterChainProxy - Securing GET /api/notifications/mine/unread-count
2026-10-06 08:31:20 INFO  [http-nio-0.0.0.0-8080-exec-6] JwtAuthenticationFilter - JWT AUTHENTICATION SUCCESS
2026-10-06 08:31:20 INFO  [http-nio-0.0.0.0-8080-exec-4] JwtAuthenticationFilter - JWT AUTHENTICATION SUCCESS
2026-10-06 08:31:20 DEBUG [http-nio-0.0.0.0-8080-exec-4] FilterChainProxy - Secured GET /api/course
2026-10-06 08:31:20 DEBUG [http-nio-0.0.0.0-8080-exec-6] FilterChainProxy - Secured GET /api/notifications/mine?limit=12
2026-10-06 08:31:20 DEBUG [http-nio-0.0.0.0-8080-exec-10] FilterChainProxy - Securing GET /api/exams
2026-10-06 08:31:20 INFO  [http-nio-0.0.0.0-8080-exec-4] CourseController - Received request to fetch all courses.
2026-10-06 08:31:20 INFO  [http-nio-0.0.0.0-8080-exec-4] CourseService - Fetching all courses.
2026-10-06 08:31:20 DEBUG [http-nio-0.0.0.0-8080-exec-7] FilterChainProxy - Securing GET /api/exams/results/me
2026-10-06 08:31:20 INFO  [http-nio-0.0.0.0-8080-exec-4] CourseService - Fetched 1 courses.
2026-10-06 08:31:20 INFO  [http-nio-0.0.0.0-8080-exec-4] CourseController - Fetched 1 courses successfully.
2026-10-06 08:31:20 INFO  [http-nio-0.0.0.0-8080-exec-10] JwtAuthenticationFilter - JWT AUTHENTICATION SUCCESS
2026-10-06 08:31:20 DEBUG [http-nio-0.0.0.0-8080-exec-10] FilterChainProxy - Secured GET /api/exams
2026-10-06 08:31:20 INFO  [http-nio-0.0.0.0-8080-exec-8] JwtAuthenticationFilter - JWT AUTHENTICATION SUCCESS
2026-10-06 08:31:20 DEBUG [http-nio-0.0.0.0-8080-exec-8] FilterChainProxy - Secured GET /api/notifications/mine/unread-count
2026-10-06 08:31:20 INFO  [http-nio-0.0.0.0-8080-exec-7] JwtAuthenticationFilter - JWT AUTHENTICATION SUCCESS
2026-10-06 08:31:20 DEBUG [http-nio-0.0.0.0-8080-exec-7] FilterChainProxy - Secured GET /api/exams/results/me
2026-10-06 08:31:20 DEBUG [http-nio-0.0.0.0-8080-exec-1] FilterChainProxy - Securing GET /api/questions
2026-10-06 08:31:20 INFO  [http-nio-0.0.0.0-8080-exec-1] JwtAuthenticationFilter - JWT AUTHENTICATION SUCCESS
2026-10-06 08:31:20 DEBUG [http-nio-0.0.0.0-8080-exec-1] FilterChainProxy - Secured GET /api/questions
2026-10-06 08:31:23 DEBUG [http-nio-0.0.0.0-8080-exec-3] FilterChainProxy - Securing OPTIONS /api/performance/student
2026-10-06 08:31:23 DEBUG [http-nio-0.0.0.0-8080-exec-9] FilterChainProxy - Securing OPTIONS /api/performance/student
2026-10-06 08:31:23 DEBUG [http-nio-0.0.0.0-8080-exec-12] FilterChainProxy - Securing POST /api/activity-sessions/resume
2026-10-06 08:31:23 INFO  [http-nio-0.0.0.0-8080-exec-12] JwtAuthenticationFilter - JWT AUTHENTICATION SUCCESS
2026-10-06 08:31:23 DEBUG [http-nio-0.0.0.0-8080-exec-12] FilterChainProxy - Secured POST /api/activity-sessions/resume
2026-10-06 08:31:23 DEBUG [http-nio-0.0.0.0-8080-exec-5] FilterChainProxy - Securing GET /api/performance/student
2026-10-06 08:31:23 INFO  [http-nio-0.0.0.0-8080-exec-5] JwtAuthenticationFilter - JWT AUTHENTICATION SUCCESS
2026-10-06 08:31:23 DEBUG [http-nio-0.0.0.0-8080-exec-5] FilterChainProxy - Secured GET /api/performance/student
2026-10-06 08:31:23 DEBUG [http-nio-0.0.0.0-8080-exec-11] FilterChainProxy - Securing GET /api/performance/student
2026-10-06 08:31:23 INFO  [http-nio-0.0.0.0-8080-exec-11] JwtAuthenticationFilter - JWT AUTHENTICATION SUCCESS
2026-10-06 08:31:23 DEBUG [http-nio-0.0.0.0-8080-exec-11] FilterChainProxy - Secured GET /api/performance/student
2026-10-06 08:31:27 DEBUG [http-nio-0.0.0.0-8080-exec-4] FilterChainProxy - Securing OPTIONS /api/activity-sessions/close
2026-10-06 08:31:27 DEBUG [http-nio-0.0.0.0-8080-exec-6] FilterChainProxy - Securing POST /api/activity-sessions/close
2026-10-06 08:31:27 INFO  [http-nio-0.0.0.0-8080-exec-6] JwtAuthenticationFilter - JWT AUTHENTICATION SUCCESS
2026-10-06 08:31:27 DEBUG [http-nio-0.0.0.0-8080-exec-6] FilterChainProxy - Secured POST /api/activity-sessions/close
2026-10-06 08:31:30 DEBUG [http-nio-0.0.0.0-8080-exec-8] FilterChainProxy - Securing OPTIONS /api/auth/login
2026-10-06 08:31:30 DEBUG [http-nio-0.0.0.0-8080-exec-10] FilterChainProxy - Securing POST /api/auth/login
2026-10-06 08:31:30 DEBUG [http-nio-0.0.0.0-8080-exec-10] AnonymousAuthenticationFilter - Set SecurityContextHolder to anonymous SecurityContext
2026-10-06 08:31:30 DEBUG [http-nio-0.0.0.0-8080-exec-10] SessionManagementFilter - Request requested invalid session id 37EDBE8F414E9DF93280F245EF022CF5
2026-10-06 08:31:30 DEBUG [http-nio-0.0.0.0-8080-exec-10] FilterChainProxy - Secured POST /api/auth/login
2026-10-06 08:31:31 DEBUG [http-nio-0.0.0.0-8080-exec-10] DaoAuthenticationProvider - Authenticated user
2026-10-06 08:31:31 DEBUG [http-nio-0.0.0.0-8080-exec-7] FilterChainProxy - Securing OPTIONS /api/notifications/mine?limit=12
2026-10-06 08:31:31 DEBUG [http-nio-0.0.0.0-8080-exec-2] FilterChainProxy - Securing OPTIONS /api/notifications/mine/unread-count
2026-10-06 08:31:31 DEBUG [http-nio-0.0.0.0-8080-exec-1] FilterChainProxy - Securing OPTIONS /api/course
2026-10-06 08:31:31 DEBUG [http-nio-0.0.0.0-8080-exec-9] FilterChainProxy - Securing OPTIONS /api/subjects
2026-10-06 08:31:31 DEBUG [http-nio-0.0.0.0-8080-exec-3] FilterChainProxy - Securing OPTIONS /api/chapter
2026-10-06 08:31:31 DEBUG [http-nio-0.0.0.0-8080-exec-12] FilterChainProxy - Securing OPTIONS /api/topics
2026-10-06 08:31:31 DEBUG [http-nio-0.0.0.0-8080-exec-11] FilterChainProxy - Securing OPTIONS /api/branch
2026-10-06 08:31:31 DEBUG [http-nio-0.0.0.0-8080-exec-4] FilterChainProxy - Securing OPTIONS /api/section
2026-10-06 08:31:31 DEBUG [http-nio-0.0.0.0-8080-exec-11] FilterChainProxy - Securing OPTIONS /api/exams
2026-10-06 08:31:31 DEBUG [http-nio-0.0.0.0-8080-exec-4] FilterChainProxy - Securing OPTIONS /api/questions
2026-10-06 08:31:31 DEBUG [http-nio-0.0.0.0-8080-exec-5] FilterChainProxy - Securing GET /api/notifications/mine?limit=12
2026-10-06 08:31:31 DEBUG [http-nio-0.0.0.0-8080-exec-11] FilterChainProxy - Securing GET /api/notifications/mine/unread-count
2026-10-06 08:31:31 DEBUG [http-nio-0.0.0.0-8080-exec-4] FilterChainProxy - Securing OPTIONS /api/college
2026-10-06 08:31:31 DEBUG [http-nio-0.0.0.0-8080-exec-6] FilterChainProxy - Securing GET /api/subjects
2026-10-06 08:31:31 DEBUG [http-nio-0.0.0.0-8080-exec-8] FilterChainProxy - Securing GET /api/course
2026-10-06 08:31:31 INFO  [http-nio-0.0.0.0-8080-exec-11] JwtAuthenticationFilter - JWT AUTHENTICATION SUCCESS
2026-10-06 08:31:31 DEBUG [http-nio-0.0.0.0-8080-exec-11] FilterChainProxy - Secured GET /api/notifications/mine/unread-count
2026-10-06 08:31:31 INFO  [http-nio-0.0.0.0-8080-exec-5] JwtAuthenticationFilter - JWT AUTHENTICATION SUCCESS
2026-10-06 08:31:31 DEBUG [http-nio-0.0.0.0-8080-exec-5] FilterChainProxy - Secured GET /api/notifications/mine?limit=12
2026-10-06 08:31:31 DEBUG [http-nio-0.0.0.0-8080-exec-9] FilterChainProxy - Securing GET /api/topics
2026-10-06 08:31:31 DEBUG [http-nio-0.0.0.0-8080-exec-7] FilterChainProxy - Securing GET /api/chapter
2026-10-06 08:31:31 DEBUG [http-nio-0.0.0.0-8080-exec-1] FilterChainProxy - Securing OPTIONS /api/dashboard
2026-10-06 08:31:31 INFO  [http-nio-0.0.0.0-8080-exec-6] JwtAuthenticationFilter - JWT AUTHENTICATION SUCCESS
2026-10-06 08:31:31 DEBUG [http-nio-0.0.0.0-8080-exec-6] FilterChainProxy - Secured GET /api/subjects
2026-10-06 08:31:31 INFO  [http-nio-0.0.0.0-8080-exec-8] JwtAuthenticationFilter - JWT AUTHENTICATION SUCCESS
2026-10-06 08:31:31 DEBUG [http-nio-0.0.0.0-8080-exec-8] FilterChainProxy - Secured GET /api/course
2026-10-06 08:31:31 INFO  [http-nio-0.0.0.0-8080-exec-8] CourseController - Received request to fetch all courses.
2026-10-06 08:31:31 INFO  [http-nio-0.0.0.0-8080-exec-8] CourseService - Fetching all courses.
2026-10-06 08:31:31 INFO  [http-nio-0.0.0.0-8080-exec-9] JwtAuthenticationFilter - JWT AUTHENTICATION SUCCESS
2026-10-06 08:31:31 INFO  [http-nio-0.0.0.0-8080-exec-7] JwtAuthenticationFilter - JWT AUTHENTICATION SUCCESS
2026-10-06 08:31:31 DEBUG [http-nio-0.0.0.0-8080-exec-7] FilterChainProxy - Secured GET /api/chapter
2026-10-06 08:31:31 DEBUG [http-nio-0.0.0.0-8080-exec-9] FilterChainProxy - Secured GET /api/topics
2026-10-06 08:31:31 INFO  [http-nio-0.0.0.0-8080-exec-7] ChapterController - Received request to fetch all chapters.
2026-10-06 08:31:31 INFO  [http-nio-0.0.0.0-8080-exec-7] ChapterService - Fetching all chapters.
2026-10-06 08:31:31 DEBUG [http-nio-0.0.0.0-8080-exec-4] FilterChainProxy - Securing OPTIONS /api/activity-sessions
2026-10-06 08:31:31 DEBUG [http-nio-0.0.0.0-8080-exec-4] FilterChainProxy - Securing OPTIONS /api/notifications/mine/unread-count
2026-10-06 08:31:31 INFO  [http-nio-0.0.0.0-8080-exec-7] ChapterService - Fetched 6 chapters.
2026-10-06 08:31:31 INFO  [http-nio-0.0.0.0-8080-exec-8] CourseService - Fetched 1 courses.
2026-10-06 08:31:31 INFO  [http-nio-0.0.0.0-8080-exec-7] ChapterController - Fetched 6 chapters successfully.
2026-10-06 08:31:31 INFO  [http-nio-0.0.0.0-8080-exec-8] CourseController - Fetched 1 courses successfully.
2026-10-06 08:31:31 DEBUG [http-nio-0.0.0.0-8080-exec-6] FilterChainProxy - Securing OPTIONS /api/course
2026-10-06 08:31:31 DEBUG [http-nio-0.0.0.0-8080-exec-3] FilterChainProxy - Securing OPTIONS /api/subjects
2026-10-06 08:31:31 DEBUG [http-nio-0.0.0.0-8080-exec-12] FilterChainProxy - Securing OPTIONS /api/chapter
2026-10-06 08:31:31 DEBUG [http-nio-0.0.0.0-8080-exec-1] FilterChainProxy - Securing OPTIONS /api/topics
2026-10-06 08:31:31 DEBUG [http-nio-0.0.0.0-8080-exec-11] FilterChainProxy - Securing OPTIONS /api/questions
2026-10-06 08:31:31 DEBUG [http-nio-0.0.0.0-8080-exec-2] FilterChainProxy - Securing OPTIONS /api/section
2026-10-06 08:31:31 DEBUG [http-nio-0.0.0.0-8080-exec-10] FilterChainProxy - Securing GET /api/branch
2026-10-06 08:31:31 DEBUG [http-nio-0.0.0.0-8080-exec-5] FilterChainProxy - Securing OPTIONS /api/college
2026-10-06 08:31:31 DEBUG [http-nio-0.0.0.0-8080-exec-4] FilterChainProxy - Securing OPTIONS /api/branch
2026-10-06 08:31:31 INFO  [http-nio-0.0.0.0-8080-exec-10] JwtAuthenticationFilter - JWT AUTHENTICATION SUCCESS
2026-10-06 08:31:31 DEBUG [http-nio-0.0.0.0-8080-exec-6] FilterChainProxy - Securing OPTIONS /api/exams
2026-10-06 08:31:31 DEBUG [http-nio-0.0.0.0-8080-exec-10] FilterChainProxy - Secured GET /api/branch
2026-10-06 08:31:31 DEBUG [http-nio-0.0.0.0-8080-exec-6] FilterChainProxy - Securing GET /api/section
2026-10-06 08:31:31 INFO  [http-nio-0.0.0.0-8080-exec-10] BranchController - Received request to fetch all branches.
2026-10-06 08:31:31 INFO  [http-nio-0.0.0.0-8080-exec-10] BranchService - Fetching all branches.
2026-10-06 08:31:31 DEBUG [http-nio-0.0.0.0-8080-exec-7] FilterChainProxy - Securing GET /api/exams
2026-10-06 08:31:31 DEBUG [http-nio-0.0.0.0-8080-exec-8] FilterChainProxy - Securing GET /api/questions
2026-10-06 08:31:31 DEBUG [http-nio-0.0.0.0-8080-exec-3] FilterChainProxy - Securing GET /api/college
2026-10-06 08:31:31 DEBUG [http-nio-0.0.0.0-8080-exec-12] FilterChainProxy - Securing GET /api/notifications/mine?limit=12
2026-10-06 08:31:31 DEBUG [http-nio-0.0.0.0-8080-exec-1] FilterChainProxy - Securing OPTIONS /api/dashboard
2026-10-06 08:31:31 INFO  [http-nio-0.0.0.0-8080-exec-7] JwtAuthenticationFilter - JWT AUTHENTICATION SUCCESS
2026-10-06 08:31:31 INFO  [http-nio-0.0.0.0-8080-exec-8] JwtAuthenticationFilter - JWT AUTHENTICATION SUCCESS
2026-10-06 08:31:31 DEBUG [http-nio-0.0.0.0-8080-exec-8] FilterChainProxy - Secured GET /api/questions
2026-10-06 08:31:31 DEBUG [http-nio-0.0.0.0-8080-exec-7] FilterChainProxy - Secured GET /api/exams
2026-10-06 08:31:31 INFO  [http-nio-0.0.0.0-8080-exec-10] BranchService - Fetched 3 branches.
2026-10-06 08:31:31 INFO  [http-nio-0.0.0.0-8080-exec-3] JwtAuthenticationFilter - JWT AUTHENTICATION SUCCESS
2026-10-06 08:31:31 INFO  [http-nio-0.0.0.0-8080-exec-10] BranchController - Fetched 3 branches successfully.
2026-10-06 08:31:31 INFO  [http-nio-0.0.0.0-8080-exec-6] JwtAuthenticationFilter - JWT AUTHENTICATION SUCCESS
2026-10-06 08:31:31 DEBUG [http-nio-0.0.0.0-8080-exec-3] FilterChainProxy - Secured GET /api/college
2026-10-06 08:31:31 DEBUG [http-nio-0.0.0.0-8080-exec-6] FilterChainProxy - Secured GET /api/section
2026-10-06 08:31:31 INFO  [http-nio-0.0.0.0-8080-exec-3] CollegeController - Received request to fetch all colleges.
2026-10-06 08:31:31 INFO  [http-nio-0.0.0.0-8080-exec-3] CollegeService - Fetching all colleges.
2026-10-06 08:31:31 INFO  [http-nio-0.0.0.0-8080-exec-12] JwtAuthenticationFilter - JWT AUTHENTICATION SUCCESS
2026-10-06 08:31:31 INFO  [http-nio-0.0.0.0-8080-exec-3] CollegeService - Fetched 1 colleges.
2026-10-06 08:31:31 INFO  [http-nio-0.0.0.0-8080-exec-3] CollegeController - Fetched 1 colleges successfully.
2026-10-06 08:31:31 INFO  [http-nio-0.0.0.0-8080-exec-6] SectionController - Received request to fetch all sections.
2026-10-06 08:31:31 INFO  [http-nio-0.0.0.0-8080-exec-6] SectionService - Fetching all sections.
2026-10-06 08:31:31 DEBUG [http-nio-0.0.0.0-8080-exec-12] FilterChainProxy - Secured GET /api/notifications/mine?limit=12
2026-10-06 08:31:31 DEBUG [http-nio-0.0.0.0-8080-exec-11] FilterChainProxy - Securing GET /api/dashboard
2026-10-06 08:31:31 DEBUG [http-nio-0.0.0.0-8080-exec-4] FilterChainProxy - Securing POST /api/activity-sessions
2026-10-06 08:31:31 INFO  [http-nio-0.0.0.0-8080-exec-11] JwtAuthenticationFilter - JWT AUTHENTICATION SUCCESS
2026-10-06 08:31:31 DEBUG [http-nio-0.0.0.0-8080-exec-5] FilterChainProxy - Securing GET /api/notifications/mine/unread-count
2026-10-06 08:31:31 DEBUG [http-nio-0.0.0.0-8080-exec-11] FilterChainProxy - Secured GET /api/dashboard
2026-10-06 08:31:31 INFO  [http-nio-0.0.0.0-8080-exec-11] DashboardController - Received request to fetch dashboard details.
2026-10-06 08:31:31 INFO  [http-nio-0.0.0.0-8080-exec-11] DashboardService - Fetching dashboard details.
2026-10-06 08:31:31 INFO  [http-nio-0.0.0.0-8080-exec-6] SectionService - Fetched 1 sections.
2026-10-06 08:31:31 INFO  [http-nio-0.0.0.0-8080-exec-6] SectionController - Fetched 1 sections successfully.
2026-10-06 08:31:31 DEBUG [http-nio-0.0.0.0-8080-exec-12] FilterChainProxy - Securing GET /api/course
2026-10-06 08:31:31 INFO  [http-nio-0.0.0.0-8080-exec-5] JwtAuthenticationFilter - JWT AUTHENTICATION SUCCESS
2026-10-06 08:31:31 INFO  [http-nio-0.0.0.0-8080-exec-4] JwtAuthenticationFilter - JWT AUTHENTICATION SUCCESS
2026-10-06 08:31:31 DEBUG [http-nio-0.0.0.0-8080-exec-5] FilterChainProxy - Secured GET /api/notifications/mine/unread-count
2026-10-06 08:31:31 DEBUG [http-nio-0.0.0.0-8080-exec-4] FilterChainProxy - Secured POST /api/activity-sessions
2026-10-06 08:31:31 DEBUG [http-nio-0.0.0.0-8080-exec-2] FilterChainProxy - Securing GET /api/subjects
2026-10-06 08:31:31 INFO  [http-nio-0.0.0.0-8080-exec-12] JwtAuthenticationFilter - JWT AUTHENTICATION SUCCESS
2026-10-06 08:31:31 INFO  [http-nio-0.0.0.0-8080-exec-11] DashboardService - Dashboard details fetched successfully.
2026-10-06 08:31:31 INFO  [http-nio-0.0.0.0-8080-exec-11] DashboardController - Dashboard details fetched successfully.
2026-10-06 08:31:31 INFO  [http-nio-0.0.0.0-8080-exec-2] JwtAuthenticationFilter - JWT AUTHENTICATION SUCCESS
2026-10-06 08:31:31 DEBUG [http-nio-0.0.0.0-8080-exec-12] FilterChainProxy - Secured GET /api/course
2026-10-06 08:31:31 DEBUG [http-nio-0.0.0.0-8080-exec-9] FilterChainProxy - Securing GET /api/chapter
2026-10-06 08:31:31 DEBUG [http-nio-0.0.0.0-8080-exec-2] FilterChainProxy - Secured GET /api/subjects
2026-10-06 08:31:31 INFO  [http-nio-0.0.0.0-8080-exec-12] CourseController - Received request to fetch all courses.
2026-10-06 08:31:31 INFO  [http-nio-0.0.0.0-8080-exec-12] CourseService - Fetching all courses.
2026-10-06 08:31:31 INFO  [http-nio-0.0.0.0-8080-exec-12] CourseService - Fetched 1 courses.
2026-10-06 08:31:31 INFO  [http-nio-0.0.0.0-8080-exec-12] CourseController - Fetched 1 courses successfully.
2026-10-06 08:31:31 DEBUG [http-nio-0.0.0.0-8080-exec-1] FilterChainProxy - Securing GET /api/topics
2026-10-06 08:31:31 DEBUG [http-nio-0.0.0.0-8080-exec-10] FilterChainProxy - Securing GET /api/branch
2026-10-06 08:31:31 INFO  [http-nio-0.0.0.0-8080-exec-9] JwtAuthenticationFilter - JWT AUTHENTICATION SUCCESS
2026-10-06 08:31:31 DEBUG [http-nio-0.0.0.0-8080-exec-9] FilterChainProxy - Secured GET /api/chapter
2026-10-06 08:31:31 INFO  [http-nio-0.0.0.0-8080-exec-9] ChapterController - Received request to fetch all chapters.
2026-10-06 08:31:31 INFO  [http-nio-0.0.0.0-8080-exec-9] ChapterService - Fetching all chapters.
2026-10-06 08:31:31 INFO  [http-nio-0.0.0.0-8080-exec-10] JwtAuthenticationFilter - JWT AUTHENTICATION SUCCESS
2026-10-06 08:31:31 INFO  [http-nio-0.0.0.0-8080-exec-1] JwtAuthenticationFilter - JWT AUTHENTICATION SUCCESS
2026-10-06 08:31:31 DEBUG [http-nio-0.0.0.0-8080-exec-1] FilterChainProxy - Secured GET /api/topics
2026-10-06 08:31:31 DEBUG [http-nio-0.0.0.0-8080-exec-7] FilterChainProxy - Securing GET /api/exams
2026-10-06 08:31:31 DEBUG [http-nio-0.0.0.0-8080-exec-10] FilterChainProxy - Secured GET /api/branch
2026-10-06 08:31:31 INFO  [http-nio-0.0.0.0-8080-exec-10] BranchController - Received request to fetch all branches.
2026-10-06 08:31:31 INFO  [http-nio-0.0.0.0-8080-exec-10] BranchService - Fetching all branches.
2026-10-06 08:31:31 INFO  [http-nio-0.0.0.0-8080-exec-9] ChapterService - Fetched 6 chapters.
2026-10-06 08:31:31 INFO  [http-nio-0.0.0.0-8080-exec-9] ChapterController - Fetched 6 chapters successfully.
2026-10-06 08:31:31 INFO  [http-nio-0.0.0.0-8080-exec-10] BranchService - Fetched 3 branches.
2026-10-06 08:31:31 INFO  [http-nio-0.0.0.0-8080-exec-10] BranchController - Fetched 3 branches successfully.
2026-10-06 08:31:31 DEBUG [http-nio-0.0.0.0-8080-exec-3] FilterChainProxy - Securing GET /api/college
2026-10-06 08:31:31 INFO  [http-nio-0.0.0.0-8080-exec-7] JwtAuthenticationFilter - JWT AUTHENTICATION SUCCESS
2026-10-06 08:31:31 DEBUG [http-nio-0.0.0.0-8080-exec-7] FilterChainProxy - Secured GET /api/exams
2026-10-06 08:31:31 INFO  [http-nio-0.0.0.0-8080-exec-3] JwtAuthenticationFilter - JWT AUTHENTICATION SUCCESS
2026-10-06 08:31:31 DEBUG [http-nio-0.0.0.0-8080-exec-3] FilterChainProxy - Secured GET /api/college
2026-10-06 08:31:31 INFO  [http-nio-0.0.0.0-8080-exec-3] CollegeController - Received request to fetch all colleges.
2026-10-06 08:31:31 INFO  [http-nio-0.0.0.0-8080-exec-3] CollegeService - Fetching all colleges.
2026-10-06 08:31:31 INFO  [http-nio-0.0.0.0-8080-exec-3] CollegeService - Fetched 1 colleges.
2026-10-06 08:31:31 INFO  [http-nio-0.0.0.0-8080-exec-3] CollegeController - Fetched 1 colleges successfully.
2026-10-06 08:31:31 DEBUG [http-nio-0.0.0.0-8080-exec-6] FilterChainProxy - Securing GET /api/section
2026-10-06 08:31:31 DEBUG [http-nio-0.0.0.0-8080-exec-3] FilterChainProxy - Securing GET /api/dashboard
2026-10-06 08:31:31 INFO  [http-nio-0.0.0.0-8080-exec-3] JwtAuthenticationFilter - JWT AUTHENTICATION SUCCESS
2026-10-06 08:31:31 INFO  [http-nio-0.0.0.0-8080-exec-6] JwtAuthenticationFilter - JWT AUTHENTICATION SUCCESS
2026-10-06 08:31:31 DEBUG [http-nio-0.0.0.0-8080-exec-3] FilterChainProxy - Secured GET /api/dashboard
2026-10-06 08:31:31 DEBUG [http-nio-0.0.0.0-8080-exec-6] FilterChainProxy - Secured GET /api/section
2026-10-06 08:31:31 INFO  [http-nio-0.0.0.0-8080-exec-6] SectionController - Received request to fetch all sections.
2026-10-06 08:31:31 INFO  [http-nio-0.0.0.0-8080-exec-3] DashboardController - Received request to fetch dashboard details.
2026-10-06 08:31:31 INFO  [http-nio-0.0.0.0-8080-exec-3] DashboardService - Fetching dashboard details.
2026-10-06 08:31:31 INFO  [http-nio-0.0.0.0-8080-exec-6] SectionService - Fetching all sections.
2026-10-06 08:31:31 INFO  [http-nio-0.0.0.0-8080-exec-6] SectionService - Fetched 1 sections.
2026-10-06 08:31:31 INFO  [http-nio-0.0.0.0-8080-exec-6] SectionController - Fetched 1 sections successfully.
2026-10-06 08:31:31 INFO  [http-nio-0.0.0.0-8080-exec-3] DashboardService - Dashboard details fetched successfully.
2026-10-06 08:31:31 INFO  [http-nio-0.0.0.0-8080-exec-3] DashboardController - Dashboard details fetched successfully.
2026-10-06 08:31:31 DEBUG [http-nio-0.0.0.0-8080-exec-11] FilterChainProxy - Securing GET /api/questions
2026-10-06 08:31:31 INFO  [http-nio-0.0.0.0-8080-exec-11] JwtAuthenticationFilter - JWT AUTHENTICATION SUCCESS
2026-10-06 08:31:31 DEBUG [http-nio-0.0.0.0-8080-exec-11] FilterChainProxy - Secured GET /api/questions
2026-10-06 08:31:34 DEBUG [http-nio-0.0.0.0-8080-exec-2] FilterChainProxy - Securing GET /api/college
2026-10-06 08:31:34 DEBUG [http-nio-0.0.0.0-8080-exec-12] FilterChainProxy - Securing GET /api/branch
2026-10-06 08:31:34 DEBUG [http-nio-0.0.0.0-8080-exec-4] FilterChainProxy - Securing GET /api/course
2026-10-06 08:31:34 DEBUG [http-nio-0.0.0.0-8080-exec-9] FilterChainProxy - Securing GET /api/section
2026-10-06 08:31:34 INFO  [http-nio-0.0.0.0-8080-exec-12] JwtAuthenticationFilter - JWT AUTHENTICATION SUCCESS
2026-10-06 08:31:34 INFO  [http-nio-0.0.0.0-8080-exec-2] JwtAuthenticationFilter - JWT AUTHENTICATION SUCCESS
2026-10-06 08:31:34 DEBUG [http-nio-0.0.0.0-8080-exec-2] FilterChainProxy - Secured GET /api/college
2026-10-06 08:31:34 INFO  [http-nio-0.0.0.0-8080-exec-2] CollegeController - Received request to fetch all colleges.
2026-10-06 08:31:34 INFO  [http-nio-0.0.0.0-8080-exec-2] CollegeService - Fetching all colleges.
2026-10-06 08:31:34 INFO  [http-nio-0.0.0.0-8080-exec-4] JwtAuthenticationFilter - JWT AUTHENTICATION SUCCESS
2026-10-06 08:31:34 DEBUG [http-nio-0.0.0.0-8080-exec-12] FilterChainProxy - Secured GET /api/branch
2026-10-06 08:31:34 DEBUG [http-nio-0.0.0.0-8080-exec-10] FilterChainProxy - Securing GET /api/exams
2026-10-06 08:31:34 DEBUG [http-nio-0.0.0.0-8080-exec-1] FilterChainProxy - Securing OPTIONS /api/users/students_Guest
2026-10-06 08:31:34 DEBUG [http-nio-0.0.0.0-8080-exec-4] FilterChainProxy - Secured GET /api/course
2026-10-06 08:31:34 INFO  [http-nio-0.0.0.0-8080-exec-12] BranchController - Received request to fetch all branches.
2026-10-06 08:31:34 INFO  [http-nio-0.0.0.0-8080-exec-12] BranchService - Fetching all branches.
2026-10-06 08:31:34 INFO  [http-nio-0.0.0.0-8080-exec-4] CourseController - Received request to fetch all courses.
2026-10-06 08:31:34 DEBUG [http-nio-0.0.0.0-8080-exec-5] FilterChainProxy - Securing OPTIONS /api/performance/super-admin
2026-10-06 08:31:34 DEBUG [http-nio-0.0.0.0-8080-exec-7] FilterChainProxy - Securing OPTIONS /api/activity-sessions/resume
2026-10-06 08:31:34 DEBUG [http-nio-0.0.0.0-8080-exec-6] FilterChainProxy - Securing OPTIONS /api/users/students_Guest
2026-10-06 08:31:34 DEBUG [http-nio-0.0.0.0-8080-exec-1] FilterChainProxy - Securing OPTIONS /api/performance/super-admin
2026-10-06 08:31:34 INFO  [http-nio-0.0.0.0-8080-exec-2] CollegeService - Fetched 1 colleges.
2026-10-06 08:31:34 INFO  [http-nio-0.0.0.0-8080-exec-2] CollegeController - Fetched 1 colleges successfully.
2026-10-06 08:31:34 INFO  [http-nio-0.0.0.0-8080-exec-10] JwtAuthenticationFilter - JWT AUTHENTICATION SUCCESS
2026-10-06 08:31:34 DEBUG [http-nio-0.0.0.0-8080-exec-10] FilterChainProxy - Secured GET /api/exams
2026-10-06 08:31:34 INFO  [http-nio-0.0.0.0-8080-exec-9] JwtAuthenticationFilter - JWT AUTHENTICATION SUCCESS
2026-10-06 08:31:34 INFO  [http-nio-0.0.0.0-8080-exec-12] BranchService - Fetched 3 branches.
2026-10-06 08:31:34 INFO  [http-nio-0.0.0.0-8080-exec-12] BranchController - Fetched 3 branches successfully.
2026-10-06 08:31:34 DEBUG [http-nio-0.0.0.0-8080-exec-9] FilterChainProxy - Secured GET /api/section
2026-10-06 08:31:34 INFO  [http-nio-0.0.0.0-8080-exec-4] CourseService - Fetching all courses.
2026-10-06 08:31:34 INFO  [http-nio-0.0.0.0-8080-exec-9] SectionController - Received request to fetch all sections.
2026-10-06 08:31:34 INFO  [http-nio-0.0.0.0-8080-exec-9] SectionService - Fetching all sections.
2026-10-06 08:31:34 INFO  [http-nio-0.0.0.0-8080-exec-4] CourseService - Fetched 1 courses.
2026-10-06 08:31:34 INFO  [http-nio-0.0.0.0-8080-exec-4] CourseController - Fetched 1 courses successfully.
2026-10-06 08:31:34 INFO  [http-nio-0.0.0.0-8080-exec-9] SectionService - Fetched 1 sections.
2026-10-06 08:31:34 INFO  [http-nio-0.0.0.0-8080-exec-9] SectionController - Fetched 1 sections successfully.
2026-10-06 08:31:34 DEBUG [http-nio-0.0.0.0-8080-exec-8] FilterChainProxy - Securing GET /api/users/students_Guest
2026-10-06 08:31:34 DEBUG [http-nio-0.0.0.0-8080-exec-5] FilterChainProxy - Securing GET /api/branch
2026-10-06 08:31:34 DEBUG [http-nio-0.0.0.0-8080-exec-6] FilterChainProxy - Securing GET /api/section
2026-10-06 08:31:34 DEBUG [http-nio-0.0.0.0-8080-exec-11] FilterChainProxy - Securing GET /api/college
2026-10-06 08:31:34 DEBUG [http-nio-0.0.0.0-8080-exec-7] FilterChainProxy - Securing GET /api/course
2026-10-06 08:31:34 DEBUG [http-nio-0.0.0.0-8080-exec-3] FilterChainProxy - Securing GET /api/performance/super-admin
2026-10-06 08:31:34 INFO  [http-nio-0.0.0.0-8080-exec-6] JwtAuthenticationFilter - JWT AUTHENTICATION SUCCESS
2026-10-06 08:31:34 INFO  [http-nio-0.0.0.0-8080-exec-5] JwtAuthenticationFilter - JWT AUTHENTICATION SUCCESS
2026-10-06 08:31:34 INFO  [http-nio-0.0.0.0-8080-exec-7] JwtAuthenticationFilter - JWT AUTHENTICATION SUCCESS
2026-10-06 08:31:34 INFO  [http-nio-0.0.0.0-8080-exec-8] JwtAuthenticationFilter - JWT AUTHENTICATION SUCCESS
2026-10-06 08:31:34 INFO  [http-nio-0.0.0.0-8080-exec-11] JwtAuthenticationFilter - JWT AUTHENTICATION SUCCESS
2026-10-06 08:31:34 DEBUG [http-nio-0.0.0.0-8080-exec-7] FilterChainProxy - Secured GET /api/course
2026-10-06 08:31:34 DEBUG [http-nio-0.0.0.0-8080-exec-5] FilterChainProxy - Secured GET /api/branch
2026-10-06 08:31:34 DEBUG [http-nio-0.0.0.0-8080-exec-11] FilterChainProxy - Secured GET /api/college
2026-10-06 08:31:34 DEBUG [http-nio-0.0.0.0-8080-exec-6] FilterChainProxy - Secured GET /api/section
2026-10-06 08:31:34 DEBUG [http-nio-0.0.0.0-8080-exec-8] FilterChainProxy - Secured GET /api/users/students_Guest
2026-10-06 08:31:34 INFO  [http-nio-0.0.0.0-8080-exec-3] JwtAuthenticationFilter - JWT AUTHENTICATION SUCCESS
2026-10-06 08:31:34 INFO  [http-nio-0.0.0.0-8080-exec-5] BranchController - Received request to fetch all branches.
2026-10-06 08:31:34 INFO  [http-nio-0.0.0.0-8080-exec-7] CourseController - Received request to fetch all courses.
2026-10-06 08:31:34 INFO  [http-nio-0.0.0.0-8080-exec-11] CollegeController - Received request to fetch all colleges.
2026-10-06 08:31:34 INFO  [http-nio-0.0.0.0-8080-exec-7] CourseService - Fetching all courses.
2026-10-06 08:31:34 INFO  [http-nio-0.0.0.0-8080-exec-5] BranchService - Fetching all branches.
2026-10-06 08:31:34 INFO  [http-nio-0.0.0.0-8080-exec-11] CollegeService - Fetching all colleges.
2026-10-06 08:31:34 INFO  [http-nio-0.0.0.0-8080-exec-6] SectionController - Received request to fetch all sections.
2026-10-06 08:31:34 INFO  [http-nio-0.0.0.0-8080-exec-6] SectionService - Fetching all sections.
2026-10-06 08:31:34 DEBUG [http-nio-0.0.0.0-8080-exec-3] FilterChainProxy - Secured GET /api/performance/super-admin
2026-10-06 08:31:34 INFO  [http-nio-0.0.0.0-8080-exec-11] CollegeService - Fetched 1 colleges.
2026-10-06 08:31:34 INFO  [http-nio-0.0.0.0-8080-exec-11] CollegeController - Fetched 1 colleges successfully.
2026-10-06 08:31:34 INFO  [http-nio-0.0.0.0-8080-exec-5] BranchService - Fetched 3 branches.
2026-10-06 08:31:34 INFO  [http-nio-0.0.0.0-8080-exec-5] BranchController - Fetched 3 branches successfully.
2026-10-06 08:31:34 INFO  [http-nio-0.0.0.0-8080-exec-7] CourseService - Fetched 1 courses.
2026-10-06 08:31:34 INFO  [http-nio-0.0.0.0-8080-exec-7] CourseController - Fetched 1 courses successfully.
2026-10-06 08:31:34 INFO  [http-nio-0.0.0.0-8080-exec-6] SectionService - Fetched 1 sections.
2026-10-06 08:31:34 INFO  [http-nio-0.0.0.0-8080-exec-6] SectionController - Fetched 1 sections successfully.
2026-10-06 08:31:34 DEBUG [http-nio-0.0.0.0-8080-exec-1] FilterChainProxy - Securing GET /api/exams
2026-10-06 08:31:34 DEBUG [http-nio-0.0.0.0-8080-exec-7] FilterChainProxy - Securing POST /api/activity-sessions/resume
2026-10-06 08:31:34 INFO  [http-nio-0.0.0.0-8080-exec-1] JwtAuthenticationFilter - JWT AUTHENTICATION SUCCESS
2026-10-06 08:31:34 INFO  [http-nio-0.0.0.0-8080-exec-7] JwtAuthenticationFilter - JWT AUTHENTICATION SUCCESS
2026-10-06 08:31:34 DEBUG [http-nio-0.0.0.0-8080-exec-1] FilterChainProxy - Secured GET /api/exams
2026-10-06 08:31:34 DEBUG [http-nio-0.0.0.0-8080-exec-7] FilterChainProxy - Secured POST /api/activity-sessions/resume
2026-10-06 08:31:34 DEBUG [http-nio-0.0.0.0-8080-exec-12] FilterChainProxy - Securing GET /api/users/students_Guest
2026-10-06 08:31:34 INFO  [http-nio-0.0.0.0-8080-exec-12] JwtAuthenticationFilter - JWT AUTHENTICATION SUCCESS
2026-10-06 08:31:34 DEBUG [http-nio-0.0.0.0-8080-exec-12] FilterChainProxy - Secured GET /api/users/students_Guest
2026-10-06 08:31:34 DEBUG [http-nio-0.0.0.0-8080-exec-4] FilterChainProxy - Securing GET /api/performance/super-admin
2026-10-06 08:31:34 INFO  [http-nio-0.0.0.0-8080-exec-4] JwtAuthenticationFilter - JWT AUTHENTICATION SUCCESS
2026-10-06 08:31:34 DEBUG [http-nio-0.0.0.0-8080-exec-4] FilterChainProxy - Secured GET /api/performance/super-admin
2026-10-06 08:31:41 DEBUG [http-nio-0.0.0.0-8080-exec-9] FilterChainProxy - Securing OPTIONS /api/performance/exam-results/14/chapters
2026-10-06 08:31:41 DEBUG [http-nio-0.0.0.0-8080-exec-10] FilterChainProxy - Securing GET /api/performance/exam-results/14/chapters
2026-10-06 08:31:41 INFO  [http-nio-0.0.0.0-8080-exec-10] JwtAuthenticationFilter - JWT AUTHENTICATION SUCCESS
2026-10-06 08:31:41 DEBUG [http-nio-0.0.0.0-8080-exec-10] FilterChainProxy - Secured GET /api/performance/exam-results/14/chapters
2026-10-06 08:31:54 DEBUG [http-nio-0.0.0.0-8080-exec-5] FilterChainProxy - Securing OPTIONS /api/performance/super-admin
2026-10-06 08:31:54 DEBUG [http-nio-0.0.0.0-8080-exec-11] FilterChainProxy - Securing GET /api/performance/super-admin
2026-10-06 08:31:54 INFO  [http-nio-0.0.0.0-8080-exec-11] JwtAuthenticationFilter - JWT AUTHENTICATION SUCCESS
2026-10-06 08:31:54 DEBUG [http-nio-0.0.0.0-8080-exec-11] FilterChainProxy - Secured GET /api/performance/super-admin
2026-10-06 08:31:55 DEBUG [http-nio-0.0.0.0-8080-exec-2] FilterChainProxy - Securing GET /api/performance/super-admin
2026-10-06 08:31:55 INFO  [http-nio-0.0.0.0-8080-exec-2] JwtAuthenticationFilter - JWT AUTHENTICATION SUCCESS
2026-10-06 08:31:55 DEBUG [http-nio-0.0.0.0-8080-exec-2] FilterChainProxy - Secured GET /api/performance/super-admin
2026-10-06 08:31:59 DEBUG [http-nio-0.0.0.0-8080-exec-6] FilterChainProxy - Securing OPTIONS /api/performance/exam-results/14/chapters
2026-10-06 08:31:59 DEBUG [http-nio-0.0.0.0-8080-exec-8] FilterChainProxy - Securing GET /api/performance/exam-results/14/chapters
2026-10-06 08:31:59 INFO  [http-nio-0.0.0.0-8080-exec-8] JwtAuthenticationFilter - JWT AUTHENTICATION SUCCESS
2026-10-06 08:31:59 DEBUG [http-nio-0.0.0.0-8080-exec-8] FilterChainProxy - Secured GET /api/performance/exam-results/14/chapters
2026-10-06 08:32:01 DEBUG [http-nio-0.0.0.0-8080-exec-1] FilterChainProxy - Securing OPTIONS /api/exams/7/questions
2026-10-06 08:32:01 DEBUG [http-nio-0.0.0.0-8080-exec-3] FilterChainProxy - Securing OPTIONS /api/exams/7/questions
2026-10-06 08:32:01 DEBUG [http-nio-0.0.0.0-8080-exec-12] FilterChainProxy - Securing OPTIONS /api/exams/7/results/14
2026-10-06 08:32:01 DEBUG [http-nio-0.0.0.0-8080-exec-7] FilterChainProxy - Securing OPTIONS /api/exams/7/results/14
2026-10-06 08:32:02 DEBUG [http-nio-0.0.0.0-8080-exec-9] FilterChainProxy - Securing GET /api/exams/7/questions
2026-10-06 08:32:02 DEBUG [http-nio-0.0.0.0-8080-exec-4] FilterChainProxy - Securing GET /api/exams/7/results/14
2026-10-06 08:32:02 INFO  [http-nio-0.0.0.0-8080-exec-9] JwtAuthenticationFilter - JWT AUTHENTICATION SUCCESS
2026-10-06 08:32:02 INFO  [http-nio-0.0.0.0-8080-exec-4] JwtAuthenticationFilter - JWT AUTHENTICATION SUCCESS
2026-10-06 08:32:02 DEBUG [http-nio-0.0.0.0-8080-exec-9] FilterChainProxy - Secured GET /api/exams/7/questions
2026-10-06 08:32:02 DEBUG [http-nio-0.0.0.0-8080-exec-4] FilterChainProxy - Secured GET /api/exams/7/results/14
2026-10-06 08:32:02 DEBUG [http-nio-0.0.0.0-8080-exec-10] FilterChainProxy - Securing GET /api/exams/7/questions
2026-10-06 08:32:02 INFO  [http-nio-0.0.0.0-8080-exec-10] JwtAuthenticationFilter - JWT AUTHENTICATION SUCCESS
2026-10-06 08:32:02 DEBUG [http-nio-0.0.0.0-8080-exec-10] FilterChainProxy - Secured GET /api/exams/7/questions
2026-10-06 08:32:02 DEBUG [http-nio-0.0.0.0-8080-exec-5] FilterChainProxy - Securing GET /api/exams/7/results/14
2026-10-06 08:32:02 INFO  [http-nio-0.0.0.0-8080-exec-5] JwtAuthenticationFilter - JWT AUTHENTICATION SUCCESS
2026-10-06 08:32:02 DEBUG [http-nio-0.0.0.0-8080-exec-5] FilterChainProxy - Secured GET /api/exams/7/results/14
2026-10-06 08:32:05 DEBUG [http-nio-0.0.0.0-8080-exec-11] FilterChainProxy - Securing OPTIONS /api/notifications/mine?limit=12
2026-10-06 08:32:05 DEBUG [http-nio-0.0.0.0-8080-exec-2] FilterChainProxy - Securing OPTIONS /api/notifications/mine/unread-count
2026-10-06 08:32:05 DEBUG [http-nio-0.0.0.0-8080-exec-8] FilterChainProxy - Securing OPTIONS /api/course
2026-10-06 08:32:05 DEBUG [http-nio-0.0.0.0-8080-exec-6] FilterChainProxy - Securing OPTIONS /api/subjects
2026-10-06 08:32:05 DEBUG [http-nio-0.0.0.0-8080-exec-3] FilterChainProxy - Securing OPTIONS /api/chapter
2026-10-06 08:32:05 DEBUG [http-nio-0.0.0.0-8080-exec-8] FilterChainProxy - Securing OPTIONS /api/topics
2026-10-06 08:32:05 DEBUG [http-nio-0.0.0.0-8080-exec-1] FilterChainProxy - Securing GET /api/notifications/mine?limit=12
2026-10-06 08:32:05 DEBUG [http-nio-0.0.0.0-8080-exec-7] FilterChainProxy - Securing OPTIONS /api/questions
2026-10-06 08:32:05 DEBUG [http-nio-0.0.0.0-8080-exec-11] FilterChainProxy - Securing GET /api/subjects
2026-10-06 08:32:05 DEBUG [http-nio-0.0.0.0-8080-exec-4] FilterChainProxy - Securing GET /api/chapter
2026-10-06 08:32:05 DEBUG [http-nio-0.0.0.0-8080-exec-5] FilterChainProxy - Securing OPTIONS /api/branch
2026-10-06 08:32:05 DEBUG [http-nio-0.0.0.0-8080-exec-7] FilterChainProxy - Securing OPTIONS /api/section
2026-10-06 08:32:05 DEBUG [http-nio-0.0.0.0-8080-exec-10] FilterChainProxy - Securing OPTIONS /api/college
2026-10-06 08:32:05 DEBUG [http-nio-0.0.0.0-8080-exec-5] FilterChainProxy - Securing GET /api/course
2026-10-06 08:32:05 DEBUG [http-nio-0.0.0.0-8080-exec-2] FilterChainProxy - Securing GET /api/topics
2026-10-06 08:32:05 INFO  [http-nio-0.0.0.0-8080-exec-1] JwtAuthenticationFilter - JWT AUTHENTICATION SUCCESS
2026-10-06 08:32:05 DEBUG [http-nio-0.0.0.0-8080-exec-1] FilterChainProxy - Secured GET /api/notifications/mine?limit=12
2026-10-06 08:32:05 DEBUG [http-nio-0.0.0.0-8080-exec-7] FilterChainProxy - Securing OPTIONS /api/college
2026-10-06 08:32:05 INFO  [http-nio-0.0.0.0-8080-exec-11] JwtAuthenticationFilter - JWT AUTHENTICATION SUCCESS
2026-10-06 08:32:05 DEBUG [http-nio-0.0.0.0-8080-exec-11] FilterChainProxy - Secured GET /api/subjects
2026-10-06 08:32:05 DEBUG [http-nio-0.0.0.0-8080-exec-9] FilterChainProxy - Securing GET /api/notifications/mine/unread-count
2026-10-06 08:32:05 INFO  [http-nio-0.0.0.0-8080-exec-2] JwtAuthenticationFilter - JWT AUTHENTICATION SUCCESS
2026-10-06 08:32:05 DEBUG [http-nio-0.0.0.0-8080-exec-2] FilterChainProxy - Secured GET /api/topics
2026-10-06 08:32:05 DEBUG [http-nio-0.0.0.0-8080-exec-10] FilterChainProxy - Securing OPTIONS /api/branch
2026-10-06 08:32:05 INFO  [http-nio-0.0.0.0-8080-exec-4] JwtAuthenticationFilter - JWT AUTHENTICATION SUCCESS
2026-10-06 08:32:05 DEBUG [http-nio-0.0.0.0-8080-exec-7] FilterChainProxy - Securing OPTIONS /api/course
2026-10-06 08:32:05 DEBUG [http-nio-0.0.0.0-8080-exec-4] FilterChainProxy - Secured GET /api/chapter
2026-10-06 08:32:05 INFO  [http-nio-0.0.0.0-8080-exec-5] JwtAuthenticationFilter - JWT AUTHENTICATION SUCCESS
2026-10-06 08:32:05 INFO  [http-nio-0.0.0.0-8080-exec-4] ChapterController - Received request to fetch all chapters.
2026-10-06 08:32:05 DEBUG [http-nio-0.0.0.0-8080-exec-5] FilterChainProxy - Secured GET /api/course
2026-10-06 08:32:05 INFO  [http-nio-0.0.0.0-8080-exec-4] ChapterService - Fetching all chapters.
2026-10-06 08:32:05 INFO  [http-nio-0.0.0.0-8080-exec-9] JwtAuthenticationFilter - JWT AUTHENTICATION SUCCESS
2026-10-06 08:32:05 INFO  [http-nio-0.0.0.0-8080-exec-5] CourseController - Received request to fetch all courses.
2026-10-06 08:32:05 INFO  [http-nio-0.0.0.0-8080-exec-5] CourseService - Fetching all courses.
2026-10-06 08:32:05 DEBUG [http-nio-0.0.0.0-8080-exec-9] FilterChainProxy - Secured GET /api/notifications/mine/unread-count
2026-10-06 08:32:05 DEBUG [http-nio-0.0.0.0-8080-exec-7] FilterChainProxy - Securing GET /api/notifications/mine?limit=12
2026-10-06 08:32:05 DEBUG [http-nio-0.0.0.0-8080-exec-6] FilterChainProxy - Securing OPTIONS /api/section
2026-10-06 08:32:05 DEBUG [http-nio-0.0.0.0-8080-exec-8] FilterChainProxy - Securing OPTIONS /api/users/students_Guest
2026-10-06 08:32:05 DEBUG [http-nio-0.0.0.0-8080-exec-3] FilterChainProxy - Securing OPTIONS /api/exams
2026-10-06 08:32:05 INFO  [http-nio-0.0.0.0-8080-exec-5] CourseService - Fetched 1 courses.
2026-10-06 08:32:05 INFO  [http-nio-0.0.0.0-8080-exec-5] CourseController - Fetched 1 courses successfully.
2026-10-06 08:32:05 DEBUG [http-nio-0.0.0.0-8080-exec-12] FilterChainProxy - Securing OPTIONS /api/performance/super-admin
2026-10-06 08:32:05 INFO  [http-nio-0.0.0.0-8080-exec-7] JwtAuthenticationFilter - JWT AUTHENTICATION SUCCESS
2026-10-06 08:32:05 DEBUG [http-nio-0.0.0.0-8080-exec-7] FilterChainProxy - Secured GET /api/notifications/mine?limit=12
2026-10-06 08:32:05 DEBUG [http-nio-0.0.0.0-8080-exec-10] FilterChainProxy - Securing GET /api/questions
2026-10-06 08:32:05 DEBUG [http-nio-0.0.0.0-8080-exec-1] FilterChainProxy - Securing OPTIONS /api/activity-sessions/resume
2026-10-06 08:32:05 INFO  [http-nio-0.0.0.0-8080-exec-4] ChapterService - Fetched 6 chapters.
2026-10-06 08:32:05 INFO  [http-nio-0.0.0.0-8080-exec-4] ChapterController - Fetched 6 chapters successfully.
2026-10-06 08:32:05 INFO  [http-nio-0.0.0.0-8080-exec-10] JwtAuthenticationFilter - JWT AUTHENTICATION SUCCESS
2026-10-06 08:32:05 DEBUG [http-nio-0.0.0.0-8080-exec-10] FilterChainProxy - Secured GET /api/questions
2026-10-06 08:32:05 DEBUG [http-nio-0.0.0.0-8080-exec-11] FilterChainProxy - Securing OPTIONS /api/notifications/mine/unread-count
2026-10-06 08:32:05 DEBUG [http-nio-0.0.0.0-8080-exec-8] FilterChainProxy - Securing OPTIONS /api/subjects
2026-10-06 08:32:05 DEBUG [http-nio-0.0.0.0-8080-exec-1] FilterChainProxy - Securing OPTIONS /api/course
2026-10-06 08:32:05 DEBUG [http-nio-0.0.0.0-8080-exec-8] FilterChainProxy - Securing OPTIONS /api/questions
2026-10-06 08:32:05 DEBUG [http-nio-0.0.0.0-8080-exec-2] FilterChainProxy - Securing OPTIONS /api/chapter
2026-10-06 08:32:05 DEBUG [http-nio-0.0.0.0-8080-exec-4] FilterChainProxy - Securing OPTIONS /api/topics
2026-10-06 08:32:05 DEBUG [http-nio-0.0.0.0-8080-exec-3] FilterChainProxy - Securing GET /api/branch
2026-10-06 08:32:05 DEBUG [http-nio-0.0.0.0-8080-exec-5] FilterChainProxy - Securing GET /api/section
2026-10-06 08:32:05 DEBUG [http-nio-0.0.0.0-8080-exec-9] FilterChainProxy - Securing OPTIONS /api/college
2026-10-06 08:32:05 DEBUG [http-nio-0.0.0.0-8080-exec-12] FilterChainProxy - Securing GET /api/college
2026-10-06 08:32:05 INFO  [http-nio-0.0.0.0-8080-exec-5] JwtAuthenticationFilter - JWT AUTHENTICATION SUCCESS
2026-10-06 08:32:05 INFO  [http-nio-0.0.0.0-8080-exec-12] JwtAuthenticationFilter - JWT AUTHENTICATION SUCCESS
2026-10-06 08:32:05 DEBUG [http-nio-0.0.0.0-8080-exec-5] FilterChainProxy - Secured GET /api/section
2026-10-06 08:32:05 DEBUG [http-nio-0.0.0.0-8080-exec-12] FilterChainProxy - Secured GET /api/college
2026-10-06 08:32:05 INFO  [http-nio-0.0.0.0-8080-exec-5] SectionController - Received request to fetch all sections.
2026-10-06 08:32:05 INFO  [http-nio-0.0.0.0-8080-exec-5] SectionService - Fetching all sections.
2026-10-06 08:32:05 INFO  [http-nio-0.0.0.0-8080-exec-3] JwtAuthenticationFilter - JWT AUTHENTICATION SUCCESS
2026-10-06 08:32:05 INFO  [http-nio-0.0.0.0-8080-exec-12] CollegeController - Received request to fetch all colleges.
2026-10-06 08:32:05 INFO  [http-nio-0.0.0.0-8080-exec-12] CollegeService - Fetching all colleges.
2026-10-06 08:32:05 DEBUG [http-nio-0.0.0.0-8080-exec-3] FilterChainProxy - Secured GET /api/branch
2026-10-06 08:32:05 INFO  [http-nio-0.0.0.0-8080-exec-3] BranchController - Received request to fetch all branches.
2026-10-06 08:32:05 INFO  [http-nio-0.0.0.0-8080-exec-3] BranchService - Fetching all branches.
2026-10-06 08:32:05 INFO  [http-nio-0.0.0.0-8080-exec-12] CollegeService - Fetched 1 colleges.
2026-10-06 08:32:05 INFO  [http-nio-0.0.0.0-8080-exec-12] CollegeController - Fetched 1 colleges successfully.
2026-10-06 08:32:05 DEBUG [http-nio-0.0.0.0-8080-exec-7] FilterChainProxy - Securing GET /api/course
2026-10-06 08:32:05 DEBUG [http-nio-0.0.0.0-8080-exec-6] FilterChainProxy - Securing OPTIONS /api/branch
2026-10-06 08:32:05 DEBUG [http-nio-0.0.0.0-8080-exec-11] FilterChainProxy - Securing GET /api/users/students_Guest
2026-10-06 08:32:05 DEBUG [http-nio-0.0.0.0-8080-exec-1] FilterChainProxy - Securing OPTIONS /api/section
2026-10-06 08:32:05 INFO  [http-nio-0.0.0.0-8080-exec-3] BranchService - Fetched 3 branches.
2026-10-06 08:32:05 INFO  [http-nio-0.0.0.0-8080-exec-3] BranchController - Fetched 3 branches successfully.
2026-10-06 08:32:05 INFO  [http-nio-0.0.0.0-8080-exec-5] SectionService - Fetched 1 sections.
2026-10-06 08:32:05 INFO  [http-nio-0.0.0.0-8080-exec-5] SectionController - Fetched 1 sections successfully.
2026-10-06 08:32:05 DEBUG [http-nio-0.0.0.0-8080-exec-8] FilterChainProxy - Securing OPTIONS /api/college
2026-10-06 08:32:05 INFO  [http-nio-0.0.0.0-8080-exec-11] JwtAuthenticationFilter - JWT AUTHENTICATION SUCCESS
2026-10-06 08:32:05 INFO  [http-nio-0.0.0.0-8080-exec-7] JwtAuthenticationFilter - JWT AUTHENTICATION SUCCESS
2026-10-06 08:32:05 DEBUG [http-nio-0.0.0.0-8080-exec-7] FilterChainProxy - Secured GET /api/course
2026-10-06 08:32:05 DEBUG [http-nio-0.0.0.0-8080-exec-11] FilterChainProxy - Secured GET /api/users/students_Guest
2026-10-06 08:32:05 INFO  [http-nio-0.0.0.0-8080-exec-7] CourseController - Received request to fetch all courses.
2026-10-06 08:32:05 INFO  [http-nio-0.0.0.0-8080-exec-7] CourseService - Fetching all courses.
2026-10-06 08:32:05 INFO  [http-nio-0.0.0.0-8080-exec-7] CourseService - Fetched 1 courses.
2026-10-06 08:32:05 INFO  [http-nio-0.0.0.0-8080-exec-7] CourseController - Fetched 1 courses successfully.
2026-10-06 08:32:05 DEBUG [http-nio-0.0.0.0-8080-exec-2] FilterChainProxy - Securing OPTIONS /api/course
2026-10-06 08:32:05 DEBUG [http-nio-0.0.0.0-8080-exec-4] FilterChainProxy - Securing OPTIONS /api/branch
2026-10-06 08:32:05 DEBUG [http-nio-0.0.0.0-8080-exec-9] FilterChainProxy - Securing OPTIONS /api/section
2026-10-06 08:32:05 DEBUG [http-nio-0.0.0.0-8080-exec-6] FilterChainProxy - Securing OPTIONS /api/exams
2026-10-06 08:32:05 DEBUG [http-nio-0.0.0.0-8080-exec-12] FilterChainProxy - Securing OPTIONS /api/users/students_Guest
2026-10-06 08:32:05 DEBUG [http-nio-0.0.0.0-8080-exec-1] FilterChainProxy - Securing OPTIONS /api/performance/super-admin
2026-10-06 08:32:05 DEBUG [http-nio-0.0.0.0-8080-exec-3] FilterChainProxy - Securing GET /api/exams
2026-10-06 08:32:05 DEBUG [http-nio-0.0.0.0-8080-exec-5] FilterChainProxy - Securing GET /api/performance/super-admin
2026-10-06 08:32:05 DEBUG [http-nio-0.0.0.0-8080-exec-8] FilterChainProxy - Securing POST /api/activity-sessions/resume
2026-10-06 08:32:05 DEBUG [http-nio-0.0.0.0-8080-exec-1] FilterChainProxy - Securing GET /api/notifications/mine/unread-count
2026-10-06 08:32:05 DEBUG [http-nio-0.0.0.0-8080-exec-4] FilterChainProxy - Securing GET /api/subjects
2026-10-06 08:32:05 INFO  [http-nio-0.0.0.0-8080-exec-8] JwtAuthenticationFilter - JWT AUTHENTICATION SUCCESS
2026-10-06 08:32:05 INFO  [http-nio-0.0.0.0-8080-exec-1] JwtAuthenticationFilter - JWT AUTHENTICATION SUCCESS
2026-10-06 08:32:05 INFO  [http-nio-0.0.0.0-8080-exec-5] JwtAuthenticationFilter - JWT AUTHENTICATION SUCCESS
2026-10-06 08:32:05 INFO  [http-nio-0.0.0.0-8080-exec-3] JwtAuthenticationFilter - JWT AUTHENTICATION SUCCESS
2026-10-06 08:32:05 DEBUG [http-nio-0.0.0.0-8080-exec-5] FilterChainProxy - Secured GET /api/performance/super-admin
2026-10-06 08:32:05 DEBUG [http-nio-0.0.0.0-8080-exec-8] FilterChainProxy - Secured POST /api/activity-sessions/resume
2026-10-06 08:32:05 DEBUG [http-nio-0.0.0.0-8080-exec-1] FilterChainProxy - Secured GET /api/notifications/mine/unread-count
2026-10-06 08:32:05 DEBUG [http-nio-0.0.0.0-8080-exec-3] FilterChainProxy - Secured GET /api/exams
2026-10-06 08:32:05 INFO  [http-nio-0.0.0.0-8080-exec-4] JwtAuthenticationFilter - JWT AUTHENTICATION SUCCESS
2026-10-06 08:32:05 DEBUG [http-nio-0.0.0.0-8080-exec-4] FilterChainProxy - Secured GET /api/subjects
2026-10-06 08:32:05 DEBUG [http-nio-0.0.0.0-8080-exec-2] FilterChainProxy - Securing GET /api/topics
2026-10-06 08:32:05 INFO  [http-nio-0.0.0.0-8080-exec-2] JwtAuthenticationFilter - JWT AUTHENTICATION SUCCESS
2026-10-06 08:32:05 DEBUG [http-nio-0.0.0.0-8080-exec-2] FilterChainProxy - Secured GET /api/topics
2026-10-06 08:32:05 DEBUG [http-nio-0.0.0.0-8080-exec-11] FilterChainProxy - Securing GET /api/chapter
2026-10-06 08:32:05 DEBUG [http-nio-0.0.0.0-8080-exec-5] FilterChainProxy - Securing GET /api/college
2026-10-06 08:32:05 DEBUG [http-nio-0.0.0.0-8080-exec-12] FilterChainProxy - Securing GET /api/section
2026-10-06 08:32:05 DEBUG [http-nio-0.0.0.0-8080-exec-9] FilterChainProxy - Securing GET /api/branch
2026-10-06 08:32:05 INFO  [http-nio-0.0.0.0-8080-exec-5] JwtAuthenticationFilter - JWT AUTHENTICATION SUCCESS
2026-10-06 08:32:05 INFO  [http-nio-0.0.0.0-8080-exec-11] JwtAuthenticationFilter - JWT AUTHENTICATION SUCCESS
2026-10-06 08:32:05 DEBUG [http-nio-0.0.0.0-8080-exec-5] FilterChainProxy - Secured GET /api/college
2026-10-06 08:32:05 DEBUG [http-nio-0.0.0.0-8080-exec-11] FilterChainProxy - Secured GET /api/chapter
2026-10-06 08:32:05 INFO  [http-nio-0.0.0.0-8080-exec-12] JwtAuthenticationFilter - JWT AUTHENTICATION SUCCESS
2026-10-06 08:32:05 INFO  [http-nio-0.0.0.0-8080-exec-11] ChapterController - Received request to fetch all chapters.
2026-10-06 08:32:05 INFO  [http-nio-0.0.0.0-8080-exec-11] ChapterService - Fetching all chapters.
2026-10-06 08:32:05 INFO  [http-nio-0.0.0.0-8080-exec-5] CollegeController - Received request to fetch all colleges.
2026-10-06 08:32:05 DEBUG [http-nio-0.0.0.0-8080-exec-12] FilterChainProxy - Secured GET /api/section
2026-10-06 08:32:05 INFO  [http-nio-0.0.0.0-8080-exec-5] CollegeService - Fetching all colleges.
2026-10-06 08:32:05 INFO  [http-nio-0.0.0.0-8080-exec-12] SectionController - Received request to fetch all sections.
2026-10-06 08:32:05 INFO  [http-nio-0.0.0.0-8080-exec-12] SectionService - Fetching all sections.
2026-10-06 08:32:05 INFO  [http-nio-0.0.0.0-8080-exec-5] CollegeService - Fetched 1 colleges.
2026-10-06 08:32:05 INFO  [http-nio-0.0.0.0-8080-exec-5] CollegeController - Fetched 1 colleges successfully.
2026-10-06 08:32:05 INFO  [http-nio-0.0.0.0-8080-exec-9] JwtAuthenticationFilter - JWT AUTHENTICATION SUCCESS
2026-10-06 08:32:05 DEBUG [http-nio-0.0.0.0-8080-exec-9] FilterChainProxy - Secured GET /api/branch
2026-10-06 08:32:05 INFO  [http-nio-0.0.0.0-8080-exec-11] ChapterService - Fetched 6 chapters.
2026-10-06 08:32:05 INFO  [http-nio-0.0.0.0-8080-exec-11] ChapterController - Fetched 6 chapters successfully.
2026-10-06 08:32:05 INFO  [http-nio-0.0.0.0-8080-exec-9] BranchController - Received request to fetch all branches.
2026-10-06 08:32:05 INFO  [http-nio-0.0.0.0-8080-exec-9] BranchService - Fetching all branches.
2026-10-06 08:32:05 INFO  [http-nio-0.0.0.0-8080-exec-12] SectionService - Fetched 1 sections.
2026-10-06 08:32:05 INFO  [http-nio-0.0.0.0-8080-exec-12] SectionController - Fetched 1 sections successfully.
2026-10-06 08:32:05 INFO  [http-nio-0.0.0.0-8080-exec-9] BranchService - Fetched 3 branches.
2026-10-06 08:32:05 INFO  [http-nio-0.0.0.0-8080-exec-9] BranchController - Fetched 3 branches successfully.
2026-10-06 08:32:05 DEBUG [http-nio-0.0.0.0-8080-exec-7] FilterChainProxy - Securing GET /api/course
2026-10-06 08:32:05 DEBUG [http-nio-0.0.0.0-8080-exec-1] FilterChainProxy - Securing GET /api/exams
2026-10-06 08:32:05 DEBUG [http-nio-0.0.0.0-8080-exec-4] FilterChainProxy - Securing GET /api/performance/super-admin
2026-10-06 08:32:05 DEBUG [http-nio-0.0.0.0-8080-exec-3] FilterChainProxy - Securing GET /api/college
2026-10-06 08:32:05 INFO  [http-nio-0.0.0.0-8080-exec-7] JwtAuthenticationFilter - JWT AUTHENTICATION SUCCESS
2026-10-06 08:32:05 DEBUG [http-nio-0.0.0.0-8080-exec-7] FilterChainProxy - Secured GET /api/course
2026-10-06 08:32:05 INFO  [http-nio-0.0.0.0-8080-exec-7] CourseController - Received request to fetch all courses.
2026-10-06 08:32:05 INFO  [http-nio-0.0.0.0-8080-exec-7] CourseService - Fetching all courses.
2026-10-06 08:32:05 DEBUG [http-nio-0.0.0.0-8080-exec-8] FilterChainProxy - Securing GET /api/users/students_Guest
2026-10-06 08:32:05 INFO  [http-nio-0.0.0.0-8080-exec-1] JwtAuthenticationFilter - JWT AUTHENTICATION SUCCESS
2026-10-06 08:32:05 INFO  [http-nio-0.0.0.0-8080-exec-3] JwtAuthenticationFilter - JWT AUTHENTICATION SUCCESS
2026-10-06 08:32:05 DEBUG [http-nio-0.0.0.0-8080-exec-3] FilterChainProxy - Secured GET /api/college
2026-10-06 08:32:05 DEBUG [http-nio-0.0.0.0-8080-exec-1] FilterChainProxy - Secured GET /api/exams
2026-10-06 08:32:05 INFO  [http-nio-0.0.0.0-8080-exec-3] CollegeController - Received request to fetch all colleges.
2026-10-06 08:32:05 INFO  [http-nio-0.0.0.0-8080-exec-3] CollegeService - Fetching all colleges.
2026-10-06 08:32:05 INFO  [http-nio-0.0.0.0-8080-exec-7] CourseService - Fetched 1 courses.
2026-10-06 08:32:05 INFO  [http-nio-0.0.0.0-8080-exec-7] CourseController - Fetched 1 courses successfully.
2026-10-06 08:32:05 INFO  [http-nio-0.0.0.0-8080-exec-4] JwtAuthenticationFilter - JWT AUTHENTICATION SUCCESS
2026-10-06 08:32:05 INFO  [http-nio-0.0.0.0-8080-exec-3] CollegeService - Fetched 1 colleges.
2026-10-06 08:32:05 INFO  [http-nio-0.0.0.0-8080-exec-3] CollegeController - Fetched 1 colleges successfully.
2026-10-06 08:32:05 DEBUG [http-nio-0.0.0.0-8080-exec-4] FilterChainProxy - Secured GET /api/performance/super-admin
2026-10-06 08:32:05 INFO  [http-nio-0.0.0.0-8080-exec-8] JwtAuthenticationFilter - JWT AUTHENTICATION SUCCESS
2026-10-06 08:32:05 DEBUG [http-nio-0.0.0.0-8080-exec-8] FilterChainProxy - Secured GET /api/users/students_Guest
2026-10-06 08:32:05 DEBUG [http-nio-0.0.0.0-8080-exec-6] FilterChainProxy - Securing GET /api/branch
2026-10-06 08:32:05 DEBUG [http-nio-0.0.0.0-8080-exec-5] FilterChainProxy - Securing GET /api/section
2026-10-06 08:32:05 INFO  [http-nio-0.0.0.0-8080-exec-5] JwtAuthenticationFilter - JWT AUTHENTICATION SUCCESS
2026-10-06 08:32:05 DEBUG [http-nio-0.0.0.0-8080-exec-5] FilterChainProxy - Secured GET /api/section
2026-10-06 08:32:05 INFO  [http-nio-0.0.0.0-8080-exec-5] SectionController - Received request to fetch all sections.
2026-10-06 08:32:05 INFO  [http-nio-0.0.0.0-8080-exec-5] SectionService - Fetching all sections.
2026-10-06 08:32:05 DEBUG [http-nio-0.0.0.0-8080-exec-11] FilterChainProxy - Securing GET /api/course
2026-10-06 08:32:05 INFO  [http-nio-0.0.0.0-8080-exec-6] JwtAuthenticationFilter - JWT AUTHENTICATION SUCCESS
2026-10-06 08:32:05 DEBUG [http-nio-0.0.0.0-8080-exec-6] FilterChainProxy - Secured GET /api/branch
2026-10-06 08:32:05 DEBUG [http-nio-0.0.0.0-8080-exec-2] FilterChainProxy - Securing GET /api/college
2026-10-06 08:32:05 INFO  [http-nio-0.0.0.0-8080-exec-6] BranchController - Received request to fetch all branches.
2026-10-06 08:32:05 INFO  [http-nio-0.0.0.0-8080-exec-6] BranchService - Fetching all branches.
2026-10-06 08:32:05 INFO  [http-nio-0.0.0.0-8080-exec-5] SectionService - Fetched 1 sections.
2026-10-06 08:32:05 INFO  [http-nio-0.0.0.0-8080-exec-5] SectionController - Fetched 1 sections successfully.
2026-10-06 08:32:05 INFO  [http-nio-0.0.0.0-8080-exec-6] BranchService - Fetched 3 branches.
2026-10-06 08:32:05 INFO  [http-nio-0.0.0.0-8080-exec-6] BranchController - Fetched 3 branches successfully.
2026-10-06 08:32:05 INFO  [http-nio-0.0.0.0-8080-exec-2] JwtAuthenticationFilter - JWT AUTHENTICATION SUCCESS
2026-10-06 08:32:05 INFO  [http-nio-0.0.0.0-8080-exec-11] JwtAuthenticationFilter - JWT AUTHENTICATION SUCCESS
2026-10-06 08:32:05 DEBUG [http-nio-0.0.0.0-8080-exec-2] FilterChainProxy - Secured GET /api/college
2026-10-06 08:32:05 DEBUG [http-nio-0.0.0.0-8080-exec-11] FilterChainProxy - Secured GET /api/course
2026-10-06 08:32:05 INFO  [http-nio-0.0.0.0-8080-exec-2] CollegeController - Received request to fetch all colleges.
2026-10-06 08:32:05 INFO  [http-nio-0.0.0.0-8080-exec-11] CourseController - Received request to fetch all courses.
2026-10-06 08:32:05 INFO  [http-nio-0.0.0.0-8080-exec-2] CollegeService - Fetching all colleges.
2026-10-06 08:32:05 INFO  [http-nio-0.0.0.0-8080-exec-11] CourseService - Fetching all courses.
2026-10-06 08:32:05 INFO  [http-nio-0.0.0.0-8080-exec-2] CollegeService - Fetched 1 colleges.
2026-10-06 08:32:05 INFO  [http-nio-0.0.0.0-8080-exec-2] CollegeController - Fetched 1 colleges successfully.
2026-10-06 08:32:05 INFO  [http-nio-0.0.0.0-8080-exec-11] CourseService - Fetched 1 courses.
2026-10-06 08:32:05 INFO  [http-nio-0.0.0.0-8080-exec-11] CourseController - Fetched 1 courses successfully.
2026-10-06 08:32:05 DEBUG [http-nio-0.0.0.0-8080-exec-12] FilterChainProxy - Securing GET /api/section
2026-10-06 08:32:05 DEBUG [http-nio-0.0.0.0-8080-exec-9] FilterChainProxy - Securing GET /api/branch
2026-10-06 08:32:05 INFO  [http-nio-0.0.0.0-8080-exec-12] JwtAuthenticationFilter - JWT AUTHENTICATION SUCCESS
2026-10-06 08:32:05 DEBUG [http-nio-0.0.0.0-8080-exec-12] FilterChainProxy - Secured GET /api/section
2026-10-06 08:32:05 INFO  [http-nio-0.0.0.0-8080-exec-12] SectionController - Received request to fetch all sections.
2026-10-06 08:32:05 INFO  [http-nio-0.0.0.0-8080-exec-12] SectionService - Fetching all sections.
2026-10-06 08:32:05 INFO  [http-nio-0.0.0.0-8080-exec-9] JwtAuthenticationFilter - JWT AUTHENTICATION SUCCESS
2026-10-06 08:32:05 DEBUG [http-nio-0.0.0.0-8080-exec-9] FilterChainProxy - Secured GET /api/branch
2026-10-06 08:32:05 INFO  [http-nio-0.0.0.0-8080-exec-9] BranchController - Received request to fetch all branches.
2026-10-06 08:32:05 INFO  [http-nio-0.0.0.0-8080-exec-9] BranchService - Fetching all branches.
2026-10-06 08:32:05 INFO  [http-nio-0.0.0.0-8080-exec-12] SectionService - Fetched 1 sections.
2026-10-06 08:32:05 INFO  [http-nio-0.0.0.0-8080-exec-12] SectionController - Fetched 1 sections successfully.
2026-10-06 08:32:05 INFO  [http-nio-0.0.0.0-8080-exec-9] BranchService - Fetched 3 branches.
2026-10-06 08:32:05 INFO  [http-nio-0.0.0.0-8080-exec-9] BranchController - Fetched 3 branches successfully.
2026-10-06 08:32:05 DEBUG [http-nio-0.0.0.0-8080-exec-7] FilterChainProxy - Securing GET /api/questions
2026-10-06 08:32:05 INFO  [http-nio-0.0.0.0-8080-exec-7] JwtAuthenticationFilter - JWT AUTHENTICATION SUCCESS
2026-10-06 08:32:05 DEBUG [http-nio-0.0.0.0-8080-exec-7] FilterChainProxy - Secured GET /api/questions
2026-10-06 08:32:09 DEBUG [http-nio-0.0.0.0-8080-exec-3] FilterChainProxy - Securing OPTIONS /api/performance/exam-results/14/chapters
2026-10-06 08:32:09 DEBUG [http-nio-0.0.0.0-8080-exec-1] FilterChainProxy - Securing GET /api/performance/exam-results/14/chapters
2026-10-06 08:32:09 INFO  [http-nio-0.0.0.0-8080-exec-1] JwtAuthenticationFilter - JWT AUTHENTICATION SUCCESS
2026-10-06 08:32:09 DEBUG [http-nio-0.0.0.0-8080-exec-1] FilterChainProxy - Secured GET /api/performance/exam-results/14/chapters
2026-10-06 08:32:36 DEBUG [http-nio-0.0.0.0-8080-exec-8] FilterChainProxy - Securing OPTIONS /api/activity-sessions/heartbeat
2026-10-06 08:32:37 DEBUG [http-nio-0.0.0.0-8080-exec-4] FilterChainProxy - Securing POST /api/activity-sessions/heartbeat
2026-10-06 08:32:38 INFO  [http-nio-0.0.0.0-8080-exec-4] JwtAuthenticationFilter - JWT AUTHENTICATION SUCCESS
2026-10-06 08:32:38 DEBUG [http-nio-0.0.0.0-8080-exec-4] FilterChainProxy - Secured POST /api/activity-sessions/heartbeat
2026-10-06 08:32:56 DEBUG [http-nio-0.0.0.0-8080-exec-6] FilterChainProxy - Securing OPTIONS /api/notifications/mine?limit=12
2026-10-06 08:32:56 DEBUG [http-nio-0.0.0.0-8080-exec-5] FilterChainProxy - Securing OPTIONS /api/notifications/mine/unread-count
2026-10-06 08:32:56 DEBUG [http-nio-0.0.0.0-8080-exec-2] FilterChainProxy - Securing GET /api/notifications/mine?limit=12
2026-10-06 08:32:56 DEBUG [http-nio-0.0.0.0-8080-exec-11] FilterChainProxy - Securing GET /api/notifications/mine/unread-count
2026-10-06 08:32:56 INFO  [http-nio-0.0.0.0-8080-exec-11] JwtAuthenticationFilter - JWT AUTHENTICATION SUCCESS
2026-10-06 08:32:56 DEBUG [http-nio-0.0.0.0-8080-exec-11] FilterChainProxy - Secured GET /api/notifications/mine/unread-count
2026-10-06 08:32:56 INFO  [http-nio-0.0.0.0-8080-exec-2] JwtAuthenticationFilter - JWT AUTHENTICATION SUCCESS
2026-10-06 08:32:56 DEBUG [http-nio-0.0.0.0-8080-exec-2] FilterChainProxy - Secured GET /api/notifications/mine?limit=12
2026-10-06 08:33:05 DEBUG [http-nio-0.0.0.0-8080-exec-12] FilterChainProxy - Securing OPTIONS /api/activity-sessions/heartbeat
2026-10-06 08:33:05 DEBUG [http-nio-0.0.0.0-8080-exec-9] FilterChainProxy - Securing POST /api/activity-sessions/heartbeat
2026-10-06 08:33:05 INFO  [http-nio-0.0.0.0-8080-exec-9] JwtAuthenticationFilter - JWT AUTHENTICATION SUCCESS
2026-10-06 08:33:05 DEBUG [http-nio-0.0.0.0-8080-exec-9] FilterChainProxy - Secured POST /api/activity-sessions/heartbeat
2026-10-06 08:33:35 DEBUG [http-nio-0.0.0.0-8080-exec-12] FilterChainProxy - Securing OPTIONS /api/notifications/mine?limit=12
2026-10-06 08:33:35 DEBUG [http-nio-0.0.0.0-8080-exec-9] FilterChainProxy - Securing OPTIONS /api/notifications/mine/unread-count
2026-10-06 08:33:35 DEBUG [http-nio-0.0.0.0-8080-exec-3] FilterChainProxy - Securing OPTIONS /api/activity-sessions/heartbeat
2026-10-06 08:33:35 DEBUG [http-nio-0.0.0.0-8080-exec-4] FilterChainProxy - Securing GET /api/notifications/mine/unread-count
2026-10-06 08:33:35 DEBUG [http-nio-0.0.0.0-8080-exec-2] FilterChainProxy - Securing GET /api/notifications/mine?limit=12
2026-10-06 08:33:35 DEBUG [http-nio-0.0.0.0-8080-exec-5] FilterChainProxy - Securing POST /api/activity-sessions/heartbeat
2026-10-06 08:33:35 INFO  [http-nio-0.0.0.0-8080-exec-2] JwtAuthenticationFilter - JWT AUTHENTICATION SUCCESS
2026-10-06 08:33:35 DEBUG [http-nio-0.0.0.0-8080-exec-2] FilterChainProxy - Secured GET /api/notifications/mine?limit=12
2026-10-06 08:33:35 INFO  [http-nio-0.0.0.0-8080-exec-5] JwtAuthenticationFilter - JWT AUTHENTICATION SUCCESS
2026-10-06 08:33:35 INFO  [http-nio-0.0.0.0-8080-exec-4] JwtAuthenticationFilter - JWT AUTHENTICATION SUCCESS
2026-10-06 08:33:35 DEBUG [http-nio-0.0.0.0-8080-exec-4] FilterChainProxy - Secured GET /api/notifications/mine/unread-count
2026-10-06 08:33:35 DEBUG [http-nio-0.0.0.0-8080-exec-5] FilterChainProxy - Secured POST /api/activity-sessions/heartbeat
2026-10-06 08:34:05 DEBUG [http-nio-0.0.0.0-8080-exec-6] FilterChainProxy - Securing OPTIONS /api/activity-sessions/heartbeat
2026-10-06 08:34:05 DEBUG [http-nio-0.0.0.0-8080-exec-1] FilterChainProxy - Securing POST /api/activity-sessions/heartbeat
2026-10-06 08:34:05 INFO  [http-nio-0.0.0.0-8080-exec-1] JwtAuthenticationFilter - JWT AUTHENTICATION SUCCESS
2026-10-06 08:34:05 DEBUG [http-nio-0.0.0.0-8080-exec-1] FilterChainProxy - Secured POST /api/activity-sessions/heartbeat
2026-10-06 08:34:20 DEBUG [http-nio-0.0.0.0-8080-exec-11] FilterChainProxy - Securing OPTIONS /api/notifications/mine/unread-count
2026-10-06 08:34:20 DEBUG [http-nio-0.0.0.0-8080-exec-8] FilterChainProxy - Securing OPTIONS /api/notifications/mine?limit=12
2026-10-06 08:34:20 DEBUG [http-nio-0.0.0.0-8080-exec-9] FilterChainProxy - Securing GET /api/notifications/mine/unread-count
2026-10-06 08:34:20 DEBUG [http-nio-0.0.0.0-8080-exec-12] FilterChainProxy - Securing GET /api/notifications/mine?limit=12
2026-10-06 08:34:20 INFO  [http-nio-0.0.0.0-8080-exec-9] JwtAuthenticationFilter - JWT AUTHENTICATION SUCCESS
2026-10-06 08:34:20 DEBUG [http-nio-0.0.0.0-8080-exec-9] FilterChainProxy - Secured GET /api/notifications/mine/unread-count
2026-10-06 08:34:20 INFO  [http-nio-0.0.0.0-8080-exec-12] JwtAuthenticationFilter - JWT AUTHENTICATION SUCCESS
2026-10-06 08:34:20 DEBUG [http-nio-0.0.0.0-8080-exec-12] FilterChainProxy - Secured GET /api/notifications/mine?limit=12
2026-10-06 08:34:28 DEBUG [http-nio-0.0.0.0-8080-exec-3] FilterChainProxy - Securing OPTIONS /api/performance/super-admin?examId=8&studentId=10
2026-10-06 08:34:28 DEBUG [http-nio-0.0.0.0-8080-exec-2] FilterChainProxy - Securing GET /api/performance/super-admin?examId=8&studentId=10
2026-10-06 08:34:28 INFO  [http-nio-0.0.0.0-8080-exec-2] JwtAuthenticationFilter - JWT AUTHENTICATION SUCCESS
2026-10-06 08:34:28 DEBUG [http-nio-0.0.0.0-8080-exec-2] FilterChainProxy - Secured GET /api/performance/super-admin?examId=8&studentId=10
2026-10-06 08:34:33 DEBUG [http-nio-0.0.0.0-8080-exec-4] FilterChainProxy - Securing OPTIONS /api/performance/exam-results/15/chapters
2026-10-06 08:34:33 DEBUG [http-nio-0.0.0.0-8080-exec-5] FilterChainProxy - Securing GET /api/performance/exam-results/15/chapters
2026-10-06 08:34:33 INFO  [http-nio-0.0.0.0-8080-exec-5] JwtAuthenticationFilter - JWT AUTHENTICATION SUCCESS
2026-10-06 08:34:33 DEBUG [http-nio-0.0.0.0-8080-exec-5] FilterChainProxy - Secured GET /api/performance/exam-results/15/chapters
2026-10-06 08:34:35 DEBUG [http-nio-0.0.0.0-8080-exec-6] FilterChainProxy - Securing OPTIONS /api/activity-sessions/heartbeat
2026-10-06 08:34:35 DEBUG [http-nio-0.0.0.0-8080-exec-1] FilterChainProxy - Securing POST /api/activity-sessions/heartbeat
2026-10-06 08:34:35 INFO  [http-nio-0.0.0.0-8080-exec-1] JwtAuthenticationFilter - JWT AUTHENTICATION SUCCESS
2026-10-06 08:34:35 DEBUG [http-nio-0.0.0.0-8080-exec-1] FilterChainProxy - Secured POST /api/activity-sessions/heartbeat
2026-10-06 08:34:38 DEBUG [http-nio-0.0.0.0-8080-exec-9] FilterChainProxy - Securing OPTIONS /api/exams/8/results/15
2026-10-06 08:34:38 DEBUG [http-nio-0.0.0.0-8080-exec-12] FilterChainProxy - Securing OPTIONS /api/exams/8/questions
2026-10-06 08:34:38 DEBUG [http-nio-0.0.0.0-8080-exec-3] FilterChainProxy - Securing OPTIONS /api/exams/8/results/15
2026-10-06 08:34:38 DEBUG [http-nio-0.0.0.0-8080-exec-2] FilterChainProxy - Securing OPTIONS /api/exams/8/questions
2026-10-06 08:34:38 DEBUG [http-nio-0.0.0.0-8080-exec-4] FilterChainProxy - Securing GET /api/exams/8/results/15
2026-10-06 08:34:38 DEBUG [http-nio-0.0.0.0-8080-exec-5] FilterChainProxy - Securing GET /api/exams/8/questions
2026-10-06 08:34:38 INFO  [http-nio-0.0.0.0-8080-exec-4] JwtAuthenticationFilter - JWT AUTHENTICATION SUCCESS
2026-10-06 08:34:38 DEBUG [http-nio-0.0.0.0-8080-exec-4] FilterChainProxy - Secured GET /api/exams/8/results/15
2026-10-06 08:34:38 INFO  [http-nio-0.0.0.0-8080-exec-5] JwtAuthenticationFilter - JWT AUTHENTICATION SUCCESS
2026-10-06 08:34:38 DEBUG [http-nio-0.0.0.0-8080-exec-5] FilterChainProxy - Secured GET /api/exams/8/questions
2026-10-06 08:34:38 DEBUG [http-nio-0.0.0.0-8080-exec-6] FilterChainProxy - Securing GET /api/exams/8/questions
2026-10-06 08:34:38 INFO  [http-nio-0.0.0.0-8080-exec-6] JwtAuthenticationFilter - JWT AUTHENTICATION SUCCESS
2026-10-06 08:34:38 DEBUG [http-nio-0.0.0.0-8080-exec-6] FilterChainProxy - Secured GET /api/exams/8/questions
2026-10-06 08:34:38 DEBUG [http-nio-0.0.0.0-8080-exec-1] FilterChainProxy - Securing GET /api/exams/8/results/15
2026-10-06 08:34:38 INFO  [http-nio-0.0.0.0-8080-exec-1] JwtAuthenticationFilter - JWT AUTHENTICATION SUCCESS
2026-10-06 08:34:38 DEBUG [http-nio-0.0.0.0-8080-exec-1] FilterChainProxy - Secured GET /api/exams/8/results/15
2026-10-06 08:34:39 DEBUG [http-nio-0.0.0.0-8080-exec-8] FilterChainProxy - Securing OPTIONS /api/notifications/mine/unread-count
2026-10-06 08:34:39 DEBUG [http-nio-0.0.0.0-8080-exec-11] FilterChainProxy - Securing OPTIONS /api/notifications/mine?limit=12
2026-10-06 08:34:39 DEBUG [http-nio-0.0.0.0-8080-exec-9] FilterChainProxy - Securing GET /api/notifications/mine/unread-count
2026-10-06 08:34:39 DEBUG [http-nio-0.0.0.0-8080-exec-5] FilterChainProxy - Securing OPTIONS /api/topics
2026-10-06 08:34:39 DEBUG [http-nio-0.0.0.0-8080-exec-1] FilterChainProxy - Securing OPTIONS /api/questions
2026-10-06 08:34:39 DEBUG [http-nio-0.0.0.0-8080-exec-4] FilterChainProxy - Securing OPTIONS /api/college
2026-10-06 08:34:39 DEBUG [http-nio-0.0.0.0-8080-exec-3] FilterChainProxy - Securing OPTIONS /api/subjects
2026-10-06 08:34:39 DEBUG [http-nio-0.0.0.0-8080-exec-6] FilterChainProxy - Securing GET /api/notifications/mine?limit=12
2026-10-06 08:34:39 DEBUG [http-nio-0.0.0.0-8080-exec-2] FilterChainProxy - Securing OPTIONS /api/chapter
2026-10-06 08:34:39 DEBUG [http-nio-0.0.0.0-8080-exec-12] FilterChainProxy - Securing OPTIONS /api/course
2026-10-06 08:34:40 INFO  [http-nio-0.0.0.0-8080-exec-9] JwtAuthenticationFilter - JWT AUTHENTICATION SUCCESS
2026-10-06 08:34:40 INFO  [http-nio-0.0.0.0-8080-exec-6] JwtAuthenticationFilter - JWT AUTHENTICATION SUCCESS
2026-10-06 08:34:40 DEBUG [http-nio-0.0.0.0-8080-exec-9] FilterChainProxy - Secured GET /api/notifications/mine/unread-count
2026-10-06 08:34:40 DEBUG [http-nio-0.0.0.0-8080-exec-6] FilterChainProxy - Secured GET /api/notifications/mine?limit=12
2026-10-06 08:34:40 DEBUG [http-nio-0.0.0.0-8080-exec-8] FilterChainProxy - Securing GET /api/topics
2026-10-06 08:34:40 INFO  [http-nio-0.0.0.0-8080-exec-8] JwtAuthenticationFilter - JWT AUTHENTICATION SUCCESS
2026-10-06 08:34:40 DEBUG [http-nio-0.0.0.0-8080-exec-8] FilterChainProxy - Secured GET /api/topics
2026-10-06 08:34:40 DEBUG [http-nio-0.0.0.0-8080-exec-11] FilterChainProxy - Securing OPTIONS /api/branch
2026-10-06 08:34:40 DEBUG [http-nio-0.0.0.0-8080-exec-1] FilterChainProxy - Securing OPTIONS /api/section
2026-10-06 08:34:40 DEBUG [http-nio-0.0.0.0-8080-exec-11] FilterChainProxy - Securing OPTIONS /api/college
2026-10-06 08:34:40 DEBUG [http-nio-0.0.0.0-8080-exec-4] FilterChainProxy - Securing OPTIONS /api/branch
2026-10-06 08:34:40 DEBUG [http-nio-0.0.0.0-8080-exec-3] FilterChainProxy - Securing OPTIONS /api/course
2026-10-06 08:34:40 DEBUG [http-nio-0.0.0.0-8080-exec-4] FilterChainProxy - Securing OPTIONS /api/section
2026-10-06 08:34:40 DEBUG [http-nio-0.0.0.0-8080-exec-2] FilterChainProxy - Securing GET /api/questions
2026-10-06 08:34:40 INFO  [http-nio-0.0.0.0-8080-exec-2] JwtAuthenticationFilter - JWT AUTHENTICATION SUCCESS
2026-10-06 08:34:40 DEBUG [http-nio-0.0.0.0-8080-exec-2] FilterChainProxy - Secured GET /api/questions
2026-10-06 08:34:40 DEBUG [http-nio-0.0.0.0-8080-exec-9] FilterChainProxy - Securing GET /api/college
2026-10-06 08:34:40 DEBUG [http-nio-0.0.0.0-8080-exec-1] FilterChainProxy - Securing GET /api/course
2026-10-06 08:34:40 DEBUG [http-nio-0.0.0.0-8080-exec-6] FilterChainProxy - Securing GET /api/subjects
2026-10-06 08:34:40 DEBUG [http-nio-0.0.0.0-8080-exec-5] FilterChainProxy - Securing GET /api/chapter
2026-10-06 08:34:40 INFO  [http-nio-0.0.0.0-8080-exec-9] JwtAuthenticationFilter - JWT AUTHENTICATION SUCCESS
2026-10-06 08:34:40 DEBUG [http-nio-0.0.0.0-8080-exec-9] FilterChainProxy - Secured GET /api/college
2026-10-06 08:34:40 INFO  [http-nio-0.0.0.0-8080-exec-9] CollegeController - Received request to fetch all colleges.
2026-10-06 08:34:40 INFO  [http-nio-0.0.0.0-8080-exec-9] CollegeService - Fetching all colleges.
2026-10-06 08:34:40 DEBUG [http-nio-0.0.0.0-8080-exec-3] FilterChainProxy - Securing OPTIONS /api/performance/super-admin
2026-10-06 08:34:40 DEBUG [http-nio-0.0.0.0-8080-exec-8] FilterChainProxy - Securing OPTIONS /api/users/students_Guest
2026-10-06 08:34:40 INFO  [http-nio-0.0.0.0-8080-exec-9] CollegeService - Fetched 1 colleges.
2026-10-06 08:34:40 INFO  [http-nio-0.0.0.0-8080-exec-9] CollegeController - Fetched 1 colleges successfully.
2026-10-06 08:34:40 INFO  [http-nio-0.0.0.0-8080-exec-6] JwtAuthenticationFilter - JWT AUTHENTICATION SUCCESS
2026-10-06 08:34:40 DEBUG [http-nio-0.0.0.0-8080-exec-4] FilterChainProxy - Securing OPTIONS /api/branch
2026-10-06 08:34:40 DEBUG [http-nio-0.0.0.0-8080-exec-6] FilterChainProxy - Secured GET /api/subjects
2026-10-06 08:34:40 DEBUG [http-nio-0.0.0.0-8080-exec-14] FilterChainProxy - Securing GET /api/notifications/mine?limit=12
2026-10-06 08:34:40 INFO  [http-nio-0.0.0.0-8080-exec-5] JwtAuthenticationFilter - JWT AUTHENTICATION SUCCESS
2026-10-06 08:34:40 DEBUG [http-nio-0.0.0.0-8080-exec-3] FilterChainProxy - Securing OPTIONS /api/activity-sessions/resume
2026-10-06 08:34:40 DEBUG [http-nio-0.0.0.0-8080-exec-5] FilterChainProxy - Secured GET /api/chapter
2026-10-06 08:34:40 INFO  [http-nio-0.0.0.0-8080-exec-1] JwtAuthenticationFilter - JWT AUTHENTICATION SUCCESS
2026-10-06 08:34:40 DEBUG [http-nio-0.0.0.0-8080-exec-1] FilterChainProxy - Secured GET /api/course
2026-10-06 08:34:40 INFO  [http-nio-0.0.0.0-8080-exec-5] ChapterController - Received request to fetch all chapters.
2026-10-06 08:34:40 INFO  [http-nio-0.0.0.0-8080-exec-5] ChapterService - Fetching all chapters.
2026-10-06 08:34:40 INFO  [http-nio-0.0.0.0-8080-exec-1] CourseController - Received request to fetch all courses.
2026-10-06 08:34:40 INFO  [http-nio-0.0.0.0-8080-exec-1] CourseService - Fetching all courses.
2026-10-06 08:34:40 DEBUG [http-nio-0.0.0.0-8080-exec-11] FilterChainProxy - Securing OPTIONS /api/exams
2026-10-06 08:34:40 DEBUG [http-nio-0.0.0.0-8080-exec-13] FilterChainProxy - Securing OPTIONS /api/section
2026-10-06 08:34:40 INFO  [http-nio-0.0.0.0-8080-exec-14] JwtAuthenticationFilter - JWT AUTHENTICATION SUCCESS
2026-10-06 08:34:40 DEBUG [http-nio-0.0.0.0-8080-exec-14] FilterChainProxy - Secured GET /api/notifications/mine?limit=12
2026-10-06 08:34:40 INFO  [http-nio-0.0.0.0-8080-exec-1] CourseService - Fetched 1 courses.
2026-10-06 08:34:40 INFO  [http-nio-0.0.0.0-8080-exec-1] CourseController - Fetched 1 courses successfully.
2026-10-06 08:34:40 INFO  [http-nio-0.0.0.0-8080-exec-5] ChapterService - Fetched 6 chapters.
2026-10-06 08:34:40 INFO  [http-nio-0.0.0.0-8080-exec-5] ChapterController - Fetched 6 chapters successfully.
2026-10-06 08:34:40 DEBUG [http-nio-0.0.0.0-8080-exec-8] FilterChainProxy - Securing OPTIONS /api/branch
2026-10-06 08:34:40 DEBUG [http-nio-0.0.0.0-8080-exec-4] FilterChainProxy - Securing OPTIONS /api/section
2026-10-06 08:34:40 DEBUG [http-nio-0.0.0.0-8080-exec-12] FilterChainProxy - Securing OPTIONS /api/exams
2026-10-06 08:34:40 DEBUG [http-nio-0.0.0.0-8080-exec-3] FilterChainProxy - Securing OPTIONS /api/performance/super-admin
2026-10-06 08:34:40 DEBUG [http-nio-0.0.0.0-8080-exec-9] FilterChainProxy - Securing OPTIONS /api/users/students_Guest
2026-10-06 08:34:40 DEBUG [http-nio-0.0.0.0-8080-exec-4] FilterChainProxy - Securing GET /api/notifications/mine/unread-count
2026-10-06 08:34:40 DEBUG [http-nio-0.0.0.0-8080-exec-13] FilterChainProxy - Securing GET /api/topics
2026-10-06 08:34:40 INFO  [http-nio-0.0.0.0-8080-exec-4] JwtAuthenticationFilter - JWT AUTHENTICATION SUCCESS
2026-10-06 08:34:40 DEBUG [http-nio-0.0.0.0-8080-exec-4] FilterChainProxy - Secured GET /api/notifications/mine/unread-count
2026-10-06 08:34:40 INFO  [http-nio-0.0.0.0-8080-exec-13] JwtAuthenticationFilter - JWT AUTHENTICATION SUCCESS
2026-10-06 08:34:40 DEBUG [http-nio-0.0.0.0-8080-exec-13] FilterChainProxy - Secured GET /api/topics
2026-10-06 08:34:40 DEBUG [http-nio-0.0.0.0-8080-exec-1] FilterChainProxy - Securing GET /api/section
2026-10-06 08:34:40 DEBUG [http-nio-0.0.0.0-8080-exec-6] FilterChainProxy - Securing GET /api/branch
2026-10-06 08:34:40 DEBUG [http-nio-0.0.0.0-8080-exec-5] FilterChainProxy - Securing GET /api/performance/super-admin
2026-10-06 08:34:40 INFO  [http-nio-0.0.0.0-8080-exec-6] JwtAuthenticationFilter - JWT AUTHENTICATION SUCCESS
2026-10-06 08:34:40 DEBUG [http-nio-0.0.0.0-8080-exec-6] FilterChainProxy - Secured GET /api/branch
2026-10-06 08:34:40 INFO  [http-nio-0.0.0.0-8080-exec-6] BranchController - Received request to fetch all branches.
2026-10-06 08:34:40 INFO  [http-nio-0.0.0.0-8080-exec-6] BranchService - Fetching all branches.
2026-10-06 08:34:40 INFO  [http-nio-0.0.0.0-8080-exec-5] JwtAuthenticationFilter - JWT AUTHENTICATION SUCCESS
2026-10-06 08:34:40 INFO  [http-nio-0.0.0.0-8080-exec-1] JwtAuthenticationFilter - JWT AUTHENTICATION SUCCESS
2026-10-06 08:34:40 DEBUG [http-nio-0.0.0.0-8080-exec-1] FilterChainProxy - Secured GET /api/section
2026-10-06 08:34:40 DEBUG [http-nio-0.0.0.0-8080-exec-5] FilterChainProxy - Secured GET /api/performance/super-admin
2026-10-06 08:34:40 INFO  [http-nio-0.0.0.0-8080-exec-1] SectionController - Received request to fetch all sections.
2026-10-06 08:34:40 INFO  [http-nio-0.0.0.0-8080-exec-6] BranchService - Fetched 3 branches.
2026-10-06 08:34:40 INFO  [http-nio-0.0.0.0-8080-exec-1] SectionService - Fetching all sections.
2026-10-06 08:34:40 INFO  [http-nio-0.0.0.0-8080-exec-6] BranchController - Fetched 3 branches successfully.
2026-10-06 08:34:40 DEBUG [http-nio-0.0.0.0-8080-exec-6] FilterChainProxy - Securing GET /api/college
2026-10-06 08:34:40 DEBUG [http-nio-0.0.0.0-8080-exec-8] FilterChainProxy - Securing GET /api/course
2026-10-06 08:34:40 DEBUG [http-nio-0.0.0.0-8080-exec-11] FilterChainProxy - Securing GET /api/subjects
2026-10-06 08:34:40 INFO  [http-nio-0.0.0.0-8080-exec-1] SectionService - Fetched 1 sections.
2026-10-06 08:34:40 INFO  [http-nio-0.0.0.0-8080-exec-1] SectionController - Fetched 1 sections successfully.
2026-10-06 08:34:40 INFO  [http-nio-0.0.0.0-8080-exec-8] JwtAuthenticationFilter - JWT AUTHENTICATION SUCCESS
2026-10-06 08:34:40 INFO  [http-nio-0.0.0.0-8080-exec-11] JwtAuthenticationFilter - JWT AUTHENTICATION SUCCESS
2026-10-06 08:34:40 DEBUG [http-nio-0.0.0.0-8080-exec-11] FilterChainProxy - Secured GET /api/subjects
2026-10-06 08:34:40 DEBUG [http-nio-0.0.0.0-8080-exec-8] FilterChainProxy - Secured GET /api/course
2026-10-06 08:34:40 INFO  [http-nio-0.0.0.0-8080-exec-6] JwtAuthenticationFilter - JWT AUTHENTICATION SUCCESS
2026-10-06 08:34:40 DEBUG [http-nio-0.0.0.0-8080-exec-6] FilterChainProxy - Secured GET /api/college
2026-10-06 08:34:40 INFO  [http-nio-0.0.0.0-8080-exec-8] CourseController - Received request to fetch all courses.
2026-10-06 08:34:40 INFO  [http-nio-0.0.0.0-8080-exec-8] CourseService - Fetching all courses.
2026-10-06 08:34:40 DEBUG [http-nio-0.0.0.0-8080-exec-3] FilterChainProxy - Securing GET /api/chapter
2026-10-06 08:34:40 INFO  [http-nio-0.0.0.0-8080-exec-6] CollegeController - Received request to fetch all colleges.
2026-10-06 08:34:40 INFO  [http-nio-0.0.0.0-8080-exec-6] CollegeService - Fetching all colleges.
2026-10-06 08:34:40 INFO  [http-nio-0.0.0.0-8080-exec-6] CollegeService - Fetched 1 colleges.
2026-10-06 08:34:40 INFO  [http-nio-0.0.0.0-8080-exec-6] CollegeController - Fetched 1 colleges successfully.
2026-10-06 08:34:40 INFO  [http-nio-0.0.0.0-8080-exec-8] CourseService - Fetched 1 courses.
2026-10-06 08:34:40 INFO  [http-nio-0.0.0.0-8080-exec-8] CourseController - Fetched 1 courses successfully.
2026-10-06 08:34:40 INFO  [http-nio-0.0.0.0-8080-exec-3] JwtAuthenticationFilter - JWT AUTHENTICATION SUCCESS
2026-10-06 08:34:40 DEBUG [http-nio-0.0.0.0-8080-exec-3] FilterChainProxy - Secured GET /api/chapter
2026-10-06 08:34:40 INFO  [http-nio-0.0.0.0-8080-exec-3] ChapterController - Received request to fetch all chapters.
2026-10-06 08:34:40 INFO  [http-nio-0.0.0.0-8080-exec-3] ChapterService - Fetching all chapters.
2026-10-06 08:34:40 INFO  [http-nio-0.0.0.0-8080-exec-3] ChapterService - Fetched 6 chapters.
2026-10-06 08:34:40 INFO  [http-nio-0.0.0.0-8080-exec-3] ChapterController - Fetched 6 chapters successfully.
2026-10-06 08:34:40 DEBUG [http-nio-0.0.0.0-8080-exec-12] FilterChainProxy - Securing POST /api/activity-sessions/resume
2026-10-06 08:34:40 DEBUG [http-nio-0.0.0.0-8080-exec-9] FilterChainProxy - Securing GET /api/users/students_Guest
2026-10-06 08:34:40 DEBUG [http-nio-0.0.0.0-8080-exec-3] FilterChainProxy - Securing GET /api/exams
2026-10-06 08:34:40 DEBUG [http-nio-0.0.0.0-8080-exec-13] FilterChainProxy - Securing GET /api/section
2026-10-06 08:34:40 DEBUG [http-nio-0.0.0.0-8080-exec-4] FilterChainProxy - Securing GET /api/branch
2026-10-06 08:34:40 INFO  [http-nio-0.0.0.0-8080-exec-12] JwtAuthenticationFilter - JWT AUTHENTICATION SUCCESS
2026-10-06 08:34:40 DEBUG [http-nio-0.0.0.0-8080-exec-12] FilterChainProxy - Secured POST /api/activity-sessions/resume
2026-10-06 08:34:40 INFO  [http-nio-0.0.0.0-8080-exec-3] JwtAuthenticationFilter - JWT AUTHENTICATION SUCCESS
2026-10-06 08:34:40 INFO  [http-nio-0.0.0.0-8080-exec-4] JwtAuthenticationFilter - JWT AUTHENTICATION SUCCESS
2026-10-06 08:34:40 DEBUG [http-nio-0.0.0.0-8080-exec-3] FilterChainProxy - Secured GET /api/exams
2026-10-06 08:34:40 DEBUG [http-nio-0.0.0.0-8080-exec-4] FilterChainProxy - Secured GET /api/branch
2026-10-06 08:34:40 INFO  [http-nio-0.0.0.0-8080-exec-9] JwtAuthenticationFilter - JWT AUTHENTICATION SUCCESS
2026-10-06 08:34:40 INFO  [http-nio-0.0.0.0-8080-exec-4] BranchController - Received request to fetch all branches.
2026-10-06 08:34:40 INFO  [http-nio-0.0.0.0-8080-exec-4] BranchService - Fetching all branches.
2026-10-06 08:34:40 DEBUG [http-nio-0.0.0.0-8080-exec-9] FilterChainProxy - Secured GET /api/users/students_Guest
2026-10-06 08:34:40 INFO  [http-nio-0.0.0.0-8080-exec-13] JwtAuthenticationFilter - JWT AUTHENTICATION SUCCESS
2026-10-06 08:34:40 DEBUG [http-nio-0.0.0.0-8080-exec-13] FilterChainProxy - Secured GET /api/section
2026-10-06 08:34:40 INFO  [http-nio-0.0.0.0-8080-exec-13] SectionController - Received request to fetch all sections.
2026-10-06 08:34:40 INFO  [http-nio-0.0.0.0-8080-exec-13] SectionService - Fetching all sections.
2026-10-06 08:34:40 INFO  [http-nio-0.0.0.0-8080-exec-4] BranchService - Fetched 3 branches.
2026-10-06 08:34:40 INFO  [http-nio-0.0.0.0-8080-exec-4] BranchController - Fetched 3 branches successfully.
2026-10-06 08:34:40 INFO  [http-nio-0.0.0.0-8080-exec-13] SectionService - Fetched 1 sections.
2026-10-06 08:34:40 INFO  [http-nio-0.0.0.0-8080-exec-13] SectionController - Fetched 1 sections successfully.
2026-10-06 08:34:40 DEBUG [http-nio-0.0.0.0-8080-exec-1] FilterChainProxy - Securing GET /api/performance/super-admin
2026-10-06 08:34:40 DEBUG [http-nio-0.0.0.0-8080-exec-5] FilterChainProxy - Securing GET /api/college
2026-10-06 08:34:40 DEBUG [http-nio-0.0.0.0-8080-exec-11] FilterChainProxy - Securing GET /api/course
2026-10-06 08:34:40 DEBUG [http-nio-0.0.0.0-8080-exec-8] FilterChainProxy - Securing GET /api/section
2026-10-06 08:34:40 DEBUG [http-nio-0.0.0.0-8080-exec-6] FilterChainProxy - Securing GET /api/branch
2026-10-06 08:34:40 INFO  [http-nio-0.0.0.0-8080-exec-11] JwtAuthenticationFilter - JWT AUTHENTICATION SUCCESS
2026-10-06 08:34:40 INFO  [http-nio-0.0.0.0-8080-exec-5] JwtAuthenticationFilter - JWT AUTHENTICATION SUCCESS
2026-10-06 08:34:40 DEBUG [http-nio-0.0.0.0-8080-exec-11] FilterChainProxy - Secured GET /api/course
2026-10-06 08:34:40 DEBUG [http-nio-0.0.0.0-8080-exec-5] FilterChainProxy - Secured GET /api/college
2026-10-06 08:34:40 INFO  [http-nio-0.0.0.0-8080-exec-11] CourseController - Received request to fetch all courses.
2026-10-06 08:34:40 INFO  [http-nio-0.0.0.0-8080-exec-5] CollegeController - Received request to fetch all colleges.
2026-10-06 08:34:40 INFO  [http-nio-0.0.0.0-8080-exec-5] CollegeService - Fetching all colleges.
2026-10-06 08:34:40 INFO  [http-nio-0.0.0.0-8080-exec-11] CourseService - Fetching all courses.
2026-10-06 08:34:40 INFO  [http-nio-0.0.0.0-8080-exec-1] JwtAuthenticationFilter - JWT AUTHENTICATION SUCCESS
2026-10-06 08:34:40 DEBUG [http-nio-0.0.0.0-8080-exec-1] FilterChainProxy - Secured GET /api/performance/super-admin
2026-10-06 08:34:40 INFO  [http-nio-0.0.0.0-8080-exec-6] JwtAuthenticationFilter - JWT AUTHENTICATION SUCCESS
2026-10-06 08:34:40 DEBUG [http-nio-0.0.0.0-8080-exec-6] FilterChainProxy - Secured GET /api/branch
2026-10-06 08:34:40 INFO  [http-nio-0.0.0.0-8080-exec-8] JwtAuthenticationFilter - JWT AUTHENTICATION SUCCESS
2026-10-06 08:34:40 INFO  [http-nio-0.0.0.0-8080-exec-6] BranchController - Received request to fetch all branches.
2026-10-06 08:34:40 DEBUG [http-nio-0.0.0.0-8080-exec-8] FilterChainProxy - Secured GET /api/section
2026-10-06 08:34:40 INFO  [http-nio-0.0.0.0-8080-exec-6] BranchService - Fetching all branches.
2026-10-06 08:34:40 INFO  [http-nio-0.0.0.0-8080-exec-8] SectionController - Received request to fetch all sections.
2026-10-06 08:34:40 INFO  [http-nio-0.0.0.0-8080-exec-8] SectionService - Fetching all sections.
2026-10-06 08:34:40 INFO  [http-nio-0.0.0.0-8080-exec-5] CollegeService - Fetched 1 colleges.
2026-10-06 08:34:40 INFO  [http-nio-0.0.0.0-8080-exec-5] CollegeController - Fetched 1 colleges successfully.
2026-10-06 08:34:40 INFO  [http-nio-0.0.0.0-8080-exec-6] BranchService - Fetched 3 branches.
2026-10-06 08:34:40 INFO  [http-nio-0.0.0.0-8080-exec-6] BranchController - Fetched 3 branches successfully.
2026-10-06 08:34:40 INFO  [http-nio-0.0.0.0-8080-exec-11] CourseService - Fetched 1 courses.
2026-10-06 08:34:40 INFO  [http-nio-0.0.0.0-8080-exec-11] CourseController - Fetched 1 courses successfully.
2026-10-06 08:34:40 INFO  [http-nio-0.0.0.0-8080-exec-8] SectionService - Fetched 1 sections.
2026-10-06 08:34:40 INFO  [http-nio-0.0.0.0-8080-exec-8] SectionController - Fetched 1 sections successfully.
2026-10-06 08:34:40 DEBUG [http-nio-0.0.0.0-8080-exec-14] FilterChainProxy - Securing GET /api/users/students_Guest
2026-10-06 08:34:40 DEBUG [http-nio-0.0.0.0-8080-exec-4] FilterChainProxy - Securing GET /api/exams
2026-10-06 08:34:40 DEBUG [http-nio-0.0.0.0-8080-exec-12] FilterChainProxy - Securing GET /api/college
2026-10-06 08:34:40 DEBUG [http-nio-0.0.0.0-8080-exec-13] FilterChainProxy - Securing GET /api/branch
2026-10-06 08:34:40 INFO  [http-nio-0.0.0.0-8080-exec-14] JwtAuthenticationFilter - JWT AUTHENTICATION SUCCESS
2026-10-06 08:34:40 INFO  [http-nio-0.0.0.0-8080-exec-4] JwtAuthenticationFilter - JWT AUTHENTICATION SUCCESS
2026-10-06 08:34:40 INFO  [http-nio-0.0.0.0-8080-exec-13] JwtAuthenticationFilter - JWT AUTHENTICATION SUCCESS
2026-10-06 08:34:40 DEBUG [http-nio-0.0.0.0-8080-exec-13] FilterChainProxy - Secured GET /api/branch
2026-10-06 08:34:40 DEBUG [http-nio-0.0.0.0-8080-exec-4] FilterChainProxy - Secured GET /api/exams
2026-10-06 08:34:40 DEBUG [http-nio-0.0.0.0-8080-exec-14] FilterChainProxy - Secured GET /api/users/students_Guest
2026-10-06 08:34:40 INFO  [http-nio-0.0.0.0-8080-exec-12] JwtAuthenticationFilter - JWT AUTHENTICATION SUCCESS
2026-10-06 08:34:40 DEBUG [http-nio-0.0.0.0-8080-exec-12] FilterChainProxy - Secured GET /api/college
2026-10-06 08:34:40 INFO  [http-nio-0.0.0.0-8080-exec-13] BranchController - Received request to fetch all branches.
2026-10-06 08:34:40 INFO  [http-nio-0.0.0.0-8080-exec-13] BranchService - Fetching all branches.
2026-10-06 08:34:40 INFO  [http-nio-0.0.0.0-8080-exec-12] CollegeController - Received request to fetch all colleges.
2026-10-06 08:34:40 INFO  [http-nio-0.0.0.0-8080-exec-12] CollegeService - Fetching all colleges.
2026-10-06 08:34:40 INFO  [http-nio-0.0.0.0-8080-exec-12] CollegeService - Fetched 1 colleges.
2026-10-06 08:34:40 INFO  [http-nio-0.0.0.0-8080-exec-12] CollegeController - Fetched 1 colleges successfully.
2026-10-06 08:34:40 INFO  [http-nio-0.0.0.0-8080-exec-13] BranchService - Fetched 3 branches.
2026-10-06 08:34:40 INFO  [http-nio-0.0.0.0-8080-exec-13] BranchController - Fetched 3 branches successfully.
2026-10-06 08:34:40 DEBUG [http-nio-0.0.0.0-8080-exec-3] FilterChainProxy - Securing GET /api/course
2026-10-06 08:34:40 DEBUG [http-nio-0.0.0.0-8080-exec-9] FilterChainProxy - Securing GET /api/section
2026-10-06 08:34:40 INFO  [http-nio-0.0.0.0-8080-exec-3] JwtAuthenticationFilter - JWT AUTHENTICATION SUCCESS
2026-10-06 08:34:40 INFO  [http-nio-0.0.0.0-8080-exec-9] JwtAuthenticationFilter - JWT AUTHENTICATION SUCCESS
2026-10-06 08:34:40 DEBUG [http-nio-0.0.0.0-8080-exec-9] FilterChainProxy - Secured GET /api/section
2026-10-06 08:34:40 DEBUG [http-nio-0.0.0.0-8080-exec-3] FilterChainProxy - Secured GET /api/course
2026-10-06 08:34:40 INFO  [http-nio-0.0.0.0-8080-exec-3] CourseController - Received request to fetch all courses.
2026-10-06 08:34:40 INFO  [http-nio-0.0.0.0-8080-exec-3] CourseService - Fetching all courses.
2026-10-06 08:34:40 INFO  [http-nio-0.0.0.0-8080-exec-9] SectionController - Received request to fetch all sections.
2026-10-06 08:34:40 INFO  [http-nio-0.0.0.0-8080-exec-9] SectionService - Fetching all sections.
2026-10-06 08:34:40 INFO  [http-nio-0.0.0.0-8080-exec-9] SectionService - Fetched 1 sections.
2026-10-06 08:34:40 INFO  [http-nio-0.0.0.0-8080-exec-3] CourseService - Fetched 1 courses.
2026-10-06 08:34:40 INFO  [http-nio-0.0.0.0-8080-exec-9] SectionController - Fetched 1 sections successfully.
2026-10-06 08:34:40 INFO  [http-nio-0.0.0.0-8080-exec-3] CourseController - Fetched 1 courses successfully.
2026-10-06 08:34:40 DEBUG [http-nio-0.0.0.0-8080-exec-5] FilterChainProxy - Securing GET /api/questions
2026-10-06 08:34:40 INFO  [http-nio-0.0.0.0-8080-exec-5] JwtAuthenticationFilter - JWT AUTHENTICATION SUCCESS
2026-10-06 08:34:40 DEBUG [http-nio-0.0.0.0-8080-exec-5] FilterChainProxy - Secured GET /api/questions
2026-10-06 08:35:05 DEBUG [http-nio-0.0.0.0-8080-exec-6] FilterChainProxy - Securing OPTIONS /api/performance/exam-results/14/chapters
2026-10-06 08:35:05 DEBUG [http-nio-0.0.0.0-8080-exec-11] FilterChainProxy - Securing GET /api/performance/exam-results/14/chapters
2026-10-06 08:35:05 INFO  [http-nio-0.0.0.0-8080-exec-11] JwtAuthenticationFilter - JWT AUTHENTICATION SUCCESS
2026-10-06 08:35:05 DEBUG [http-nio-0.0.0.0-8080-exec-11] FilterChainProxy - Secured GET /api/performance/exam-results/14/chapters
2026-10-06 08:35:09 DEBUG [http-nio-0.0.0.0-8080-exec-8] FilterChainProxy - Securing OPTIONS /api/activity-sessions/heartbeat
2026-10-06 08:35:09 DEBUG [http-nio-0.0.0.0-8080-exec-1] FilterChainProxy - Securing POST /api/activity-sessions/heartbeat
2026-10-06 08:35:10 INFO  [http-nio-0.0.0.0-8080-exec-1] JwtAuthenticationFilter - JWT AUTHENTICATION SUCCESS
2026-10-06 08:35:10 DEBUG [http-nio-0.0.0.0-8080-exec-1] FilterChainProxy - Secured POST /api/activity-sessions/heartbeat
2026-10-06 08:35:24 DEBUG [http-nio-0.0.0.0-8080-exec-13] FilterChainProxy - Securing OPTIONS /api/notifications/mine/unread-count
2026-10-06 08:35:24 DEBUG [http-nio-0.0.0.0-8080-exec-12] FilterChainProxy - Securing OPTIONS /api/notifications/mine?limit=12
2026-10-06 08:35:25 DEBUG [http-nio-0.0.0.0-8080-exec-14] FilterChainProxy - Securing GET /api/notifications/mine?limit=12
2026-10-06 08:35:25 DEBUG [http-nio-0.0.0.0-8080-exec-4] FilterChainProxy - Securing GET /api/notifications/mine/unread-count
2026-10-06 08:35:25 INFO  [http-nio-0.0.0.0-8080-exec-14] JwtAuthenticationFilter - JWT AUTHENTICATION SUCCESS
2026-10-06 08:35:25 DEBUG [http-nio-0.0.0.0-8080-exec-14] FilterChainProxy - Secured GET /api/notifications/mine?limit=12
2026-10-06 08:35:25 INFO  [http-nio-0.0.0.0-8080-exec-4] JwtAuthenticationFilter - JWT AUTHENTICATION SUCCESS
2026-10-06 08:35:25 DEBUG [http-nio-0.0.0.0-8080-exec-4] FilterChainProxy - Secured GET /api/notifications/mine/unread-count
2026-10-06 08:35:39 DEBUG [http-nio-0.0.0.0-8080-exec-9] FilterChainProxy - Securing OPTIONS /api/activity-sessions/heartbeat
2026-10-06 08:35:39 DEBUG [http-nio-0.0.0.0-8080-exec-3] FilterChainProxy - Securing POST /api/activity-sessions/heartbeat
2026-10-06 08:35:40 INFO  [http-nio-0.0.0.0-8080-exec-3] JwtAuthenticationFilter - JWT AUTHENTICATION SUCCESS
2026-10-06 08:35:40 DEBUG [http-nio-0.0.0.0-8080-exec-3] FilterChainProxy - Secured POST /api/activity-sessions/heartbeat
2026-10-06 08:37:07 DEBUG [http-nio-0.0.0.0-8080-exec-12] FilterChainProxy - Securing OPTIONS /api/notifications/mine?limit=12
2026-10-06 08:37:07 DEBUG [http-nio-0.0.0.0-8080-exec-6] FilterChainProxy - Securing OPTIONS /api/notifications/mine/unread-count
2026-10-06 08:37:07 DEBUG [http-nio-0.0.0.0-8080-exec-4] FilterChainProxy - Securing GET /api/notifications/mine?limit=12
2026-10-06 08:37:07 DEBUG [http-nio-0.0.0.0-8080-exec-8] FilterChainProxy - Securing GET /api/notifications/mine/unread-count
2026-10-06 08:37:07 INFO  [http-nio-0.0.0.0-8080-exec-8] JwtAuthenticationFilter - JWT AUTHENTICATION SUCCESS
2026-10-06 08:37:07 DEBUG [http-nio-0.0.0.0-8080-exec-8] FilterChainProxy - Secured GET /api/notifications/mine/unread-count
2026-10-06 08:37:07 INFO  [http-nio-0.0.0.0-8080-exec-4] JwtAuthenticationFilter - JWT AUTHENTICATION SUCCESS
2026-10-06 08:37:07 DEBUG [http-nio-0.0.0.0-8080-exec-4] FilterChainProxy - Secured GET /api/notifications/mine?limit=12
2026-10-06 08:37:10 DEBUG [http-nio-0.0.0.0-8080-exec-1] FilterChainProxy - Securing OPTIONS /api/activity-sessions/heartbeat
2026-10-06 08:37:10 DEBUG [http-nio-0.0.0.0-8080-exec-13] FilterChainProxy - Securing POST /api/activity-sessions/heartbeat
2026-10-06 08:37:10 INFO  [http-nio-0.0.0.0-8080-exec-13] JwtAuthenticationFilter - JWT AUTHENTICATION SUCCESS
2026-10-06 08:37:10 DEBUG [http-nio-0.0.0.0-8080-exec-13] FilterChainProxy - Secured POST /api/activity-sessions/heartbeat
2026-10-06 08:37:16 DEBUG [http-nio-0.0.0.0-8080-exec-3] FilterChainProxy - Securing OPTIONS /api/performance/exam-results/14/chapters
2026-10-06 08:37:16 DEBUG [http-nio-0.0.0.0-8080-exec-9] FilterChainProxy - Securing GET /api/performance/exam-results/14/chapters
2026-10-06 08:37:16 INFO  [http-nio-0.0.0.0-8080-exec-9] JwtAuthenticationFilter - JWT AUTHENTICATION SUCCESS
2026-10-06 08:37:16 DEBUG [http-nio-0.0.0.0-8080-exec-9] FilterChainProxy - Secured GET /api/performance/exam-results/14/chapters
2026-10-06 08:37:40 DEBUG [http-nio-0.0.0.0-8080-exec-11] FilterChainProxy - Securing OPTIONS /api/notifications/mine?limit=12
2026-10-06 08:37:40 DEBUG [http-nio-0.0.0.0-8080-exec-6] FilterChainProxy - Securing OPTIONS /api/activity-sessions/heartbeat
2026-10-06 08:37:40 DEBUG [http-nio-0.0.0.0-8080-exec-14] FilterChainProxy - Securing OPTIONS /api/notifications/mine/unread-count
2026-10-06 08:37:40 DEBUG [http-nio-0.0.0.0-8080-exec-12] FilterChainProxy - Securing POST /api/activity-sessions/heartbeat
2026-10-06 08:37:40 INFO  [http-nio-0.0.0.0-8080-exec-12] JwtAuthenticationFilter - JWT AUTHENTICATION SUCCESS
2026-10-06 08:37:40 DEBUG [http-nio-0.0.0.0-8080-exec-12] FilterChainProxy - Secured POST /api/activity-sessions/heartbeat
2026-10-06 08:37:40 DEBUG [http-nio-0.0.0.0-8080-exec-8] FilterChainProxy - Securing GET /api/notifications/mine/unread-count
2026-10-06 08:37:40 DEBUG [http-nio-0.0.0.0-8080-exec-4] FilterChainProxy - Securing GET /api/notifications/mine?limit=12
2026-10-06 08:37:40 INFO  [http-nio-0.0.0.0-8080-exec-8] JwtAuthenticationFilter - JWT AUTHENTICATION SUCCESS
2026-10-06 08:37:40 DEBUG [http-nio-0.0.0.0-8080-exec-8] FilterChainProxy - Secured GET /api/notifications/mine/unread-count
2026-10-06 08:37:40 INFO  [http-nio-0.0.0.0-8080-exec-4] JwtAuthenticationFilter - JWT AUTHENTICATION SUCCESS
2026-10-06 08:37:40 DEBUG [http-nio-0.0.0.0-8080-exec-4] FilterChainProxy - Secured GET /api/notifications/mine?limit=12
2026-10-06 08:38:09 DEBUG [http-nio-0.0.0.0-8080-exec-1] FilterChainProxy - Securing OPTIONS /api/activity-sessions/heartbeat
2026-10-06 08:38:09 DEBUG [http-nio-0.0.0.0-8080-exec-13] FilterChainProxy - Securing POST /api/activity-sessions/heartbeat
2026-10-06 08:38:10 INFO  [http-nio-0.0.0.0-8080-exec-13] JwtAuthenticationFilter - JWT AUTHENTICATION SUCCESS
2026-10-06 08:38:10 DEBUG [http-nio-0.0.0.0-8080-exec-13] FilterChainProxy - Secured POST /api/activity-sessions/heartbeat
2026-10-06 08:38:25 DEBUG [http-nio-0.0.0.0-8080-exec-9] FilterChainProxy - Securing OPTIONS /api/notifications/mine/unread-count
2026-10-06 08:38:25 DEBUG [http-nio-0.0.0.0-8080-exec-3] FilterChainProxy - Securing OPTIONS /api/notifications/mine?limit=12
2026-10-06 08:38:25 DEBUG [http-nio-0.0.0.0-8080-exec-6] FilterChainProxy - Securing GET /api/notifications/mine/unread-count
2026-10-06 08:38:25 DEBUG [http-nio-0.0.0.0-8080-exec-14] FilterChainProxy - Securing GET /api/notifications/mine?limit=12
2026-10-06 08:38:25 INFO  [http-nio-0.0.0.0-8080-exec-6] JwtAuthenticationFilter - JWT AUTHENTICATION SUCCESS
2026-10-06 08:38:25 DEBUG [http-nio-0.0.0.0-8080-exec-6] FilterChainProxy - Secured GET /api/notifications/mine/unread-count
2026-10-06 08:38:25 INFO  [http-nio-0.0.0.0-8080-exec-14] JwtAuthenticationFilter - JWT AUTHENTICATION SUCCESS
2026-10-06 08:38:25 DEBUG [http-nio-0.0.0.0-8080-exec-14] FilterChainProxy - Secured GET /api/notifications/mine?limit=12
2026-10-06 08:38:40 DEBUG [http-nio-0.0.0.0-8080-exec-11] FilterChainProxy - Securing OPTIONS /api/activity-sessions/heartbeat
2026-10-06 08:38:40 DEBUG [http-nio-0.0.0.0-8080-exec-8] FilterChainProxy - Securing POST /api/activity-sessions/heartbeat
2026-10-06 08:38:40 INFO  [http-nio-0.0.0.0-8080-exec-8] JwtAuthenticationFilter - JWT AUTHENTICATION SUCCESS
2026-10-06 08:38:40 DEBUG [http-nio-0.0.0.0-8080-exec-8] FilterChainProxy - Secured POST /api/activity-sessions/heartbeat
2026-10-06 08:39:10 DEBUG [http-nio-0.0.0.0-8080-exec-13] FilterChainProxy - Securing OPTIONS /api/notifications/mine/unread-count
2026-10-06 08:39:10 DEBUG [http-nio-0.0.0.0-8080-exec-1] FilterChainProxy - Securing OPTIONS /api/notifications/mine?limit=12
2026-10-06 08:39:10 DEBUG [http-nio-0.0.0.0-8080-exec-9] FilterChainProxy - Securing OPTIONS /api/activity-sessions/heartbeat
2026-10-06 08:39:10 DEBUG [http-nio-0.0.0.0-8080-exec-3] FilterChainProxy - Securing GET /api/notifications/mine/unread-count
2026-10-06 08:39:10 DEBUG [http-nio-0.0.0.0-8080-exec-6] FilterChainProxy - Securing GET /api/notifications/mine?limit=12
2026-10-06 08:39:10 DEBUG [http-nio-0.0.0.0-8080-exec-14] FilterChainProxy - Securing POST /api/activity-sessions/heartbeat
2026-10-06 08:39:10 INFO  [http-nio-0.0.0.0-8080-exec-14] JwtAuthenticationFilter - JWT AUTHENTICATION SUCCESS
2026-10-06 08:39:10 DEBUG [http-nio-0.0.0.0-8080-exec-14] FilterChainProxy - Secured POST /api/activity-sessions/heartbeat
2026-10-06 08:39:10 INFO  [http-nio-0.0.0.0-8080-exec-3] JwtAuthenticationFilter - JWT AUTHENTICATION SUCCESS
2026-10-06 08:39:10 DEBUG [http-nio-0.0.0.0-8080-exec-3] FilterChainProxy - Secured GET /api/notifications/mine/unread-count
2026-10-06 08:39:10 INFO  [http-nio-0.0.0.0-8080-exec-6] JwtAuthenticationFilter - JWT AUTHENTICATION SUCCESS
2026-10-06 08:39:10 DEBUG [http-nio-0.0.0.0-8080-exec-6] FilterChainProxy - Secured GET /api/notifications/mine?limit=12
2026-10-06 08:39:40 DEBUG [http-nio-0.0.0.0-8080-exec-11] FilterChainProxy - Securing OPTIONS /api/activity-sessions/heartbeat
2026-10-06 08:39:40 DEBUG [http-nio-0.0.0.0-8080-exec-8] FilterChainProxy - Securing POST /api/activity-sessions/heartbeat
2026-10-06 08:39:40 INFO  [http-nio-0.0.0.0-8080-exec-8] JwtAuthenticationFilter - JWT AUTHENTICATION SUCCESS
2026-10-06 08:39:40 DEBUG [http-nio-0.0.0.0-8080-exec-8] FilterChainProxy - Secured POST /api/activity-sessions/heartbeat
2026-10-06 08:39:55 DEBUG [http-nio-0.0.0.0-8080-exec-4] FilterChainProxy - Securing OPTIONS /api/notifications/mine?limit=12
2026-10-06 08:39:55 DEBUG [http-nio-0.0.0.0-8080-exec-12] FilterChainProxy - Securing OPTIONS /api/notifications/mine/unread-count
2026-10-06 08:39:55 DEBUG [http-nio-0.0.0.0-8080-exec-13] FilterChainProxy - Securing GET /api/notifications/mine/unread-count
2026-10-06 08:39:55 DEBUG [http-nio-0.0.0.0-8080-exec-1] FilterChainProxy - Securing GET /api/notifications/mine?limit=12
2026-10-06 08:39:55 INFO  [http-nio-0.0.0.0-8080-exec-1] JwtAuthenticationFilter - JWT AUTHENTICATION SUCCESS
2026-10-06 08:39:55 INFO  [http-nio-0.0.0.0-8080-exec-13] JwtAuthenticationFilter - JWT AUTHENTICATION SUCCESS
2026-10-06 08:39:55 DEBUG [http-nio-0.0.0.0-8080-exec-1] FilterChainProxy - Secured GET /api/notifications/mine?limit=12
2026-10-06 08:39:55 DEBUG [http-nio-0.0.0.0-8080-exec-13] FilterChainProxy - Secured GET /api/notifications/mine/unread-count
2026-10-06 08:40:10 DEBUG [http-nio-0.0.0.0-8080-exec-9] FilterChainProxy - Securing OPTIONS /api/activity-sessions/heartbeat
2026-10-06 08:40:10 DEBUG [http-nio-0.0.0.0-8080-exec-3] FilterChainProxy - Securing POST /api/activity-sessions/heartbeat
2026-10-06 08:40:10 INFO  [http-nio-0.0.0.0-8080-exec-3] JwtAuthenticationFilter - JWT AUTHENTICATION SUCCESS
2026-10-06 08:40:10 DEBUG [http-nio-0.0.0.0-8080-exec-3] FilterChainProxy - Secured POST /api/activity-sessions/heartbeat
2026-10-06 08:40:40 DEBUG [http-nio-0.0.0.0-8080-exec-8] FilterChainProxy - Securing OPTIONS /api/notifications/mine/unread-count
2026-10-06 08:40:40 DEBUG [http-nio-0.0.0.0-8080-exec-11] FilterChainProxy - Securing OPTIONS /api/notifications/mine?limit=12
2026-10-06 08:40:40 DEBUG [http-nio-0.0.0.0-8080-exec-4] FilterChainProxy - Securing OPTIONS /api/activity-sessions/heartbeat
2026-10-06 08:40:40 DEBUG [http-nio-0.0.0.0-8080-exec-12] FilterChainProxy - Securing GET /api/notifications/mine/unread-count
2026-10-06 08:40:40 DEBUG [http-nio-0.0.0.0-8080-exec-13] FilterChainProxy - Securing GET /api/notifications/mine?limit=12
2026-10-06 08:40:40 DEBUG [http-nio-0.0.0.0-8080-exec-1] FilterChainProxy - Securing POST /api/activity-sessions/heartbeat
2026-10-06 08:40:40 INFO  [http-nio-0.0.0.0-8080-exec-13] JwtAuthenticationFilter - JWT AUTHENTICATION SUCCESS
2026-10-06 08:40:40 INFO  [http-nio-0.0.0.0-8080-exec-1] JwtAuthenticationFilter - JWT AUTHENTICATION SUCCESS
2026-10-06 08:40:40 INFO  [http-nio-0.0.0.0-8080-exec-12] JwtAuthenticationFilter - JWT AUTHENTICATION SUCCESS
2026-10-06 08:40:40 DEBUG [http-nio-0.0.0.0-8080-exec-1] FilterChainProxy - Secured POST /api/activity-sessions/heartbeat
2026-10-06 08:40:40 DEBUG [http-nio-0.0.0.0-8080-exec-13] FilterChainProxy - Secured GET /api/notifications/mine?limit=12
2026-10-06 08:40:40 DEBUG [http-nio-0.0.0.0-8080-exec-12] FilterChainProxy - Secured GET /api/notifications/mine/unread-count
2026-10-06 08:41:02 DEBUG [http-nio-0.0.0.0-8080-exec-9] FilterChainProxy - Securing OPTIONS /api/performance/exam-results/14/chapters
2026-10-06 08:41:02 DEBUG [http-nio-0.0.0.0-8080-exec-3] FilterChainProxy - Securing GET /api/performance/exam-results/14/chapters
2026-10-06 08:41:02 INFO  [http-nio-0.0.0.0-8080-exec-3] JwtAuthenticationFilter - JWT AUTHENTICATION SUCCESS
2026-10-06 08:41:02 DEBUG [http-nio-0.0.0.0-8080-exec-3] FilterChainProxy - Secured GET /api/performance/exam-results/14/chapters
2026-10-06 08:41:10 DEBUG [http-nio-0.0.0.0-8080-exec-14] FilterChainProxy - Securing OPTIONS /api/activity-sessions/heartbeat
2026-10-06 08:41:10 DEBUG [http-nio-0.0.0.0-8080-exec-6] FilterChainProxy - Securing POST /api/activity-sessions/heartbeat
2026-10-06 08:41:10 INFO  [http-nio-0.0.0.0-8080-exec-6] JwtAuthenticationFilter - JWT AUTHENTICATION SUCCESS
2026-10-06 08:41:10 DEBUG [http-nio-0.0.0.0-8080-exec-6] FilterChainProxy - Secured POST /api/activity-sessions/heartbeat
2026-10-06 08:41:13 DEBUG [http-nio-0.0.0.0-8080-exec-8] FilterChainProxy - Securing OPTIONS /api/users/students_Guest
2026-10-06 08:41:13 DEBUG [http-nio-0.0.0.0-8080-exec-11] FilterChainProxy - Securing OPTIONS /api/college
2026-10-06 08:41:13 DEBUG [http-nio-0.0.0.0-8080-exec-4] FilterChainProxy - Securing OPTIONS /api/branch
2026-10-06 08:41:13 DEBUG [http-nio-0.0.0.0-8080-exec-13] FilterChainProxy - Securing OPTIONS /api/section
2026-10-06 08:41:13 DEBUG [http-nio-0.0.0.0-8080-exec-12] FilterChainProxy - Securing GET /api/college
2026-10-06 08:41:13 DEBUG [http-nio-0.0.0.0-8080-exec-1] FilterChainProxy - Securing OPTIONS /api/course
2026-10-06 08:41:13 DEBUG [http-nio-0.0.0.0-8080-exec-9] FilterChainProxy - Securing OPTIONS /api/activity-sessions/resume
2026-10-06 08:41:13 DEBUG [http-nio-0.0.0.0-8080-exec-14] FilterChainProxy - Securing GET /api/section
2026-10-06 08:41:13 DEBUG [http-nio-0.0.0.0-8080-exec-3] FilterChainProxy - Securing OPTIONS /api/users/students_Guest
2026-10-06 08:41:13 DEBUG [http-nio-0.0.0.0-8080-exec-6] FilterChainProxy - Securing OPTIONS /api/college
2026-10-06 08:41:13 DEBUG [http-nio-0.0.0.0-8080-exec-3] FilterChainProxy - Securing OPTIONS /api/branch
2026-10-06 08:41:13 DEBUG [http-nio-0.0.0.0-8080-exec-11] FilterChainProxy - Securing GET /api/branch
2026-10-06 08:41:13 INFO  [http-nio-0.0.0.0-8080-exec-12] JwtAuthenticationFilter - JWT AUTHENTICATION SUCCESS
2026-10-06 08:41:13 DEBUG [http-nio-0.0.0.0-8080-exec-12] FilterChainProxy - Secured GET /api/college
2026-10-06 08:41:13 INFO  [http-nio-0.0.0.0-8080-exec-11] JwtAuthenticationFilter - JWT AUTHENTICATION SUCCESS
2026-10-06 08:41:13 INFO  [http-nio-0.0.0.0-8080-exec-14] JwtAuthenticationFilter - JWT AUTHENTICATION SUCCESS
2026-10-06 08:41:13 DEBUG [http-nio-0.0.0.0-8080-exec-14] FilterChainProxy - Secured GET /api/section
2026-10-06 08:41:13 DEBUG [http-nio-0.0.0.0-8080-exec-11] FilterChainProxy - Secured GET /api/branch
2026-10-06 08:41:13 INFO  [http-nio-0.0.0.0-8080-exec-12] CollegeController - Received request to fetch all colleges.
2026-10-06 08:41:13 INFO  [http-nio-0.0.0.0-8080-exec-14] SectionController - Received request to fetch all sections.
2026-10-06 08:41:13 INFO  [http-nio-0.0.0.0-8080-exec-12] CollegeService - Fetching all colleges.
2026-10-06 08:41:13 INFO  [http-nio-0.0.0.0-8080-exec-11] BranchController - Received request to fetch all branches.
2026-10-06 08:41:13 INFO  [http-nio-0.0.0.0-8080-exec-14] SectionService - Fetching all sections.
2026-10-06 08:41:13 DEBUG [http-nio-0.0.0.0-8080-exec-4] FilterChainProxy - Securing OPTIONS /api/section
2026-10-06 08:41:13 DEBUG [http-nio-0.0.0.0-8080-exec-1] FilterChainProxy - Securing OPTIONS /api/course
2026-10-06 08:41:13 INFO  [http-nio-0.0.0.0-8080-exec-11] BranchService - Fetching all branches.
2026-10-06 08:41:13 DEBUG [http-nio-0.0.0.0-8080-exec-13] FilterChainProxy - Securing GET /api/users/students_Guest
2026-10-06 08:41:13 DEBUG [http-nio-0.0.0.0-8080-exec-6] FilterChainProxy - Securing POST /api/activity-sessions/resume
2026-10-06 08:41:13 DEBUG [http-nio-0.0.0.0-8080-exec-9] FilterChainProxy - Securing GET /api/course
2026-10-06 08:41:13 INFO  [http-nio-0.0.0.0-8080-exec-13] JwtAuthenticationFilter - JWT AUTHENTICATION SUCCESS
2026-10-06 08:41:13 DEBUG [http-nio-0.0.0.0-8080-exec-13] FilterChainProxy - Secured GET /api/users/students_Guest
2026-10-06 08:41:13 INFO  [http-nio-0.0.0.0-8080-exec-6] JwtAuthenticationFilter - JWT AUTHENTICATION SUCCESS
2026-10-06 08:41:13 INFO  [http-nio-0.0.0.0-8080-exec-9] JwtAuthenticationFilter - JWT AUTHENTICATION SUCCESS
2026-10-06 08:41:13 DEBUG [http-nio-0.0.0.0-8080-exec-9] FilterChainProxy - Secured GET /api/course
2026-10-06 08:41:13 INFO  [http-nio-0.0.0.0-8080-exec-9] CourseController - Received request to fetch all courses.
2026-10-06 08:41:13 INFO  [http-nio-0.0.0.0-8080-exec-9] CourseService - Fetching all courses.
2026-10-06 08:41:13 DEBUG [http-nio-0.0.0.0-8080-exec-6] FilterChainProxy - Secured POST /api/activity-sessions/resume
2026-10-06 08:41:13 INFO  [http-nio-0.0.0.0-8080-exec-11] BranchService - Fetched 3 branches.
2026-10-06 08:41:13 INFO  [http-nio-0.0.0.0-8080-exec-12] CollegeService - Fetched 1 colleges.
2026-10-06 08:41:13 INFO  [http-nio-0.0.0.0-8080-exec-14] SectionService - Fetched 1 sections.
2026-10-06 08:41:13 INFO  [http-nio-0.0.0.0-8080-exec-11] BranchController - Fetched 3 branches successfully.
2026-10-06 08:41:13 INFO  [http-nio-0.0.0.0-8080-exec-12] CollegeController - Fetched 1 colleges successfully.
2026-10-06 08:41:13 INFO  [http-nio-0.0.0.0-8080-exec-14] SectionController - Fetched 1 sections successfully.
2026-10-06 08:41:13 INFO  [http-nio-0.0.0.0-8080-exec-9] CourseService - Fetched 1 courses.
2026-10-06 08:41:13 INFO  [http-nio-0.0.0.0-8080-exec-9] CourseController - Fetched 1 courses successfully.
2026-10-06 08:41:13 DEBUG [http-nio-0.0.0.0-8080-exec-8] FilterChainProxy - Securing GET /api/college
2026-10-06 08:41:13 DEBUG [http-nio-0.0.0.0-8080-exec-3] FilterChainProxy - Securing GET /api/course
2026-10-06 08:41:13 DEBUG [http-nio-0.0.0.0-8080-exec-4] FilterChainProxy - Securing GET /api/section
2026-10-06 08:41:13 DEBUG [http-nio-0.0.0.0-8080-exec-1] FilterChainProxy - Securing GET /api/branch
2026-10-06 08:41:13 INFO  [http-nio-0.0.0.0-8080-exec-8] JwtAuthenticationFilter - JWT AUTHENTICATION SUCCESS
2026-10-06 08:41:13 DEBUG [http-nio-0.0.0.0-8080-exec-8] FilterChainProxy - Secured GET /api/college
2026-10-06 08:41:13 INFO  [http-nio-0.0.0.0-8080-exec-8] CollegeController - Received request to fetch all colleges.
2026-10-06 08:41:13 INFO  [http-nio-0.0.0.0-8080-exec-8] CollegeService - Fetching all colleges.
2026-10-06 08:41:13 DEBUG [http-nio-0.0.0.0-8080-exec-6] FilterChainProxy - Securing GET /api/users/students_Guest
2026-10-06 08:41:13 INFO  [http-nio-0.0.0.0-8080-exec-3] JwtAuthenticationFilter - JWT AUTHENTICATION SUCCESS
2026-10-06 08:41:13 DEBUG [http-nio-0.0.0.0-8080-exec-3] FilterChainProxy - Secured GET /api/course
2026-10-06 08:41:13 INFO  [http-nio-0.0.0.0-8080-exec-4] JwtAuthenticationFilter - JWT AUTHENTICATION SUCCESS
2026-10-06 08:41:13 INFO  [http-nio-0.0.0.0-8080-exec-3] CourseController - Received request to fetch all courses.
2026-10-06 08:41:13 INFO  [http-nio-0.0.0.0-8080-exec-3] CourseService - Fetching all courses.
2026-10-06 08:41:13 DEBUG [http-nio-0.0.0.0-8080-exec-4] FilterChainProxy - Secured GET /api/section
2026-10-06 08:41:13 INFO  [http-nio-0.0.0.0-8080-exec-4] SectionController - Received request to fetch all sections.
2026-10-06 08:41:13 INFO  [http-nio-0.0.0.0-8080-exec-4] SectionService - Fetching all sections.
2026-10-06 08:41:13 INFO  [http-nio-0.0.0.0-8080-exec-8] CollegeService - Fetched 1 colleges.
2026-10-06 08:41:13 INFO  [http-nio-0.0.0.0-8080-exec-8] CollegeController - Fetched 1 colleges successfully.
2026-10-06 08:41:13 INFO  [http-nio-0.0.0.0-8080-exec-1] JwtAuthenticationFilter - JWT AUTHENTICATION SUCCESS
2026-10-06 08:41:13 DEBUG [http-nio-0.0.0.0-8080-exec-1] FilterChainProxy - Secured GET /api/branch
2026-10-06 08:41:13 INFO  [http-nio-0.0.0.0-8080-exec-6] JwtAuthenticationFilter - JWT AUTHENTICATION SUCCESS
2026-10-06 08:41:13 INFO  [http-nio-0.0.0.0-8080-exec-1] BranchController - Received request to fetch all branches.
2026-10-06 08:41:13 INFO  [http-nio-0.0.0.0-8080-exec-1] BranchService - Fetching all branches.
2026-10-06 08:41:13 DEBUG [http-nio-0.0.0.0-8080-exec-6] FilterChainProxy - Secured GET /api/users/students_Guest
2026-10-06 08:41:13 INFO  [http-nio-0.0.0.0-8080-exec-1] BranchService - Fetched 3 branches.
2026-10-06 08:41:13 INFO  [http-nio-0.0.0.0-8080-exec-4] SectionService - Fetched 1 sections.
2026-10-06 08:41:13 INFO  [http-nio-0.0.0.0-8080-exec-1] BranchController - Fetched 3 branches successfully.
2026-10-06 08:41:13 INFO  [http-nio-0.0.0.0-8080-exec-4] SectionController - Fetched 1 sections successfully.
2026-10-06 08:41:13 INFO  [http-nio-0.0.0.0-8080-exec-3] CourseService - Fetched 1 courses.
2026-10-06 08:41:13 INFO  [http-nio-0.0.0.0-8080-exec-3] CourseController - Fetched 1 courses successfully.
2026-10-06 08:41:25 DEBUG [http-nio-0.0.0.0-8080-exec-9] FilterChainProxy - Securing OPTIONS /api/notifications/mine/unread-count
2026-10-06 08:41:25 DEBUG [http-nio-0.0.0.0-8080-exec-14] FilterChainProxy - Securing OPTIONS /api/notifications/mine?limit=12
2026-10-06 08:41:25 DEBUG [http-nio-0.0.0.0-8080-exec-12] FilterChainProxy - Securing GET /api/notifications/mine/unread-count
2026-10-06 08:41:25 DEBUG [http-nio-0.0.0.0-8080-exec-11] FilterChainProxy - Securing GET /api/notifications/mine?limit=12
2026-10-06 08:41:25 INFO  [http-nio-0.0.0.0-8080-exec-11] JwtAuthenticationFilter - JWT AUTHENTICATION SUCCESS
2026-10-06 08:41:25 INFO  [http-nio-0.0.0.0-8080-exec-12] JwtAuthenticationFilter - JWT AUTHENTICATION SUCCESS
2026-10-06 08:41:25 DEBUG [http-nio-0.0.0.0-8080-exec-11] FilterChainProxy - Secured GET /api/notifications/mine?limit=12
2026-10-06 08:41:25 DEBUG [http-nio-0.0.0.0-8080-exec-12] FilterChainProxy - Secured GET /api/notifications/mine/unread-count
2026-10-06 08:41:43 DEBUG [http-nio-0.0.0.0-8080-exec-13] FilterChainProxy - Securing OPTIONS /api/activity-sessions/heartbeat
2026-10-06 08:41:43 DEBUG [http-nio-0.0.0.0-8080-exec-8] FilterChainProxy - Securing POST /api/activity-sessions/heartbeat
2026-10-06 08:41:43 INFO  [http-nio-0.0.0.0-8080-exec-8] JwtAuthenticationFilter - JWT AUTHENTICATION SUCCESS
2026-10-06 08:41:43 DEBUG [http-nio-0.0.0.0-8080-exec-8] FilterChainProxy - Secured POST /api/activity-sessions/heartbeat
2026-10-06 08:42:05 DEBUG [http-nio-0.0.0.0-8080-exec-1] FilterChainProxy - Securing OPTIONS /api/users/student
2026-10-06 08:42:05 DEBUG [http-nio-0.0.0.0-8080-exec-4] FilterChainProxy - Securing POST /api/users/student
2026-10-06 08:42:05 INFO  [http-nio-0.0.0.0-8080-exec-4] JwtAuthenticationFilter - JWT AUTHENTICATION SUCCESS
2026-10-06 08:42:05 DEBUG [http-nio-0.0.0.0-8080-exec-4] FilterChainProxy - Secured POST /api/users/student
2026-10-06 08:42:05 ERROR [http-nio-0.0.0.0-8080-exec-4] [dispatcherServlet] - Servlet.service() for servlet [dispatcherServlet] in context with path [] threw exception [Request processing failed: java.lang.RuntimeException: User already exists with phone number: 1231231231] with root cause
java.lang.RuntimeException: User already exists with phone number: 1231231231
	at com.project.ProjectS.service.UserService.validateUser(UserService.java:657) ~[classes/:?]
	at com.project.ProjectS.service.UserService.createStudent(UserService.java:216) ~[classes/:?]
	at java.base/jdk.internal.reflect.DirectMethodHandleAccessor.invoke(DirectMethodHandleAccessor.java:104) ~[?:?]
	at java.base/java.lang.reflect.Method.invoke(Method.java:565) ~[?:?]
	at org.springframework.aop.support.AopUtils.invokeJoinpointUsingReflection(AopUtils.java:360) ~[spring-aop-6.2.9.jar:6.2.9]
	at org.springframework.aop.framework.ReflectiveMethodInvocation.invokeJoinpoint(ReflectiveMethodInvocation.java:196) ~[spring-aop-6.2.9.jar:6.2.9]
	at org.springframework.aop.framework.ReflectiveMethodInvocation.proceed(ReflectiveMethodInvocation.java:163) ~[spring-aop-6.2.9.jar:6.2.9]
	at org.springframework.transaction.interceptor.TransactionAspectSupport.invokeWithinTransaction(TransactionAspectSupport.java:380) ~[spring-tx-6.2.9.jar:6.2.9]
	at org.springframework.transaction.interceptor.TransactionInterceptor.invoke(TransactionInterceptor.java:119) ~[spring-tx-6.2.9.jar:6.2.9]
	at org.springframework.aop.framework.ReflectiveMethodInvocation.proceed(ReflectiveMethodInvocation.java:184) ~[spring-aop-6.2.9.jar:6.2.9]
	at org.springframework.aop.framework.CglibAopProxy$DynamicAdvisedInterceptor.intercept(CglibAopProxy.java:728) ~[spring-aop-6.2.9.jar:6.2.9]
	at com.project.ProjectS.service.UserService$$SpringCGLIB$$0.createStudent(<generated>) ~[classes/:?]
	at com.project.ProjectS.controller.UserController.createStudent(UserController.java:70) ~[classes/:?]
	at java.base/jdk.internal.reflect.DirectMethodHandleAccessor.invoke(DirectMethodHandleAccessor.java:104) ~[?:?]
	at java.base/java.lang.reflect.Method.invoke(Method.java:565) ~[?:?]
	at org.springframework.web.method.support.InvocableHandlerMethod.doInvoke(InvocableHandlerMethod.java:258) ~[spring-web-6.2.9.jar:6.2.9]
	at org.springframework.web.method.support.InvocableHandlerMethod.invokeForRequest(InvocableHandlerMethod.java:191) ~[spring-web-6.2.9.jar:6.2.9]
	at org.springframework.web.servlet.mvc.method.annotation.ServletInvocableHandlerMethod.invokeAndHandle(ServletInvocableHandlerMethod.java:118) ~[spring-webmvc-6.2.9.jar:6.2.9]
	at org.springframework.web.servlet.mvc.method.annotation.RequestMappingHandlerAdapter.invokeHandlerMethod(RequestMappingHandlerAdapter.java:991) ~[spring-webmvc-6.2.9.jar:6.2.9]
	at org.springframework.web.servlet.mvc.method.annotation.RequestMappingHandlerAdapter.handleInternal(RequestMappingHandlerAdapter.java:896) ~[spring-webmvc-6.2.9.jar:6.2.9]
	at org.springframework.web.servlet.mvc.method.AbstractHandlerMethodAdapter.handle(AbstractHandlerMethodAdapter.java:87) ~[spring-webmvc-6.2.9.jar:6.2.9]
	at org.springframework.web.servlet.DispatcherServlet.doDispatch(DispatcherServlet.java:1089) ~[spring-webmvc-6.2.9.jar:6.2.9]
	at org.springframework.web.servlet.DispatcherServlet.doService(DispatcherServlet.java:979) ~[spring-webmvc-6.2.9.jar:6.2.9]
	at org.springframework.web.servlet.FrameworkServlet.processRequest(FrameworkServlet.java:1014) ~[spring-webmvc-6.2.9.jar:6.2.9]
	at org.springframework.web.servlet.FrameworkServlet.doPost(FrameworkServlet.java:914) ~[spring-webmvc-6.2.9.jar:6.2.9]
	at jakarta.servlet.http.HttpServlet.service(HttpServlet.java:590) ~[tomcat-embed-core-10.1.43.jar:6.0]
	at org.springframework.web.servlet.FrameworkServlet.service(FrameworkServlet.java:885) ~[spring-webmvc-6.2.9.jar:6.2.9]
	at jakarta.servlet.http.HttpServlet.service(HttpServlet.java:658) ~[tomcat-embed-core-10.1.43.jar:6.0]
	at org.apache.catalina.core.ApplicationFilterChain.internalDoFilter(ApplicationFilterChain.java:195) ~[tomcat-embed-core-10.1.43.jar:10.1.43]
	at org.apache.catalina.core.ApplicationFilterChain.doFilter(ApplicationFilterChain.java:140) ~[tomcat-embed-core-10.1.43.jar:10.1.43]
	at org.apache.tomcat.websocket.server.WsFilter.doFilter(WsFilter.java:51) ~[tomcat-embed-websocket-10.1.43.jar:10.1.43]
	at org.apache.catalina.core.ApplicationFilterChain.internalDoFilter(ApplicationFilterChain.java:164) ~[tomcat-embed-core-10.1.43.jar:10.1.43]
	at org.apache.catalina.core.ApplicationFilterChain.doFilter(ApplicationFilterChain.java:140) ~[tomcat-embed-core-10.1.43.jar:10.1.43]
	at org.springframework.web.filter.OncePerRequestFilter.doFilter(OncePerRequestFilter.java:110) ~[spring-web-6.2.9.jar:6.2.9]
	at org.apache.catalina.core.ApplicationFilterChain.internalDoFilter(ApplicationFilterChain.java:164) ~[tomcat-embed-core-10.1.43.jar:10.1.43]
	at org.apache.catalina.core.ApplicationFilterChain.doFilter(ApplicationFilterChain.java:140) ~[tomcat-embed-core-10.1.43.jar:10.1.43]
	at org.springframework.web.filter.OncePerRequestFilter.doFilter(OncePerRequestFilter.java:110) ~[spring-web-6.2.9.jar:6.2.9]
	at org.apache.catalina.core.ApplicationFilterChain.internalDoFilter(ApplicationFilterChain.java:164) ~[tomcat-embed-core-10.1.43.jar:10.1.43]
	at org.apache.catalina.core.ApplicationFilterChain.doFilter(ApplicationFilterChain.java:140) ~[tomcat-embed-core-10.1.43.jar:10.1.43]
	at org.springframework.web.filter.CompositeFilter$VirtualFilterChain.doFilter(CompositeFilter.java:108) ~[spring-web-6.2.9.jar:6.2.9]
	at org.springframework.web.filter.CompositeFilter$VirtualFilterChain.doFilter(CompositeFilter.java:108) ~[spring-web-6.2.9.jar:6.2.9]
	at org.springframework.security.web.FilterChainProxy.lambda$doFilterInternal$3(FilterChainProxy.java:231) ~[spring-security-web-6.5.2.jar:6.5.2]
	at org.springframework.security.web.FilterChainProxy$VirtualFilterChain.doFilter(FilterChainProxy.java:365) ~[spring-security-web-6.5.2.jar:6.5.2]
	at org.springframework.security.web.access.intercept.AuthorizationFilter.doFilter(AuthorizationFilter.java:101) ~[spring-security-web-6.5.2.jar:6.5.2]
	at org.springframework.security.web.FilterChainProxy$VirtualFilterChain.doFilter(FilterChainProxy.java:374) ~[spring-security-web-6.5.2.jar:6.5.2]
	at org.springframework.security.web.access.ExceptionTranslationFilter.doFilter(ExceptionTranslationFilter.java:125) ~[spring-security-web-6.5.2.jar:6.5.2]
	at org.springframework.security.web.access.ExceptionTranslationFilter.doFilter(ExceptionTranslationFilter.java:119) ~[spring-security-web-6.5.2.jar:6.5.2]
	at org.springframework.security.web.FilterChainProxy$VirtualFilterChain.doFilter(FilterChainProxy.java:374) ~[spring-security-web-6.5.2.jar:6.5.2]
	at org.springframework.security.web.session.SessionManagementFilter.doFilter(SessionManagementFilter.java:131) ~[spring-security-web-6.5.2.jar:6.5.2]
	at org.springframework.security.web.session.SessionManagementFilter.doFilter(SessionManagementFilter.java:85) ~[spring-security-web-6.5.2.jar:6.5.2]
	at org.springframework.security.web.FilterChainProxy$VirtualFilterChain.doFilter(FilterChainProxy.java:374) ~[spring-security-web-6.5.2.jar:6.5.2]
	at org.springframework.security.web.authentication.AnonymousAuthenticationFilter.doFilter(AnonymousAuthenticationFilter.java:100) ~[spring-security-web-6.5.2.jar:6.5.2]
	at org.springframework.security.web.FilterChainProxy$VirtualFilterChain.doFilter(FilterChainProxy.java:374) ~[spring-security-web-6.5.2.jar:6.5.2]
	at org.springframework.security.web.servletapi.SecurityContextHolderAwareRequestFilter.doFilter(SecurityContextHolderAwareRequestFilter.java:179) ~[spring-security-web-6.5.2.jar:6.5.2]
	at org.springframework.security.web.FilterChainProxy$VirtualFilterChain.doFilter(FilterChainProxy.java:374) ~[spring-security-web-6.5.2.jar:6.5.2]
	at org.springframework.security.web.savedrequest.RequestCacheAwareFilter.doFilter(RequestCacheAwareFilter.java:63) ~[spring-security-web-6.5.2.jar:6.5.2]
	at org.springframework.security.web.FilterChainProxy$VirtualFilterChain.doFilter(FilterChainProxy.java:374) ~[spring-security-web-6.5.2.jar:6.5.2]
	at org.springframework.security.web.authentication.ui.DefaultLogoutPageGeneratingFilter.doFilterInternal(DefaultLogoutPageGeneratingFilter.java:59) ~[spring-security-web-6.5.2.jar:6.5.2]
	at org.springframework.web.filter.OncePerRequestFilter.doFilter(OncePerRequestFilter.java:116) ~[spring-web-6.2.9.jar:6.2.9]
	at org.springframework.security.web.FilterChainProxy$VirtualFilterChain.doFilter(FilterChainProxy.java:374) ~[spring-security-web-6.5.2.jar:6.5.2]
	at org.springframework.security.web.authentication.ui.DefaultLoginPageGeneratingFilter.doFilter(DefaultLoginPageGeneratingFilter.java:216) ~[spring-security-web-6.5.2.jar:6.5.2]
	at org.springframework.security.web.authentication.ui.DefaultLoginPageGeneratingFilter.doFilter(DefaultLoginPageGeneratingFilter.java:202) ~[spring-security-web-6.5.2.jar:6.5.2]
	at org.springframework.security.web.FilterChainProxy$VirtualFilterChain.doFilter(FilterChainProxy.java:374) ~[spring-security-web-6.5.2.jar:6.5.2]
	at org.springframework.security.web.authentication.ui.DefaultResourcesFilter.doFilter(DefaultResourcesFilter.java:72) ~[spring-security-web-6.5.2.jar:6.5.2]
	at org.springframework.security.web.FilterChainProxy$VirtualFilterChain.doFilter(FilterChainProxy.java:374) ~[spring-security-web-6.5.2.jar:6.5.2]
	at com.project.ProjectS.security.filter.JwtAuthenticationFilter.doFilterInternal(JwtAuthenticationFilter.java:115) ~[classes/:?]
	at org.springframework.web.filter.OncePerRequestFilter.doFilter(OncePerRequestFilter.java:116) ~[spring-web-6.2.9.jar:6.2.9]
	at org.springframework.security.web.FilterChainProxy$VirtualFilterChain.doFilter(FilterChainProxy.java:374) ~[spring-security-web-6.5.2.jar:6.5.2]
	at org.springframework.security.web.authentication.AbstractAuthenticationProcessingFilter.doFilter(AbstractAuthenticationProcessingFilter.java:235) ~[spring-security-web-6.5.2.jar:6.5.2]
	at org.springframework.security.web.authentication.AbstractAuthenticationProcessingFilter.doFilter(AbstractAuthenticationProcessingFilter.java:229) ~[spring-security-web-6.5.2.jar:6.5.2]
	at org.springframework.security.web.FilterChainProxy$VirtualFilterChain.doFilter(FilterChainProxy.java:374) ~[spring-security-web-6.5.2.jar:6.5.2]
	at org.springframework.security.oauth2.client.web.OAuth2AuthorizationRequestRedirectFilter.doFilterInternal(OAuth2AuthorizationRequestRedirectFilter.java:198) ~[spring-security-oauth2-client-6.5.2.jar:6.5.2]
	at org.springframework.web.filter.OncePerRequestFilter.doFilter(OncePerRequestFilter.java:116) ~[spring-web-6.2.9.jar:6.2.9]
	at org.springframework.security.web.FilterChainProxy$VirtualFilterChain.doFilter(FilterChainProxy.java:374) ~[spring-security-web-6.5.2.jar:6.5.2]
	at org.springframework.security.web.authentication.logout.LogoutFilter.doFilter(LogoutFilter.java:107) ~[spring-security-web-6.5.2.jar:6.5.2]
	at org.springframework.security.web.authentication.logout.LogoutFilter.doFilter(LogoutFilter.java:93) ~[spring-security-web-6.5.2.jar:6.5.2]
	at org.springframework.security.web.FilterChainProxy$VirtualFilterChain.doFilter(FilterChainProxy.java:374) ~[spring-security-web-6.5.2.jar:6.5.2]
	at org.springframework.web.filter.CorsFilter.doFilterInternal(CorsFilter.java:91) ~[spring-web-6.2.9.jar:6.2.9]
	at org.springframework.web.filter.OncePerRequestFilter.doFilter(OncePerRequestFilter.java:116) ~[spring-web-6.2.9.jar:6.2.9]
	at org.springframework.security.web.FilterChainProxy$VirtualFilterChain.doFilter(FilterChainProxy.java:374) ~[spring-security-web-6.5.2.jar:6.5.2]
	at org.springframework.security.web.header.HeaderWriterFilter.doHeadersAfter(HeaderWriterFilter.java:90) ~[spring-security-web-6.5.2.jar:6.5.2]
	at org.springframework.security.web.header.HeaderWriterFilter.doFilterInternal(HeaderWriterFilter.java:75) ~[spring-security-web-6.5.2.jar:6.5.2]
	at org.springframework.web.filter.OncePerRequestFilter.doFilter(OncePerRequestFilter.java:116) ~[spring-web-6.2.9.jar:6.2.9]
	at org.springframework.security.web.FilterChainProxy$VirtualFilterChain.doFilter(FilterChainProxy.java:374) ~[spring-security-web-6.5.2.jar:6.5.2]
	at org.springframework.security.web.context.SecurityContextHolderFilter.doFilter(SecurityContextHolderFilter.java:82) ~[spring-security-web-6.5.2.jar:6.5.2]
	at org.springframework.security.web.context.SecurityContextHolderFilter.doFilter(SecurityContextHolderFilter.java:69) ~[spring-security-web-6.5.2.jar:6.5.2]
	at org.springframework.security.web.FilterChainProxy$VirtualFilterChain.doFilter(FilterChainProxy.java:374) ~[spring-security-web-6.5.2.jar:6.5.2]
	at org.springframework.security.web.context.request.async.WebAsyncManagerIntegrationFilter.doFilterInternal(WebAsyncManagerIntegrationFilter.java:62) ~[spring-security-web-6.5.2.jar:6.5.2]
	at org.springframework.web.filter.OncePerRequestFilter.doFilter(OncePerRequestFilter.java:116) ~[spring-web-6.2.9.jar:6.2.9]
	at org.springframework.security.web.FilterChainProxy$VirtualFilterChain.doFilter(FilterChainProxy.java:374) ~[spring-security-web-6.5.2.jar:6.5.2]
	at org.springframework.security.web.session.DisableEncodeUrlFilter.doFilterInternal(DisableEncodeUrlFilter.java:42) ~[spring-security-web-6.5.2.jar:6.5.2]
	at org.springframework.web.filter.OncePerRequestFilter.doFilter(OncePerRequestFilter.java:116) ~[spring-web-6.2.9.jar:6.2.9]
	at org.springframework.security.web.FilterChainProxy$VirtualFilterChain.doFilter(FilterChainProxy.java:374) ~[spring-security-web-6.5.2.jar:6.5.2]
	at org.springframework.security.web.FilterChainProxy.doFilterInternal(FilterChainProxy.java:233) ~[spring-security-web-6.5.2.jar:6.5.2]
	at org.springframework.security.web.FilterChainProxy.doFilter(FilterChainProxy.java:191) ~[spring-security-web-6.5.2.jar:6.5.2]
	at org.springframework.web.filter.CompositeFilter$VirtualFilterChain.doFilter(CompositeFilter.java:113) ~[spring-web-6.2.9.jar:6.2.9]
	at org.springframework.web.filter.ServletRequestPathFilter.doFilter(ServletRequestPathFilter.java:52) ~[spring-web-6.2.9.jar:6.2.9]
	at org.springframework.web.filter.CompositeFilter$VirtualFilterChain.doFilter(CompositeFilter.java:113) ~[spring-web-6.2.9.jar:6.2.9]
	at org.springframework.web.filter.CompositeFilter.doFilter(CompositeFilter.java:74) ~[spring-web-6.2.9.jar:6.2.9]
	at org.springframework.security.config.annotation.web.configuration.WebSecurityConfiguration$CompositeFilterChainProxy.doFilter(WebSecurityConfiguration.java:319) ~[spring-security-config-6.5.2.jar:6.5.2]
	at org.springframework.web.filter.CompositeFilter$VirtualFilterChain.doFilter(CompositeFilter.java:113) ~[spring-web-6.2.9.jar:6.2.9]
	at org.springframework.web.servlet.handler.HandlerMappingIntrospector.lambda$createCacheFilter$4(HandlerMappingIntrospector.java:267) ~[spring-webmvc-6.2.9.jar:6.2.9]
	at org.springframework.web.filter.CompositeFilter$VirtualFilterChain.doFilter(CompositeFilter.java:113) ~[spring-web-6.2.9.jar:6.2.9]
	at org.springframework.web.filter.CompositeFilter.doFilter(CompositeFilter.java:74) ~[spring-web-6.2.9.jar:6.2.9]
	at org.springframework.security.config.annotation.web.configuration.WebMvcSecurityConfiguration$CompositeFilterChainProxy.doFilter(WebMvcSecurityConfiguration.java:240) ~[spring-security-config-6.5.2.jar:6.5.2]
	at org.springframework.web.filter.DelegatingFilterProxy.invokeDelegate(DelegatingFilterProxy.java:362) ~[spring-web-6.2.9.jar:6.2.9]
	at org.springframework.web.filter.DelegatingFilterProxy.doFilter(DelegatingFilterProxy.java:278) ~[spring-web-6.2.9.jar:6.2.9]
	at org.apache.catalina.core.ApplicationFilterChain.internalDoFilter(ApplicationFilterChain.java:164) ~[tomcat-embed-core-10.1.43.jar:10.1.43]
	at org.apache.catalina.core.ApplicationFilterChain.doFilter(ApplicationFilterChain.java:140) ~[tomcat-embed-core-10.1.43.jar:10.1.43]
	at org.springframework.web.filter.RequestContextFilter.doFilterInternal(RequestContextFilter.java:100) ~[spring-web-6.2.9.jar:6.2.9]
	at org.springframework.web.filter.OncePerRequestFilter.doFilter(OncePerRequestFilter.java:116) ~[spring-web-6.2.9.jar:6.2.9]
	at org.apache.catalina.core.ApplicationFilterChain.internalDoFilter(ApplicationFilterChain.java:164) ~[tomcat-embed-core-10.1.43.jar:10.1.43]
	at org.apache.catalina.core.ApplicationFilterChain.doFilter(ApplicationFilterChain.java:140) ~[tomcat-embed-core-10.1.43.jar:10.1.43]
	at org.springframework.web.filter.FormContentFilter.doFilterInternal(FormContentFilter.java:93) ~[spring-web-6.2.9.jar:6.2.9]
	at org.springframework.web.filter.OncePerRequestFilter.doFilter(OncePerRequestFilter.java:116) ~[spring-web-6.2.9.jar:6.2.9]
	at org.apache.catalina.core.ApplicationFilterChain.internalDoFilter(ApplicationFilterChain.java:164) ~[tomcat-embed-core-10.1.43.jar:10.1.43]
	at org.apache.catalina.core.ApplicationFilterChain.doFilter(ApplicationFilterChain.java:140) ~[tomcat-embed-core-10.1.43.jar:10.1.43]
	at org.springframework.web.filter.CharacterEncodingFilter.doFilterInternal(CharacterEncodingFilter.java:201) ~[spring-web-6.2.9.jar:6.2.9]
	at org.springframework.web.filter.OncePerRequestFilter.doFilter(OncePerRequestFilter.java:116) ~[spring-web-6.2.9.jar:6.2.9]
	at org.apache.catalina.core.ApplicationFilterChain.internalDoFilter(ApplicationFilterChain.java:164) ~[tomcat-embed-core-10.1.43.jar:10.1.43]
	at org.apache.catalina.core.ApplicationFilterChain.doFilter(ApplicationFilterChain.java:140) ~[tomcat-embed-core-10.1.43.jar:10.1.43]
	at org.springframework.web.filter.OncePerRequestFilter.doFilter(OncePerRequestFilter.java:101) ~[spring-web-6.2.9.jar:6.2.9]
	at org.apache.catalina.core.ApplicationFilterChain.internalDoFilter(ApplicationFilterChain.java:164) ~[tomcat-embed-core-10.1.43.jar:10.1.43]
	at org.apache.catalina.core.ApplicationFilterChain.doFilter(ApplicationFilterChain.java:140) ~[tomcat-embed-core-10.1.43.jar:10.1.43]
	at org.apache.catalina.core.StandardWrapperValve.invoke(StandardWrapperValve.java:167) [tomcat-embed-core-10.1.43.jar:10.1.43]
	at org.apache.catalina.core.StandardContextValve.invoke(StandardContextValve.java:90) [tomcat-embed-core-10.1.43.jar:10.1.43]
	at org.apache.catalina.authenticator.AuthenticatorBase.invoke(AuthenticatorBase.java:483) [tomcat-embed-core-10.1.43.jar:10.1.43]
	at org.apache.catalina.core.StandardHostValve.invoke(StandardHostValve.java:116) [tomcat-embed-core-10.1.43.jar:10.1.43]
	at org.apache.catalina.valves.ErrorReportValve.invoke(ErrorReportValve.java:93) [tomcat-embed-core-10.1.43.jar:10.1.43]
	at org.apache.catalina.core.StandardEngineValve.invoke(StandardEngineValve.java:74) [tomcat-embed-core-10.1.43.jar:10.1.43]
	at org.apache.catalina.connector.CoyoteAdapter.service(CoyoteAdapter.java:344) [tomcat-embed-core-10.1.43.jar:10.1.43]
	at org.apache.coyote.http11.Http11Processor.service(Http11Processor.java:398) [tomcat-embed-core-10.1.43.jar:10.1.43]
	at org.apache.coyote.AbstractProcessorLight.process(AbstractProcessorLight.java:63) [tomcat-embed-core-10.1.43.jar:10.1.43]
	at org.apache.coyote.AbstractProtocol$ConnectionHandler.process(AbstractProtocol.java:903) [tomcat-embed-core-10.1.43.jar:10.1.43]
	at org.apache.tomcat.util.net.NioEndpoint$SocketProcessor.doRun(NioEndpoint.java:1769) [tomcat-embed-core-10.1.43.jar:10.1.43]
	at org.apache.tomcat.util.net.SocketProcessorBase.run(SocketProcessorBase.java:52) [tomcat-embed-core-10.1.43.jar:10.1.43]
	at org.apache.tomcat.util.threads.ThreadPoolExecutor.runWorker(ThreadPoolExecutor.java:1189) [tomcat-embed-core-10.1.43.jar:10.1.43]
	at org.apache.tomcat.util.threads.ThreadPoolExecutor$Worker.run(ThreadPoolExecutor.java:658) [tomcat-embed-core-10.1.43.jar:10.1.43]
	at org.apache.tomcat.util.threads.TaskThread$WrappingRunnable.run(TaskThread.java:63) [tomcat-embed-core-10.1.43.jar:10.1.43]
	at java.base/java.lang.Thread.run(Thread.java:1516) [?:?]
2026-10-06 08:42:05 DEBUG [http-nio-0.0.0.0-8080-exec-4] FilterChainProxy - Securing POST /error
2026-10-06 08:42:05 DEBUG [http-nio-0.0.0.0-8080-exec-4] FilterChainProxy - Secured POST /error
2026-10-06 08:42:05 DEBUG [http-nio-0.0.0.0-8080-exec-4] AnonymousAuthenticationFilter - Set SecurityContextHolder to anonymous SecurityContext
2026-10-06 08:42:09 DEBUG [http-nio-0.0.0.0-8080-exec-6] FilterChainProxy - Securing OPTIONS /api/notifications/mine?limit=12
2026-10-06 08:42:09 DEBUG [http-nio-0.0.0.0-8080-exec-3] FilterChainProxy - Securing OPTIONS /api/notifications/mine/unread-count
2026-10-06 08:42:09 DEBUG [http-nio-0.0.0.0-8080-exec-9] FilterChainProxy - Securing GET /api/notifications/mine?limit=12
2026-10-06 08:42:09 DEBUG [http-nio-0.0.0.0-8080-exec-14] FilterChainProxy - Securing GET /api/notifications/mine/unread-count
2026-10-06 08:42:09 INFO  [http-nio-0.0.0.0-8080-exec-9] JwtAuthenticationFilter - JWT AUTHENTICATION SUCCESS
2026-10-06 08:42:09 INFO  [http-nio-0.0.0.0-8080-exec-14] JwtAuthenticationFilter - JWT AUTHENTICATION SUCCESS
2026-10-06 08:42:09 DEBUG [http-nio-0.0.0.0-8080-exec-9] FilterChainProxy - Secured GET /api/notifications/mine?limit=12
2026-10-06 08:42:09 DEBUG [http-nio-0.0.0.0-8080-exec-14] FilterChainProxy - Secured GET /api/notifications/mine/unread-count
2026-10-06 08:42:13 DEBUG [http-nio-0.0.0.0-8080-exec-11] FilterChainProxy - Securing OPTIONS /api/activity-sessions/heartbeat
2026-10-06 08:42:13 DEBUG [http-nio-0.0.0.0-8080-exec-12] FilterChainProxy - Securing POST /api/activity-sessions/heartbeat
2026-10-06 08:42:13 INFO  [http-nio-0.0.0.0-8080-exec-12] JwtAuthenticationFilter - JWT AUTHENTICATION SUCCESS
2026-10-06 08:42:13 DEBUG [http-nio-0.0.0.0-8080-exec-12] FilterChainProxy - Secured POST /api/activity-sessions/heartbeat
2026-10-06 08:42:31 DEBUG [http-nio-0.0.0.0-8080-exec-9] FilterChainProxy - Securing OPTIONS /api/users/student
2026-10-06 08:42:31 DEBUG [http-nio-0.0.0.0-8080-exec-11] FilterChainProxy - Securing POST /api/users/student
2026-10-06 08:42:31 INFO  [http-nio-0.0.0.0-8080-exec-11] JwtAuthenticationFilter - JWT AUTHENTICATION SUCCESS
2026-10-06 08:42:31 DEBUG [http-nio-0.0.0.0-8080-exec-11] FilterChainProxy - Secured POST /api/users/student
2026-10-06 08:42:32 DEBUG [http-nio-0.0.0.0-8080-exec-12] FilterChainProxy - Securing OPTIONS /api/users/students_Guest
2026-10-06 08:42:32 DEBUG [http-nio-0.0.0.0-8080-exec-13] FilterChainProxy - Securing GET /api/users/students_Guest
2026-10-06 08:42:32 INFO  [http-nio-0.0.0.0-8080-exec-13] JwtAuthenticationFilter - JWT AUTHENTICATION SUCCESS
2026-10-06 08:42:32 DEBUG [http-nio-0.0.0.0-8080-exec-13] FilterChainProxy - Secured GET /api/users/students_Guest
2026-10-06 08:42:38 DEBUG [http-nio-0.0.0.0-8080-exec-8] FilterChainProxy - Securing OPTIONS /api/activity-sessions/close
2026-10-06 08:42:38 DEBUG [http-nio-0.0.0.0-8080-exec-6] FilterChainProxy - Securing POST /api/activity-sessions/close
2026-10-06 08:42:38 INFO  [http-nio-0.0.0.0-8080-exec-6] JwtAuthenticationFilter - JWT AUTHENTICATION SUCCESS
2026-10-06 08:42:38 DEBUG [http-nio-0.0.0.0-8080-exec-6] FilterChainProxy - Secured POST /api/activity-sessions/close
2026-10-06 08:42:50 DEBUG [http-nio-0.0.0.0-8080-exec-14] FilterChainProxy - Securing OPTIONS /api/auth/login
2026-10-06 08:42:50 DEBUG [http-nio-0.0.0.0-8080-exec-1] FilterChainProxy - Securing POST /api/auth/login
2026-10-06 08:42:50 DEBUG [http-nio-0.0.0.0-8080-exec-1] AnonymousAuthenticationFilter - Set SecurityContextHolder to anonymous SecurityContext
2026-10-06 08:42:50 DEBUG [http-nio-0.0.0.0-8080-exec-1] SessionManagementFilter - Request requested invalid session id 37EDBE8F414E9DF93280F245EF022CF5
2026-10-06 08:42:50 DEBUG [http-nio-0.0.0.0-8080-exec-1] FilterChainProxy - Secured POST /api/auth/login
2026-10-06 08:42:50 DEBUG [http-nio-0.0.0.0-8080-exec-1] DaoAuthenticationProvider - Authenticated user
2026-10-06 08:42:51 DEBUG [http-nio-0.0.0.0-8080-exec-4] FilterChainProxy - Securing OPTIONS /api/notifications/mine?limit=12
2026-10-06 08:42:51 DEBUG [http-nio-0.0.0.0-8080-exec-3] FilterChainProxy - Securing OPTIONS /api/notifications/mine/unread-count
2026-10-06 08:42:51 DEBUG [http-nio-0.0.0.0-8080-exec-9] FilterChainProxy - Securing OPTIONS /api/course
2026-10-06 08:42:51 DEBUG [http-nio-0.0.0.0-8080-exec-12] FilterChainProxy - Securing OPTIONS /api/chapter
2026-10-06 08:42:51 DEBUG [http-nio-0.0.0.0-8080-exec-14] FilterChainProxy - Securing GET /api/notifications/mine/unread-count
2026-10-06 08:42:51 DEBUG [http-nio-0.0.0.0-8080-exec-9] FilterChainProxy - Securing OPTIONS /api/questions
2026-10-06 08:42:51 DEBUG [http-nio-0.0.0.0-8080-exec-13] FilterChainProxy - Securing OPTIONS /api/exams
2026-10-06 08:42:51 DEBUG [http-nio-0.0.0.0-8080-exec-6] FilterChainProxy - Securing OPTIONS /api/topics
2026-10-06 08:42:51 DEBUG [http-nio-0.0.0.0-8080-exec-11] FilterChainProxy - Securing OPTIONS /api/subjects
2026-10-06 08:42:51 DEBUG [http-nio-0.0.0.0-8080-exec-8] FilterChainProxy - Securing GET /api/notifications/mine?limit=12
2026-10-06 08:42:51 INFO  [http-nio-0.0.0.0-8080-exec-14] JwtAuthenticationFilter - JWT AUTHENTICATION SUCCESS
2026-10-06 08:42:51 DEBUG [http-nio-0.0.0.0-8080-exec-14] FilterChainProxy - Secured GET /api/notifications/mine/unread-count
2026-10-06 08:42:51 INFO  [http-nio-0.0.0.0-8080-exec-8] JwtAuthenticationFilter - JWT AUTHENTICATION SUCCESS
2026-10-06 08:42:51 DEBUG [http-nio-0.0.0.0-8080-exec-8] FilterChainProxy - Secured GET /api/notifications/mine?limit=12
2026-10-06 08:42:51 DEBUG [http-nio-0.0.0.0-8080-exec-4] FilterChainProxy - Securing OPTIONS /api/dashboard
2026-10-06 08:42:51 DEBUG [http-nio-0.0.0.0-8080-exec-3] FilterChainProxy - Securing OPTIONS /api/activity-sessions
2026-10-06 08:42:51 DEBUG [http-nio-0.0.0.0-8080-exec-13] FilterChainProxy - Securing OPTIONS /api/course
2026-10-06 08:42:51 DEBUG [http-nio-0.0.0.0-8080-exec-12] FilterChainProxy - Securing OPTIONS /api/notifications/mine/unread-count
2026-10-06 08:42:51 DEBUG [http-nio-0.0.0.0-8080-exec-6] FilterChainProxy - Securing OPTIONS /api/subjects
2026-10-06 08:42:51 DEBUG [http-nio-0.0.0.0-8080-exec-1] FilterChainProxy - Securing OPTIONS /api/notifications/mine?limit=12
2026-10-06 08:42:51 DEBUG [http-nio-0.0.0.0-8080-exec-9] FilterChainProxy - Securing GET /api/course
2026-10-06 08:42:51 DEBUG [http-nio-0.0.0.0-8080-exec-14] FilterChainProxy - Securing GET /api/topics
2026-10-06 08:42:51 DEBUG [http-nio-0.0.0.0-8080-exec-11] FilterChainProxy - Securing GET /api/chapter
2026-10-06 08:42:51 DEBUG [http-nio-0.0.0.0-8080-exec-8] FilterChainProxy - Securing GET /api/exams
2026-10-06 08:42:51 DEBUG [http-nio-0.0.0.0-8080-exec-13] FilterChainProxy - Securing GET /api/questions
2026-10-06 08:42:51 DEBUG [http-nio-0.0.0.0-8080-exec-1] FilterChainProxy - Securing OPTIONS /api/questions
2026-10-06 08:42:51 INFO  [http-nio-0.0.0.0-8080-exec-14] JwtAuthenticationFilter - JWT AUTHENTICATION SUCCESS
2026-10-06 08:42:51 DEBUG [http-nio-0.0.0.0-8080-exec-6] FilterChainProxy - Securing OPTIONS /api/chapter
2026-10-06 08:42:51 INFO  [http-nio-0.0.0.0-8080-exec-9] JwtAuthenticationFilter - JWT AUTHENTICATION SUCCESS
2026-10-06 08:42:51 DEBUG [http-nio-0.0.0.0-8080-exec-14] FilterChainProxy - Secured GET /api/topics
2026-10-06 08:42:51 DEBUG [http-nio-0.0.0.0-8080-exec-3] FilterChainProxy - Securing OPTIONS /api/exams
2026-10-06 08:42:51 DEBUG [http-nio-0.0.0.0-8080-exec-9] FilterChainProxy - Secured GET /api/course
2026-10-06 08:42:51 DEBUG [http-nio-0.0.0.0-8080-exec-12] FilterChainProxy - Securing GET /api/subjects
2026-10-06 08:42:51 DEBUG [http-nio-0.0.0.0-8080-exec-4] FilterChainProxy - Securing OPTIONS /api/topics
2026-10-06 08:42:51 INFO  [http-nio-0.0.0.0-8080-exec-9] CourseController - Received request to fetch all courses.
2026-10-06 08:42:51 INFO  [http-nio-0.0.0.0-8080-exec-9] CourseService - Fetching all courses.
2026-10-06 08:42:51 INFO  [http-nio-0.0.0.0-8080-exec-8] JwtAuthenticationFilter - JWT AUTHENTICATION SUCCESS
2026-10-06 08:42:51 INFO  [http-nio-0.0.0.0-8080-exec-13] JwtAuthenticationFilter - JWT AUTHENTICATION SUCCESS
2026-10-06 08:42:51 DEBUG [http-nio-0.0.0.0-8080-exec-13] FilterChainProxy - Secured GET /api/questions
2026-10-06 08:42:51 DEBUG [http-nio-0.0.0.0-8080-exec-8] FilterChainProxy - Secured GET /api/exams
2026-10-06 08:42:51 INFO  [http-nio-0.0.0.0-8080-exec-12] JwtAuthenticationFilter - JWT AUTHENTICATION SUCCESS
2026-10-06 08:42:51 DEBUG [http-nio-0.0.0.0-8080-exec-12] FilterChainProxy - Secured GET /api/subjects
2026-10-06 08:42:51 DEBUG [http-nio-0.0.0.0-8080-exec-3] FilterChainProxy - Securing GET /api/dashboard
2026-10-06 08:42:51 DEBUG [http-nio-0.0.0.0-8080-exec-4] FilterChainProxy - Securing GET /api/notifications/mine/unread-count
2026-10-06 08:42:51 INFO  [http-nio-0.0.0.0-8080-exec-3] JwtAuthenticationFilter - JWT AUTHENTICATION SUCCESS
2026-10-06 08:42:51 DEBUG [http-nio-0.0.0.0-8080-exec-3] FilterChainProxy - Secured GET /api/dashboard
2026-10-06 08:42:51 INFO  [http-nio-0.0.0.0-8080-exec-3] DashboardController - Received request to fetch dashboard details.
2026-10-06 08:42:51 INFO  [http-nio-0.0.0.0-8080-exec-3] DashboardService - Fetching dashboard details.
2026-10-06 08:42:51 INFO  [http-nio-0.0.0.0-8080-exec-4] JwtAuthenticationFilter - JWT AUTHENTICATION SUCCESS
2026-10-06 08:42:51 DEBUG [http-nio-0.0.0.0-8080-exec-4] FilterChainProxy - Secured GET /api/notifications/mine/unread-count
2026-10-06 08:42:51 DEBUG [http-nio-0.0.0.0-8080-exec-15] FilterChainProxy - Securing OPTIONS /api/dashboard
2026-10-06 08:42:51 DEBUG [http-nio-0.0.0.0-8080-exec-6] FilterChainProxy - Securing GET /api/notifications/mine?limit=12
2026-10-06 08:42:51 INFO  [http-nio-0.0.0.0-8080-exec-6] JwtAuthenticationFilter - JWT AUTHENTICATION SUCCESS
2026-10-06 08:42:51 DEBUG [http-nio-0.0.0.0-8080-exec-6] FilterChainProxy - Secured GET /api/notifications/mine?limit=12
2026-10-06 08:42:51 INFO  [http-nio-0.0.0.0-8080-exec-11] JwtAuthenticationFilter - JWT AUTHENTICATION SUCCESS
2026-10-06 08:42:51 DEBUG [http-nio-0.0.0.0-8080-exec-11] FilterChainProxy - Secured GET /api/chapter
2026-10-06 08:42:51 INFO  [http-nio-0.0.0.0-8080-exec-11] ChapterController - Received request to fetch all chapters.
2026-10-06 08:42:51 INFO  [http-nio-0.0.0.0-8080-exec-11] ChapterService - Fetching all chapters.
2026-10-06 08:42:51 INFO  [http-nio-0.0.0.0-8080-exec-3] DashboardService - Dashboard details fetched successfully.
2026-10-06 08:42:51 INFO  [http-nio-0.0.0.0-8080-exec-3] DashboardController - Dashboard details fetched successfully.
2026-10-06 08:42:51 INFO  [http-nio-0.0.0.0-8080-exec-9] CourseService - Fetched 1 courses.
2026-10-06 08:42:51 INFO  [http-nio-0.0.0.0-8080-exec-9] CourseController - Fetched 1 courses successfully.
2026-10-06 08:42:51 DEBUG [http-nio-0.0.0.0-8080-exec-1] FilterChainProxy - Securing POST /api/activity-sessions
2026-10-06 08:42:51 DEBUG [http-nio-0.0.0.0-8080-exec-14] FilterChainProxy - Securing GET /api/topics
2026-10-06 08:42:51 INFO  [http-nio-0.0.0.0-8080-exec-11] ChapterService - Fetched 6 chapters.
2026-10-06 08:42:51 INFO  [http-nio-0.0.0.0-8080-exec-11] ChapterController - Fetched 6 chapters successfully.
2026-10-06 08:42:51 INFO  [http-nio-0.0.0.0-8080-exec-1] JwtAuthenticationFilter - JWT AUTHENTICATION SUCCESS
2026-10-06 08:42:51 DEBUG [http-nio-0.0.0.0-8080-exec-1] FilterChainProxy - Secured POST /api/activity-sessions
2026-10-06 08:42:51 INFO  [http-nio-0.0.0.0-8080-exec-14] JwtAuthenticationFilter - JWT AUTHENTICATION SUCCESS
2026-10-06 08:42:51 DEBUG [http-nio-0.0.0.0-8080-exec-14] FilterChainProxy - Secured GET /api/topics
2026-10-06 08:42:51 DEBUG [http-nio-0.0.0.0-8080-exec-4] FilterChainProxy - Securing GET /api/dashboard
2026-10-06 08:42:51 DEBUG [http-nio-0.0.0.0-8080-exec-12] FilterChainProxy - Securing GET /api/subjects
2026-10-06 08:42:51 INFO  [http-nio-0.0.0.0-8080-exec-4] JwtAuthenticationFilter - JWT AUTHENTICATION SUCCESS
2026-10-06 08:42:51 DEBUG [http-nio-0.0.0.0-8080-exec-4] FilterChainProxy - Secured GET /api/dashboard
2026-10-06 08:42:51 INFO  [http-nio-0.0.0.0-8080-exec-4] DashboardController - Received request to fetch dashboard details.
2026-10-06 08:42:51 INFO  [http-nio-0.0.0.0-8080-exec-4] DashboardService - Fetching dashboard details.
2026-10-06 08:42:51 INFO  [http-nio-0.0.0.0-8080-exec-12] JwtAuthenticationFilter - JWT AUTHENTICATION SUCCESS
2026-10-06 08:42:51 DEBUG [http-nio-0.0.0.0-8080-exec-12] FilterChainProxy - Secured GET /api/subjects
2026-10-06 08:42:51 DEBUG [http-nio-0.0.0.0-8080-exec-15] FilterChainProxy - Securing GET /api/course
2026-10-06 08:42:51 DEBUG [http-nio-0.0.0.0-8080-exec-3] FilterChainProxy - Securing GET /api/chapter
2026-10-06 08:42:51 INFO  [http-nio-0.0.0.0-8080-exec-15] JwtAuthenticationFilter - JWT AUTHENTICATION SUCCESS
2026-10-06 08:42:51 DEBUG [http-nio-0.0.0.0-8080-exec-15] FilterChainProxy - Secured GET /api/course
2026-10-06 08:42:51 INFO  [http-nio-0.0.0.0-8080-exec-15] CourseController - Received request to fetch all courses.
2026-10-06 08:42:51 INFO  [http-nio-0.0.0.0-8080-exec-15] CourseService - Fetching all courses.
2026-10-06 08:42:51 INFO  [http-nio-0.0.0.0-8080-exec-3] JwtAuthenticationFilter - JWT AUTHENTICATION SUCCESS
2026-10-06 08:42:51 DEBUG [http-nio-0.0.0.0-8080-exec-3] FilterChainProxy - Secured GET /api/chapter
2026-10-06 08:42:51 INFO  [http-nio-0.0.0.0-8080-exec-3] ChapterController - Received request to fetch all chapters.
2026-10-06 08:42:51 INFO  [http-nio-0.0.0.0-8080-exec-3] ChapterService - Fetching all chapters.
2026-10-06 08:42:51 INFO  [http-nio-0.0.0.0-8080-exec-4] DashboardService - Dashboard details fetched successfully.
2026-10-06 08:42:51 INFO  [http-nio-0.0.0.0-8080-exec-4] DashboardController - Dashboard details fetched successfully.
2026-10-06 08:42:51 DEBUG [http-nio-0.0.0.0-8080-exec-9] FilterChainProxy - Securing GET /api/exams
2026-10-06 08:42:51 INFO  [http-nio-0.0.0.0-8080-exec-15] CourseService - Fetched 1 courses.
2026-10-06 08:42:51 INFO  [http-nio-0.0.0.0-8080-exec-15] CourseController - Fetched 1 courses successfully.
2026-10-06 08:42:51 INFO  [http-nio-0.0.0.0-8080-exec-3] ChapterService - Fetched 6 chapters.
2026-10-06 08:42:51 INFO  [http-nio-0.0.0.0-8080-exec-3] ChapterController - Fetched 6 chapters successfully.
2026-10-06 08:42:51 INFO  [http-nio-0.0.0.0-8080-exec-9] JwtAuthenticationFilter - JWT AUTHENTICATION SUCCESS
2026-10-06 08:42:51 DEBUG [http-nio-0.0.0.0-8080-exec-9] FilterChainProxy - Secured GET /api/exams
2026-10-06 08:42:51 DEBUG [http-nio-0.0.0.0-8080-exec-11] FilterChainProxy - Securing GET /api/questions
2026-10-06 08:42:51 INFO  [http-nio-0.0.0.0-8080-exec-11] JwtAuthenticationFilter - JWT AUTHENTICATION SUCCESS
2026-10-06 08:42:51 DEBUG [http-nio-0.0.0.0-8080-exec-11] FilterChainProxy - Secured GET /api/questions
2026-10-06 08:42:54 DEBUG [http-nio-0.0.0.0-8080-exec-6] FilterChainProxy - Securing OPTIONS /api/performance/student
2026-10-06 08:42:54 DEBUG [http-nio-0.0.0.0-8080-exec-1] FilterChainProxy - Securing OPTIONS /api/performance/student
2026-10-06 08:42:54 DEBUG [http-nio-0.0.0.0-8080-exec-14] FilterChainProxy - Securing OPTIONS /api/activity-sessions/resume
2026-10-06 08:42:54 DEBUG [http-nio-0.0.0.0-8080-exec-8] FilterChainProxy - Securing GET /api/performance/student
2026-10-06 08:42:54 DEBUG [http-nio-0.0.0.0-8080-exec-12] FilterChainProxy - Securing POST /api/activity-sessions/resume
2026-10-06 08:42:54 INFO  [http-nio-0.0.0.0-8080-exec-8] JwtAuthenticationFilter - JWT AUTHENTICATION SUCCESS
2026-10-06 08:42:54 DEBUG [http-nio-0.0.0.0-8080-exec-8] FilterChainProxy - Secured GET /api/performance/student
2026-10-06 08:42:54 INFO  [http-nio-0.0.0.0-8080-exec-12] JwtAuthenticationFilter - JWT AUTHENTICATION SUCCESS
2026-10-06 08:42:54 DEBUG [http-nio-0.0.0.0-8080-exec-12] FilterChainProxy - Secured POST /api/activity-sessions/resume
2026-10-06 08:42:54 DEBUG [http-nio-0.0.0.0-8080-exec-4] FilterChainProxy - Securing GET /api/performance/student
2026-10-06 08:42:54 INFO  [http-nio-0.0.0.0-8080-exec-4] JwtAuthenticationFilter - JWT AUTHENTICATION SUCCESS
2026-10-06 08:42:54 DEBUG [http-nio-0.0.0.0-8080-exec-4] FilterChainProxy - Secured GET /api/performance/student
2026-10-06 08:42:57 DEBUG [http-nio-0.0.0.0-8080-exec-3] FilterChainProxy - Securing OPTIONS /api/exams/results/me
2026-10-06 08:42:57 DEBUG [http-nio-0.0.0.0-8080-exec-15] FilterChainProxy - Securing OPTIONS /api/exams
2026-10-06 08:42:57 DEBUG [http-nio-0.0.0.0-8080-exec-9] FilterChainProxy - Securing POST /api/activity-sessions/resume
2026-10-06 08:42:57 DEBUG [http-nio-0.0.0.0-8080-exec-13] FilterChainProxy - Securing OPTIONS /api/exams
2026-10-06 08:42:57 DEBUG [http-nio-0.0.0.0-8080-exec-11] FilterChainProxy - Securing GET /api/exams/results/me
2026-10-06 08:42:57 DEBUG [http-nio-0.0.0.0-8080-exec-13] FilterChainProxy - Securing OPTIONS /api/exams/results/me
2026-10-06 08:42:57 DEBUG [http-nio-0.0.0.0-8080-exec-14] FilterChainProxy - Securing GET /api/exams
2026-10-06 08:42:57 INFO  [http-nio-0.0.0.0-8080-exec-9] JwtAuthenticationFilter - JWT AUTHENTICATION SUCCESS
2026-10-06 08:42:57 DEBUG [http-nio-0.0.0.0-8080-exec-9] FilterChainProxy - Secured POST /api/activity-sessions/resume
2026-10-06 08:42:57 INFO  [http-nio-0.0.0.0-8080-exec-11] JwtAuthenticationFilter - JWT AUTHENTICATION SUCCESS
2026-10-06 08:42:57 DEBUG [http-nio-0.0.0.0-8080-exec-11] FilterChainProxy - Secured GET /api/exams/results/me
2026-10-06 08:42:57 INFO  [http-nio-0.0.0.0-8080-exec-14] JwtAuthenticationFilter - JWT AUTHENTICATION SUCCESS
2026-10-06 08:42:57 DEBUG [http-nio-0.0.0.0-8080-exec-14] FilterChainProxy - Secured GET /api/exams
2026-10-06 08:42:57 DEBUG [http-nio-0.0.0.0-8080-exec-6] FilterChainProxy - Securing GET /api/exams/results/me
2026-10-06 08:42:57 DEBUG [http-nio-0.0.0.0-8080-exec-12] FilterChainProxy - Securing GET /api/exams
2026-10-06 08:42:57 INFO  [http-nio-0.0.0.0-8080-exec-6] JwtAuthenticationFilter - JWT AUTHENTICATION SUCCESS
2026-10-06 08:42:57 INFO  [http-nio-0.0.0.0-8080-exec-12] JwtAuthenticationFilter - JWT AUTHENTICATION SUCCESS
2026-10-06 08:42:57 DEBUG [http-nio-0.0.0.0-8080-exec-12] FilterChainProxy - Secured GET /api/exams
2026-10-06 08:42:57 DEBUG [http-nio-0.0.0.0-8080-exec-6] FilterChainProxy - Secured GET /api/exams/results/me
2026-10-06 08:42:58 DEBUG [http-nio-0.0.0.0-8080-exec-8] FilterChainProxy - Securing GET /api/exams
2026-10-06 08:42:58 DEBUG [http-nio-0.0.0.0-8080-exec-4] FilterChainProxy - Securing GET /api/exams/results/me
2026-10-06 08:42:58 DEBUG [http-nio-0.0.0.0-8080-exec-3] FilterChainProxy - Securing POST /api/activity-sessions/resume
2026-10-06 08:42:58 INFO  [http-nio-0.0.0.0-8080-exec-3] JwtAuthenticationFilter - JWT AUTHENTICATION SUCCESS
2026-10-06 08:42:58 INFO  [http-nio-0.0.0.0-8080-exec-4] JwtAuthenticationFilter - JWT AUTHENTICATION SUCCESS
2026-10-06 08:42:58 INFO  [http-nio-0.0.0.0-8080-exec-8] JwtAuthenticationFilter - JWT AUTHENTICATION SUCCESS
2026-10-06 08:42:58 DEBUG [http-nio-0.0.0.0-8080-exec-4] FilterChainProxy - Secured GET /api/exams/results/me
2026-10-06 08:42:58 DEBUG [http-nio-0.0.0.0-8080-exec-8] FilterChainProxy - Secured GET /api/exams
2026-10-06 08:42:58 DEBUG [http-nio-0.0.0.0-8080-exec-3] FilterChainProxy - Secured POST /api/activity-sessions/resume
2026-10-06 08:42:58 DEBUG [http-nio-0.0.0.0-8080-exec-15] FilterChainProxy - Securing GET /api/exams/results/me
2026-10-06 08:42:58 INFO  [http-nio-0.0.0.0-8080-exec-15] JwtAuthenticationFilter - JWT AUTHENTICATION SUCCESS
2026-10-06 08:42:58 DEBUG [http-nio-0.0.0.0-8080-exec-15] FilterChainProxy - Secured GET /api/exams/results/me
2026-10-06 08:42:58 DEBUG [http-nio-0.0.0.0-8080-exec-1] FilterChainProxy - Securing GET /api/exams
2026-10-06 08:42:58 INFO  [http-nio-0.0.0.0-8080-exec-1] JwtAuthenticationFilter - JWT AUTHENTICATION SUCCESS
2026-10-06 08:42:58 DEBUG [http-nio-0.0.0.0-8080-exec-1] FilterChainProxy - Secured GET /api/exams
2026-10-06 08:42:59 DEBUG [http-nio-0.0.0.0-8080-exec-9] FilterChainProxy - Securing OPTIONS /api/exams/8/questions
2026-10-06 08:42:59 DEBUG [http-nio-0.0.0.0-8080-exec-13] FilterChainProxy - Securing OPTIONS /api/exams/8/questions
2026-10-06 08:42:59 DEBUG [http-nio-0.0.0.0-8080-exec-11] FilterChainProxy - Securing GET /api/exams/8/questions
2026-10-06 08:42:59 INFO  [http-nio-0.0.0.0-8080-exec-11] JwtAuthenticationFilter - JWT AUTHENTICATION SUCCESS
2026-10-06 08:42:59 DEBUG [http-nio-0.0.0.0-8080-exec-11] FilterChainProxy - Secured GET /api/exams/8/questions
2026-10-06 08:42:59 DEBUG [http-nio-0.0.0.0-8080-exec-14] FilterChainProxy - Securing GET /api/exams/8/questions
2026-10-06 08:42:59 INFO  [http-nio-0.0.0.0-8080-exec-14] JwtAuthenticationFilter - JWT AUTHENTICATION SUCCESS
2026-10-06 08:42:59 DEBUG [http-nio-0.0.0.0-8080-exec-14] FilterChainProxy - Secured GET /api/exams/8/questions
2026-10-06 08:43:17 DEBUG [http-nio-0.0.0.0-8080-exec-3] FilterChainProxy - Securing OPTIONS /api/rule-engines/attribute/52
2026-10-06 08:43:17 DEBUG [http-nio-0.0.0.0-8080-exec-15] FilterChainProxy - Securing OPTIONS /api/rule-engines/attribute/53
2026-10-06 08:43:17 DEBUG [http-nio-0.0.0.0-8080-exec-4] FilterChainProxy - Securing OPTIONS /api/rule-engines/attribute/51
2026-10-06 08:43:17 DEBUG [http-nio-0.0.0.0-8080-exec-8] FilterChainProxy - Securing OPTIONS /api/rule-engines/attribute/54
2026-10-06 08:43:17 DEBUG [http-nio-0.0.0.0-8080-exec-6] FilterChainProxy - Securing OPTIONS /api/rule-engines/attribute/49
2026-10-06 08:43:17 DEBUG [http-nio-0.0.0.0-8080-exec-12] FilterChainProxy - Securing OPTIONS /api/rule-engines/attribute/50
2026-10-06 08:43:17 DEBUG [http-nio-0.0.0.0-8080-exec-1] FilterChainProxy - Securing GET /api/rule-engines/attribute/52
2026-10-06 08:43:17 DEBUG [http-nio-0.0.0.0-8080-exec-13] FilterChainProxy - Securing GET /api/rule-engines/attribute/50
2026-10-06 08:43:17 DEBUG [http-nio-0.0.0.0-8080-exec-11] FilterChainProxy - Securing OPTIONS /api/rule-engines/attribute/50
2026-10-06 08:43:17 DEBUG [http-nio-0.0.0.0-8080-exec-12] FilterChainProxy - Securing GET /api/rule-engines/attribute/49
2026-10-06 08:43:17 DEBUG [http-nio-0.0.0.0-8080-exec-8] FilterChainProxy - Securing GET /api/rule-engines/attribute/51
2026-10-06 08:43:17 DEBUG [http-nio-0.0.0.0-8080-exec-14] FilterChainProxy - Securing GET /api/rule-engines/attribute/54
2026-10-06 08:43:17 DEBUG [http-nio-0.0.0.0-8080-exec-9] FilterChainProxy - Securing OPTIONS /api/rule-engines/attribute/49
2026-10-06 08:43:17 DEBUG [http-nio-0.0.0.0-8080-exec-11] FilterChainProxy - Securing GET /api/rule-engines/attribute/53
2026-10-06 08:43:17 DEBUG [http-nio-0.0.0.0-8080-exec-3] FilterChainProxy - Securing OPTIONS /api/rule-engines/attribute/51
2026-10-06 08:43:17 DEBUG [http-nio-0.0.0.0-8080-exec-6] FilterChainProxy - Securing OPTIONS /api/rule-engines/attribute/53
2026-10-06 08:43:17 DEBUG [http-nio-0.0.0.0-8080-exec-4] FilterChainProxy - Securing OPTIONS /api/rule-engines/attribute/52
2026-10-06 08:43:17 INFO  [http-nio-0.0.0.0-8080-exec-1] JwtAuthenticationFilter - JWT AUTHENTICATION SUCCESS
2026-10-06 08:43:17 INFO  [http-nio-0.0.0.0-8080-exec-12] JwtAuthenticationFilter - JWT AUTHENTICATION SUCCESS
2026-10-06 08:43:17 DEBUG [http-nio-0.0.0.0-8080-exec-1] FilterChainProxy - Secured GET /api/rule-engines/attribute/52
2026-10-06 08:43:17 DEBUG [http-nio-0.0.0.0-8080-exec-12] FilterChainProxy - Secured GET /api/rule-engines/attribute/49
2026-10-06 08:43:17 INFO  [http-nio-0.0.0.0-8080-exec-11] JwtAuthenticationFilter - JWT AUTHENTICATION SUCCESS
2026-10-06 08:43:17 INFO  [http-nio-0.0.0.0-8080-exec-13] JwtAuthenticationFilter - JWT AUTHENTICATION SUCCESS
2026-10-06 08:43:17 DEBUG [http-nio-0.0.0.0-8080-exec-13] FilterChainProxy - Secured GET /api/rule-engines/attribute/50
2026-10-06 08:43:17 DEBUG [http-nio-0.0.0.0-8080-exec-11] FilterChainProxy - Secured GET /api/rule-engines/attribute/53
2026-10-06 08:43:17 INFO  [http-nio-0.0.0.0-8080-exec-14] JwtAuthenticationFilter - JWT AUTHENTICATION SUCCESS
2026-10-06 08:43:17 DEBUG [http-nio-0.0.0.0-8080-exec-14] FilterChainProxy - Secured GET /api/rule-engines/attribute/54
2026-10-06 08:43:17 INFO  [http-nio-0.0.0.0-8080-exec-8] JwtAuthenticationFilter - JWT AUTHENTICATION SUCCESS
2026-10-06 08:43:17 DEBUG [http-nio-0.0.0.0-8080-exec-8] FilterChainProxy - Secured GET /api/rule-engines/attribute/51
2026-10-06 08:43:17 DEBUG [http-nio-0.0.0.0-8080-exec-16] FilterChainProxy - Securing OPTIONS /api/rule-engines/attribute/54
2026-10-06 08:43:18 DEBUG [http-nio-0.0.0.0-8080-exec-9] FilterChainProxy - Securing GET /api/rule-engines/attribute/52
2026-10-06 08:43:18 DEBUG [http-nio-0.0.0.0-8080-exec-3] FilterChainProxy - Securing GET /api/rule-engines/attribute/53
2026-10-06 08:43:18 DEBUG [http-nio-0.0.0.0-8080-exec-15] FilterChainProxy - Securing GET /api/rule-engines/attribute/54
2026-10-06 08:43:18 INFO  [http-nio-0.0.0.0-8080-exec-15] JwtAuthenticationFilter - JWT AUTHENTICATION SUCCESS
2026-10-06 08:43:18 INFO  [http-nio-0.0.0.0-8080-exec-9] JwtAuthenticationFilter - JWT AUTHENTICATION SUCCESS
2026-10-06 08:43:18 DEBUG [http-nio-0.0.0.0-8080-exec-15] FilterChainProxy - Secured GET /api/rule-engines/attribute/54
2026-10-06 08:43:18 DEBUG [http-nio-0.0.0.0-8080-exec-9] FilterChainProxy - Secured GET /api/rule-engines/attribute/52
2026-10-06 08:43:18 INFO  [http-nio-0.0.0.0-8080-exec-3] JwtAuthenticationFilter - JWT AUTHENTICATION SUCCESS
2026-10-06 08:43:18 DEBUG [http-nio-0.0.0.0-8080-exec-3] FilterChainProxy - Secured GET /api/rule-engines/attribute/53
2026-10-06 08:43:18 DEBUG [http-nio-0.0.0.0-8080-exec-6] FilterChainProxy - Securing GET /api/rule-engines/attribute/49
2026-10-06 08:43:18 INFO  [http-nio-0.0.0.0-8080-exec-6] JwtAuthenticationFilter - JWT AUTHENTICATION SUCCESS
2026-10-06 08:43:18 DEBUG [http-nio-0.0.0.0-8080-exec-6] FilterChainProxy - Secured GET /api/rule-engines/attribute/49
2026-10-06 08:43:18 DEBUG [http-nio-0.0.0.0-8080-exec-16] FilterChainProxy - Securing GET /api/rule-engines/attribute/50
2026-10-06 08:43:18 DEBUG [http-nio-0.0.0.0-8080-exec-4] FilterChainProxy - Securing GET /api/rule-engines/attribute/51
2026-10-06 08:43:18 INFO  [http-nio-0.0.0.0-8080-exec-16] JwtAuthenticationFilter - JWT AUTHENTICATION SUCCESS
2026-10-06 08:43:18 INFO  [http-nio-0.0.0.0-8080-exec-4] JwtAuthenticationFilter - JWT AUTHENTICATION SUCCESS
2026-10-06 08:43:18 DEBUG [http-nio-0.0.0.0-8080-exec-4] FilterChainProxy - Secured GET /api/rule-engines/attribute/51
2026-10-06 08:43:18 DEBUG [http-nio-0.0.0.0-8080-exec-16] FilterChainProxy - Secured GET /api/rule-engines/attribute/50
2026-10-06 08:43:31 DEBUG [http-nio-0.0.0.0-8080-exec-1] FilterChainProxy - Securing OPTIONS /api/exams/8/submit
2026-10-06 08:43:31 DEBUG [http-nio-0.0.0.0-8080-exec-14] FilterChainProxy - Securing POST /api/exams/8/submit
2026-10-06 08:43:31 INFO  [http-nio-0.0.0.0-8080-exec-14] JwtAuthenticationFilter - JWT AUTHENTICATION SUCCESS
2026-10-06 08:43:31 DEBUG [http-nio-0.0.0.0-8080-exec-14] FilterChainProxy - Secured POST /api/exams/8/submit
2026-10-06 08:43:35 DEBUG [http-nio-0.0.0.0-8080-exec-11] FilterChainProxy - Securing OPTIONS /api/notifications/mine?limit=12
2026-10-06 08:43:35 DEBUG [http-nio-0.0.0.0-8080-exec-15] FilterChainProxy - Securing OPTIONS /api/chapter
2026-10-06 08:43:35 DEBUG [http-nio-0.0.0.0-8080-exec-9] FilterChainProxy - Securing OPTIONS /api/course
2026-10-06 08:43:35 DEBUG [http-nio-0.0.0.0-8080-exec-8] FilterChainProxy - Securing OPTIONS /api/subjects
2026-10-06 08:43:35 DEBUG [http-nio-0.0.0.0-8080-exec-12] FilterChainProxy - Securing OPTIONS /api/notifications/mine/unread-count
2026-10-06 08:43:35 DEBUG [http-nio-0.0.0.0-8080-exec-3] FilterChainProxy - Securing OPTIONS /api/topics
2026-10-06 08:43:35 DEBUG [http-nio-0.0.0.0-8080-exec-16] FilterChainProxy - Securing OPTIONS /api/exams
2026-10-06 08:43:35 DEBUG [http-nio-0.0.0.0-8080-exec-6] FilterChainProxy - Securing OPTIONS /api/questions
2026-10-06 08:43:35 DEBUG [http-nio-0.0.0.0-8080-exec-4] FilterChainProxy - Securing GET /api/chapter
2026-10-06 08:43:35 DEBUG [http-nio-0.0.0.0-8080-exec-1] FilterChainProxy - Securing GET /api/course
2026-10-06 08:43:35 DEBUG [http-nio-0.0.0.0-8080-exec-14] FilterChainProxy - Securing OPTIONS /api/exams/results/me
2026-10-06 08:43:35 DEBUG [http-nio-0.0.0.0-8080-exec-6] FilterChainProxy - Securing GET /api/subjects
2026-10-06 08:43:35 DEBUG [http-nio-0.0.0.0-8080-exec-16] FilterChainProxy - Securing OPTIONS /api/activity-sessions/resume
2026-10-06 08:43:35 DEBUG [http-nio-0.0.0.0-8080-exec-14] FilterChainProxy - Securing GET /api/notifications/mine/unread-count
2026-10-06 08:43:35 DEBUG [http-nio-0.0.0.0-8080-exec-13] FilterChainProxy - Securing GET /api/notifications/mine?limit=12
2026-10-06 08:43:35 DEBUG [http-nio-0.0.0.0-8080-exec-16] FilterChainProxy - Securing OPTIONS /api/notifications/mine?limit=12
2026-10-06 08:43:35 DEBUG [http-nio-0.0.0.0-8080-exec-11] FilterChainProxy - Securing GET /api/topics
2026-10-06 08:43:35 INFO  [http-nio-0.0.0.0-8080-exec-1] JwtAuthenticationFilter - JWT AUTHENTICATION SUCCESS
2026-10-06 08:43:35 INFO  [http-nio-0.0.0.0-8080-exec-4] JwtAuthenticationFilter - JWT AUTHENTICATION SUCCESS
2026-10-06 08:43:35 DEBUG [http-nio-0.0.0.0-8080-exec-1] FilterChainProxy - Secured GET /api/course
2026-10-06 08:43:35 DEBUG [http-nio-0.0.0.0-8080-exec-4] FilterChainProxy - Secured GET /api/chapter
2026-10-06 08:43:35 INFO  [http-nio-0.0.0.0-8080-exec-4] ChapterController - Received request to fetch all chapters.
2026-10-06 08:43:35 INFO  [http-nio-0.0.0.0-8080-exec-1] CourseController - Received request to fetch all courses.
2026-10-06 08:43:35 INFO  [http-nio-0.0.0.0-8080-exec-4] ChapterService - Fetching all chapters.
2026-10-06 08:43:35 INFO  [http-nio-0.0.0.0-8080-exec-1] CourseService - Fetching all courses.
2026-10-06 08:43:35 DEBUG [http-nio-0.0.0.0-8080-exec-3] FilterChainProxy - Securing OPTIONS /api/notifications/mine/unread-count
2026-10-06 08:43:35 INFO  [http-nio-0.0.0.0-8080-exec-6] JwtAuthenticationFilter - JWT AUTHENTICATION SUCCESS
2026-10-06 08:43:35 DEBUG [http-nio-0.0.0.0-8080-exec-6] FilterChainProxy - Secured GET /api/subjects
2026-10-06 08:43:35 INFO  [http-nio-0.0.0.0-8080-exec-13] JwtAuthenticationFilter - JWT AUTHENTICATION SUCCESS
2026-10-06 08:43:35 INFO  [http-nio-0.0.0.0-8080-exec-14] JwtAuthenticationFilter - JWT AUTHENTICATION SUCCESS
2026-10-06 08:43:35 DEBUG [http-nio-0.0.0.0-8080-exec-13] FilterChainProxy - Secured GET /api/notifications/mine?limit=12
2026-10-06 08:43:35 DEBUG [http-nio-0.0.0.0-8080-exec-14] FilterChainProxy - Secured GET /api/notifications/mine/unread-count
2026-10-06 08:43:35 INFO  [http-nio-0.0.0.0-8080-exec-11] JwtAuthenticationFilter - JWT AUTHENTICATION SUCCESS
2026-10-06 08:43:35 DEBUG [http-nio-0.0.0.0-8080-exec-11] FilterChainProxy - Secured GET /api/topics
2026-10-06 08:43:35 INFO  [http-nio-0.0.0.0-8080-exec-1] CourseService - Fetched 1 courses.
2026-10-06 08:43:35 INFO  [http-nio-0.0.0.0-8080-exec-1] CourseController - Fetched 1 courses successfully.
2026-10-06 08:43:35 INFO  [http-nio-0.0.0.0-8080-exec-4] ChapterService - Fetched 6 chapters.
2026-10-06 08:43:35 INFO  [http-nio-0.0.0.0-8080-exec-4] ChapterController - Fetched 6 chapters successfully.
2026-10-06 08:43:35 DEBUG [http-nio-0.0.0.0-8080-exec-9] FilterChainProxy - Securing OPTIONS /api/chapter
2026-10-06 08:43:35 DEBUG [http-nio-0.0.0.0-8080-exec-15] FilterChainProxy - Securing OPTIONS /api/subjects
2026-10-06 08:43:35 DEBUG [http-nio-0.0.0.0-8080-exec-16] FilterChainProxy - Securing OPTIONS /api/course
2026-10-06 08:43:35 DEBUG [http-nio-0.0.0.0-8080-exec-8] FilterChainProxy - Securing OPTIONS /api/topics
2026-10-06 08:43:35 DEBUG [http-nio-0.0.0.0-8080-exec-12] FilterChainProxy - Securing OPTIONS /api/questions
2026-10-06 08:43:35 DEBUG [http-nio-0.0.0.0-8080-exec-3] FilterChainProxy - Securing OPTIONS /api/exams
2026-10-06 08:43:35 DEBUG [http-nio-0.0.0.0-8080-exec-14] FilterChainProxy - Securing GET /api/exams
2026-10-06 08:43:35 DEBUG [http-nio-0.0.0.0-8080-exec-13] FilterChainProxy - Securing GET /api/questions
2026-10-06 08:43:35 DEBUG [http-nio-0.0.0.0-8080-exec-6] FilterChainProxy - Securing OPTIONS /api/exams/results/me
2026-10-06 08:43:35 DEBUG [http-nio-0.0.0.0-8080-exec-1] FilterChainProxy - Securing GET /api/exams/results/me
2026-10-06 08:43:35 DEBUG [http-nio-0.0.0.0-8080-exec-4] FilterChainProxy - Securing POST /api/activity-sessions/resume
2026-10-06 08:43:35 INFO  [http-nio-0.0.0.0-8080-exec-13] JwtAuthenticationFilter - JWT AUTHENTICATION SUCCESS
2026-10-06 08:43:35 INFO  [http-nio-0.0.0.0-8080-exec-14] JwtAuthenticationFilter - JWT AUTHENTICATION SUCCESS
2026-10-06 08:43:35 DEBUG [http-nio-0.0.0.0-8080-exec-16] FilterChainProxy - Securing GET /api/notifications/mine/unread-count
2026-10-06 08:43:35 DEBUG [http-nio-0.0.0.0-8080-exec-11] FilterChainProxy - Securing GET /api/notifications/mine?limit=12
2026-10-06 08:43:35 DEBUG [http-nio-0.0.0.0-8080-exec-13] FilterChainProxy - Secured GET /api/questions
2026-10-06 08:43:35 DEBUG [http-nio-0.0.0.0-8080-exec-14] FilterChainProxy - Secured GET /api/exams
2026-10-06 08:43:35 INFO  [http-nio-0.0.0.0-8080-exec-1] JwtAuthenticationFilter - JWT AUTHENTICATION SUCCESS
2026-10-06 08:43:35 INFO  [http-nio-0.0.0.0-8080-exec-16] JwtAuthenticationFilter - JWT AUTHENTICATION SUCCESS
2026-10-06 08:43:35 INFO  [http-nio-0.0.0.0-8080-exec-11] JwtAuthenticationFilter - JWT AUTHENTICATION SUCCESS
2026-10-06 08:43:35 INFO  [http-nio-0.0.0.0-8080-exec-4] JwtAuthenticationFilter - JWT AUTHENTICATION SUCCESS
2026-10-06 08:43:35 DEBUG [http-nio-0.0.0.0-8080-exec-11] FilterChainProxy - Secured GET /api/notifications/mine?limit=12
2026-10-06 08:43:35 DEBUG [http-nio-0.0.0.0-8080-exec-1] FilterChainProxy - Secured GET /api/exams/results/me
2026-10-06 08:43:35 DEBUG [http-nio-0.0.0.0-8080-exec-4] FilterChainProxy - Secured POST /api/activity-sessions/resume
2026-10-06 08:43:35 DEBUG [http-nio-0.0.0.0-8080-exec-16] FilterChainProxy - Secured GET /api/notifications/mine/unread-count
2026-10-06 08:43:35 DEBUG [http-nio-0.0.0.0-8080-exec-9] FilterChainProxy - Securing GET /api/subjects
2026-10-06 08:43:35 DEBUG [http-nio-0.0.0.0-8080-exec-15] FilterChainProxy - Securing GET /api/course
2026-10-06 08:43:35 INFO  [http-nio-0.0.0.0-8080-exec-9] JwtAuthenticationFilter - JWT AUTHENTICATION SUCCESS
2026-10-06 08:43:35 DEBUG [http-nio-0.0.0.0-8080-exec-9] FilterChainProxy - Secured GET /api/subjects
2026-10-06 08:43:35 INFO  [http-nio-0.0.0.0-8080-exec-15] JwtAuthenticationFilter - JWT AUTHENTICATION SUCCESS
2026-10-06 08:43:35 DEBUG [http-nio-0.0.0.0-8080-exec-15] FilterChainProxy - Secured GET /api/course
2026-10-06 08:43:35 INFO  [http-nio-0.0.0.0-8080-exec-15] CourseController - Received request to fetch all courses.
2026-10-06 08:43:35 INFO  [http-nio-0.0.0.0-8080-exec-15] CourseService - Fetching all courses.
2026-10-06 08:43:35 INFO  [http-nio-0.0.0.0-8080-exec-15] CourseService - Fetched 1 courses.
2026-10-06 08:43:35 INFO  [http-nio-0.0.0.0-8080-exec-15] CourseController - Fetched 1 courses successfully.
2026-10-06 08:43:35 DEBUG [http-nio-0.0.0.0-8080-exec-3] FilterChainProxy - Securing GET /api/exams/results/me
2026-10-06 08:43:35 DEBUG [http-nio-0.0.0.0-8080-exec-12] FilterChainProxy - Securing GET /api/topics
2026-10-06 08:43:35 DEBUG [http-nio-0.0.0.0-8080-exec-8] FilterChainProxy - Securing GET /api/chapter
2026-10-06 08:43:35 INFO  [http-nio-0.0.0.0-8080-exec-3] JwtAuthenticationFilter - JWT AUTHENTICATION SUCCESS
2026-10-06 08:43:35 INFO  [http-nio-0.0.0.0-8080-exec-12] JwtAuthenticationFilter - JWT AUTHENTICATION SUCCESS
2026-10-06 08:43:35 DEBUG [http-nio-0.0.0.0-8080-exec-12] FilterChainProxy - Secured GET /api/topics
2026-10-06 08:43:35 DEBUG [http-nio-0.0.0.0-8080-exec-3] FilterChainProxy - Secured GET /api/exams/results/me
2026-10-06 08:43:35 INFO  [http-nio-0.0.0.0-8080-exec-8] JwtAuthenticationFilter - JWT AUTHENTICATION SUCCESS
2026-10-06 08:43:35 DEBUG [http-nio-0.0.0.0-8080-exec-8] FilterChainProxy - Secured GET /api/chapter
2026-10-06 08:43:35 DEBUG [http-nio-0.0.0.0-8080-exec-6] FilterChainProxy - Securing GET /api/exams
2026-10-06 08:43:35 INFO  [http-nio-0.0.0.0-8080-exec-8] ChapterController - Received request to fetch all chapters.
2026-10-06 08:43:35 INFO  [http-nio-0.0.0.0-8080-exec-8] ChapterService - Fetching all chapters.
2026-10-06 08:43:35 INFO  [http-nio-0.0.0.0-8080-exec-6] JwtAuthenticationFilter - JWT AUTHENTICATION SUCCESS
2026-10-06 08:43:35 INFO  [http-nio-0.0.0.0-8080-exec-8] ChapterService - Fetched 6 chapters.
2026-10-06 08:43:35 INFO  [http-nio-0.0.0.0-8080-exec-8] ChapterController - Fetched 6 chapters successfully.
2026-10-06 08:43:35 DEBUG [http-nio-0.0.0.0-8080-exec-6] FilterChainProxy - Secured GET /api/exams
2026-10-06 08:43:35 DEBUG [http-nio-0.0.0.0-8080-exec-16] FilterChainProxy - Securing GET /api/questions
2026-10-06 08:43:35 INFO  [http-nio-0.0.0.0-8080-exec-16] JwtAuthenticationFilter - JWT AUTHENTICATION SUCCESS
2026-10-06 08:43:35 DEBUG [http-nio-0.0.0.0-8080-exec-16] FilterChainProxy - Secured GET /api/questions
2026-10-06 08:43:39 DEBUG [http-nio-0.0.0.0-8080-exec-11] FilterChainProxy - Securing OPTIONS /api/activity-sessions/close
2026-10-06 08:43:40 DEBUG [http-nio-0.0.0.0-8080-exec-1] FilterChainProxy - Securing POST /api/activity-sessions/close
2026-10-06 08:43:40 INFO  [http-nio-0.0.0.0-8080-exec-1] JwtAuthenticationFilter - JWT AUTHENTICATION SUCCESS
2026-10-06 08:43:40 DEBUG [http-nio-0.0.0.0-8080-exec-1] FilterChainProxy - Secured POST /api/activity-sessions/close
2026-10-06 08:43:42 DEBUG [http-nio-0.0.0.0-8080-exec-4] FilterChainProxy - Securing OPTIONS /api/auth/login
2026-10-06 08:43:42 DEBUG [http-nio-0.0.0.0-8080-exec-14] FilterChainProxy - Securing POST /api/auth/login
2026-10-06 08:43:42 DEBUG [http-nio-0.0.0.0-8080-exec-14] AnonymousAuthenticationFilter - Set SecurityContextHolder to anonymous SecurityContext
2026-10-06 08:43:42 DEBUG [http-nio-0.0.0.0-8080-exec-14] SessionManagementFilter - Request requested invalid session id 37EDBE8F414E9DF93280F245EF022CF5
2026-10-06 08:43:42 DEBUG [http-nio-0.0.0.0-8080-exec-14] FilterChainProxy - Secured POST /api/auth/login
2026-10-06 08:43:43 DEBUG [http-nio-0.0.0.0-8080-exec-14] DaoAuthenticationProvider - Authenticated user
2026-10-06 08:43:43 DEBUG [http-nio-0.0.0.0-8080-exec-8] FilterChainProxy - Securing OPTIONS /api/course
2026-10-06 08:43:43 DEBUG [http-nio-0.0.0.0-8080-exec-12] FilterChainProxy - Securing OPTIONS /api/subjects
2026-10-06 08:43:43 DEBUG [http-nio-0.0.0.0-8080-exec-9] FilterChainProxy - Securing OPTIONS /api/notifications/mine/unread-count
2026-10-06 08:43:43 DEBUG [http-nio-0.0.0.0-8080-exec-3] FilterChainProxy - Securing OPTIONS /api/chapter
2026-10-06 08:43:43 DEBUG [http-nio-0.0.0.0-8080-exec-6] FilterChainProxy - Securing OPTIONS /api/topics
2026-10-06 08:43:43 DEBUG [http-nio-0.0.0.0-8080-exec-15] FilterChainProxy - Securing OPTIONS /api/notifications/mine?limit=12
2026-10-06 08:43:43 DEBUG [http-nio-0.0.0.0-8080-exec-13] FilterChainProxy - Securing GET /api/course
2026-10-06 08:43:43 DEBUG [http-nio-0.0.0.0-8080-exec-11] FilterChainProxy - Securing GET /api/subjects
2026-10-06 08:43:43 DEBUG [http-nio-0.0.0.0-8080-exec-4] FilterChainProxy - Securing GET /api/notifications/mine/unread-count
2026-10-06 08:43:43 DEBUG [http-nio-0.0.0.0-8080-exec-14] FilterChainProxy - Securing OPTIONS /api/branch
2026-10-06 08:43:43 DEBUG [http-nio-0.0.0.0-8080-exec-1] FilterChainProxy - Securing OPTIONS /api/college
2026-10-06 08:43:43 DEBUG [http-nio-0.0.0.0-8080-exec-16] FilterChainProxy - Securing OPTIONS /api/questions
2026-10-06 08:43:43 DEBUG [http-nio-0.0.0.0-8080-exec-9] FilterChainProxy - Securing GET /api/topics
2026-10-06 08:43:43 DEBUG [http-nio-0.0.0.0-8080-exec-14] FilterChainProxy - Securing OPTIONS /api/section
2026-10-06 08:43:43 DEBUG [http-nio-0.0.0.0-8080-exec-16] FilterChainProxy - Securing GET /api/notifications/mine?limit=12
2026-10-06 08:43:43 DEBUG [http-nio-0.0.0.0-8080-exec-14] FilterChainProxy - Securing OPTIONS /api/exams
2026-10-06 08:43:43 DEBUG [http-nio-0.0.0.0-8080-exec-8] FilterChainProxy - Securing GET /api/chapter
2026-10-06 08:43:43 INFO  [http-nio-0.0.0.0-8080-exec-13] JwtAuthenticationFilter - JWT AUTHENTICATION SUCCESS
2026-10-06 08:43:43 INFO  [http-nio-0.0.0.0-8080-exec-9] JwtAuthenticationFilter - JWT AUTHENTICATION SUCCESS
2026-10-06 08:43:43 INFO  [http-nio-0.0.0.0-8080-exec-8] JwtAuthenticationFilter - JWT AUTHENTICATION SUCCESS
2026-10-06 08:43:43 DEBUG [http-nio-0.0.0.0-8080-exec-9] FilterChainProxy - Secured GET /api/topics
2026-10-06 08:43:43 DEBUG [http-nio-0.0.0.0-8080-exec-8] FilterChainProxy - Secured GET /api/chapter
2026-10-06 08:43:43 DEBUG [http-nio-0.0.0.0-8080-exec-13] FilterChainProxy - Secured GET /api/course
2026-10-06 08:43:43 INFO  [http-nio-0.0.0.0-8080-exec-13] CourseController - Received request to fetch all courses.
2026-10-06 08:43:43 INFO  [http-nio-0.0.0.0-8080-exec-13] CourseService - Fetching all courses.
2026-10-06 08:43:43 INFO  [http-nio-0.0.0.0-8080-exec-8] ChapterController - Received request to fetch all chapters.
2026-10-06 08:43:43 INFO  [http-nio-0.0.0.0-8080-exec-8] ChapterService - Fetching all chapters.
2026-10-06 08:43:43 INFO  [http-nio-0.0.0.0-8080-exec-16] JwtAuthenticationFilter - JWT AUTHENTICATION SUCCESS
2026-10-06 08:43:43 DEBUG [http-nio-0.0.0.0-8080-exec-16] FilterChainProxy - Secured GET /api/notifications/mine?limit=12
2026-10-06 08:43:43 DEBUG [http-nio-0.0.0.0-8080-exec-12] FilterChainProxy - Securing OPTIONS /api/dashboard
2026-10-06 08:43:43 INFO  [http-nio-0.0.0.0-8080-exec-11] JwtAuthenticationFilter - JWT AUTHENTICATION SUCCESS
2026-10-06 08:43:43 DEBUG [http-nio-0.0.0.0-8080-exec-11] FilterChainProxy - Secured GET /api/subjects
2026-10-06 08:43:43 INFO  [http-nio-0.0.0.0-8080-exec-4] JwtAuthenticationFilter - JWT AUTHENTICATION SUCCESS
2026-10-06 08:43:43 DEBUG [http-nio-0.0.0.0-8080-exec-4] FilterChainProxy - Secured GET /api/notifications/mine/unread-count
2026-10-06 08:43:43 DEBUG [http-nio-0.0.0.0-8080-exec-3] FilterChainProxy - Securing OPTIONS /api/course
2026-10-06 08:43:43 DEBUG [http-nio-0.0.0.0-8080-exec-6] FilterChainProxy - Securing OPTIONS /api/activity-sessions
2026-10-06 08:43:43 DEBUG [http-nio-0.0.0.0-8080-exec-15] FilterChainProxy - Securing OPTIONS /api/notifications/mine/unread-count
2026-10-06 08:43:43 DEBUG [http-nio-0.0.0.0-8080-exec-14] FilterChainProxy - Securing OPTIONS /api/notifications/mine?limit=12
2026-10-06 08:43:43 DEBUG [http-nio-0.0.0.0-8080-exec-1] FilterChainProxy - Securing OPTIONS /api/subjects
2026-10-06 08:43:43 DEBUG [http-nio-0.0.0.0-8080-exec-1] FilterChainProxy - Securing OPTIONS /api/questions
2026-10-06 08:43:43 DEBUG [http-nio-0.0.0.0-8080-exec-6] FilterChainProxy - Securing OPTIONS /api/topics
2026-10-06 08:43:43 DEBUG [http-nio-0.0.0.0-8080-exec-14] FilterChainProxy - Securing OPTIONS /api/branch
2026-10-06 08:43:43 DEBUG [http-nio-0.0.0.0-8080-exec-15] FilterChainProxy - Securing OPTIONS /api/section
2026-10-06 08:43:43 DEBUG [http-nio-0.0.0.0-8080-exec-3] FilterChainProxy - Securing OPTIONS /api/college
2026-10-06 08:43:43 DEBUG [http-nio-0.0.0.0-8080-exec-1] FilterChainProxy - Securing OPTIONS /api/dashboard
2026-10-06 08:43:43 DEBUG [http-nio-0.0.0.0-8080-exec-9] FilterChainProxy - Securing OPTIONS /api/exams
2026-10-06 08:43:43 DEBUG [http-nio-0.0.0.0-8080-exec-6] FilterChainProxy - Securing GET /api/branch
2026-10-06 08:43:43 INFO  [http-nio-0.0.0.0-8080-exec-6] JwtAuthenticationFilter - JWT AUTHENTICATION SUCCESS
2026-10-06 08:43:43 DEBUG [http-nio-0.0.0.0-8080-exec-6] FilterChainProxy - Secured GET /api/branch
2026-10-06 08:43:43 INFO  [http-nio-0.0.0.0-8080-exec-6] BranchController - Received request to fetch all branches.
2026-10-06 08:43:43 INFO  [http-nio-0.0.0.0-8080-exec-6] BranchService - Fetching all branches.
2026-10-06 08:43:43 DEBUG [http-nio-0.0.0.0-8080-exec-12] FilterChainProxy - Securing OPTIONS /api/chapter
2026-10-06 08:43:43 INFO  [http-nio-0.0.0.0-8080-exec-13] CourseService - Fetched 1 courses.
2026-10-06 08:43:43 INFO  [http-nio-0.0.0.0-8080-exec-6] BranchService - Fetched 3 branches.
2026-10-06 08:43:43 INFO  [http-nio-0.0.0.0-8080-exec-13] CourseController - Fetched 1 courses successfully.
2026-10-06 08:43:43 INFO  [http-nio-0.0.0.0-8080-exec-6] BranchController - Fetched 3 branches successfully.
2026-10-06 08:43:43 INFO  [http-nio-0.0.0.0-8080-exec-8] ChapterService - Fetched 6 chapters.
2026-10-06 08:43:43 INFO  [http-nio-0.0.0.0-8080-exec-8] ChapterController - Fetched 6 chapters successfully.
2026-10-06 08:43:43 DEBUG [http-nio-0.0.0.0-8080-exec-1] FilterChainProxy - Securing GET /api/college
2026-10-06 08:43:43 DEBUG [http-nio-0.0.0.0-8080-exec-14] FilterChainProxy - Securing GET /api/section
2026-10-06 08:43:43 DEBUG [http-nio-0.0.0.0-8080-exec-15] FilterChainProxy - Securing GET /api/exams
2026-10-06 08:43:43 DEBUG [http-nio-0.0.0.0-8080-exec-12] FilterChainProxy - Securing POST /api/activity-sessions
2026-10-06 08:43:43 DEBUG [http-nio-0.0.0.0-8080-exec-9] FilterChainProxy - Securing GET /api/dashboard
2026-10-06 08:43:43 DEBUG [http-nio-0.0.0.0-8080-exec-3] FilterChainProxy - Securing GET /api/questions
2026-10-06 08:43:43 INFO  [http-nio-0.0.0.0-8080-exec-1] JwtAuthenticationFilter - JWT AUTHENTICATION SUCCESS
2026-10-06 08:43:43 INFO  [http-nio-0.0.0.0-8080-exec-3] JwtAuthenticationFilter - JWT AUTHENTICATION SUCCESS
2026-10-06 08:43:43 INFO  [http-nio-0.0.0.0-8080-exec-12] JwtAuthenticationFilter - JWT AUTHENTICATION SUCCESS
2026-10-06 08:43:43 INFO  [http-nio-0.0.0.0-8080-exec-9] JwtAuthenticationFilter - JWT AUTHENTICATION SUCCESS
2026-10-06 08:43:43 INFO  [http-nio-0.0.0.0-8080-exec-15] JwtAuthenticationFilter - JWT AUTHENTICATION SUCCESS
2026-10-06 08:43:43 DEBUG [http-nio-0.0.0.0-8080-exec-1] FilterChainProxy - Secured GET /api/college
2026-10-06 08:43:43 DEBUG [http-nio-0.0.0.0-8080-exec-9] FilterChainProxy - Secured GET /api/dashboard
2026-10-06 08:43:43 DEBUG [http-nio-0.0.0.0-8080-exec-3] FilterChainProxy - Secured GET /api/questions
2026-10-06 08:43:43 DEBUG [http-nio-0.0.0.0-8080-exec-15] FilterChainProxy - Secured GET /api/exams
2026-10-06 08:43:43 DEBUG [http-nio-0.0.0.0-8080-exec-12] FilterChainProxy - Secured POST /api/activity-sessions
2026-10-06 08:43:43 INFO  [http-nio-0.0.0.0-8080-exec-1] CollegeController - Received request to fetch all colleges.
2026-10-06 08:43:43 INFO  [http-nio-0.0.0.0-8080-exec-9] DashboardController - Received request to fetch dashboard details.
2026-10-06 08:43:43 INFO  [http-nio-0.0.0.0-8080-exec-9] DashboardService - Fetching dashboard details.
2026-10-06 08:43:43 INFO  [http-nio-0.0.0.0-8080-exec-14] JwtAuthenticationFilter - JWT AUTHENTICATION SUCCESS
2026-10-06 08:43:43 DEBUG [http-nio-0.0.0.0-8080-exec-14] FilterChainProxy - Secured GET /api/section
2026-10-06 08:43:43 INFO  [http-nio-0.0.0.0-8080-exec-14] SectionController - Received request to fetch all sections.
2026-10-06 08:43:43 INFO  [http-nio-0.0.0.0-8080-exec-14] SectionService - Fetching all sections.
2026-10-06 08:43:43 INFO  [http-nio-0.0.0.0-8080-exec-1] CollegeService - Fetching all colleges.
2026-10-06 08:43:43 INFO  [http-nio-0.0.0.0-8080-exec-1] CollegeService - Fetched 1 colleges.
2026-10-06 08:43:43 INFO  [http-nio-0.0.0.0-8080-exec-1] CollegeController - Fetched 1 colleges successfully.
2026-10-06 08:43:43 INFO  [http-nio-0.0.0.0-8080-exec-14] SectionService - Fetched 1 sections.
2026-10-06 08:43:43 INFO  [http-nio-0.0.0.0-8080-exec-14] SectionController - Fetched 1 sections successfully.
2026-10-06 08:43:43 INFO  [http-nio-0.0.0.0-8080-exec-9] DashboardService - Dashboard details fetched successfully.
2026-10-06 08:43:43 INFO  [http-nio-0.0.0.0-8080-exec-9] DashboardController - Dashboard details fetched successfully.
2026-10-06 08:43:43 DEBUG [http-nio-0.0.0.0-8080-exec-11] FilterChainProxy - Securing GET /api/topics
2026-10-06 08:43:43 DEBUG [http-nio-0.0.0.0-8080-exec-6] FilterChainProxy - Securing GET /api/subjects
2026-10-06 08:43:43 DEBUG [http-nio-0.0.0.0-8080-exec-8] FilterChainProxy - Securing GET /api/branch
2026-10-06 08:43:43 INFO  [http-nio-0.0.0.0-8080-exec-8] JwtAuthenticationFilter - JWT AUTHENTICATION SUCCESS
2026-10-06 08:43:43 INFO  [http-nio-0.0.0.0-8080-exec-11] JwtAuthenticationFilter - JWT AUTHENTICATION SUCCESS
2026-10-06 08:43:43 INFO  [http-nio-0.0.0.0-8080-exec-6] JwtAuthenticationFilter - JWT AUTHENTICATION SUCCESS
2026-10-06 08:43:43 DEBUG [http-nio-0.0.0.0-8080-exec-11] FilterChainProxy - Secured GET /api/topics
2026-10-06 08:43:43 DEBUG [http-nio-0.0.0.0-8080-exec-6] FilterChainProxy - Secured GET /api/subjects
2026-10-06 08:43:43 DEBUG [http-nio-0.0.0.0-8080-exec-8] FilterChainProxy - Secured GET /api/branch
2026-10-06 08:43:43 INFO  [http-nio-0.0.0.0-8080-exec-8] BranchController - Received request to fetch all branches.
2026-10-06 08:43:43 INFO  [http-nio-0.0.0.0-8080-exec-8] BranchService - Fetching all branches.
2026-10-06 08:43:43 INFO  [http-nio-0.0.0.0-8080-exec-8] BranchService - Fetched 3 branches.
2026-10-06 08:43:43 INFO  [http-nio-0.0.0.0-8080-exec-8] BranchController - Fetched 3 branches successfully.
2026-10-06 08:43:43 DEBUG [http-nio-0.0.0.0-8080-exec-4] FilterChainProxy - Securing GET /api/notifications/mine?limit=12
2026-10-06 08:43:43 DEBUG [http-nio-0.0.0.0-8080-exec-16] FilterChainProxy - Securing GET /api/chapter
2026-10-06 08:43:43 DEBUG [http-nio-0.0.0.0-8080-exec-13] FilterChainProxy - Securing GET /api/course
2026-10-06 08:43:43 DEBUG [http-nio-0.0.0.0-8080-exec-1] FilterChainProxy - Securing GET /api/notifications/mine/unread-count
2026-10-06 08:43:43 INFO  [http-nio-0.0.0.0-8080-exec-4] JwtAuthenticationFilter - JWT AUTHENTICATION SUCCESS
2026-10-06 08:43:43 INFO  [http-nio-0.0.0.0-8080-exec-1] JwtAuthenticationFilter - JWT AUTHENTICATION SUCCESS
2026-10-06 08:43:43 INFO  [http-nio-0.0.0.0-8080-exec-16] JwtAuthenticationFilter - JWT AUTHENTICATION SUCCESS
2026-10-06 08:43:43 INFO  [http-nio-0.0.0.0-8080-exec-13] JwtAuthenticationFilter - JWT AUTHENTICATION SUCCESS
2026-10-06 08:43:43 DEBUG [http-nio-0.0.0.0-8080-exec-16] FilterChainProxy - Secured GET /api/chapter
2026-10-06 08:43:43 DEBUG [http-nio-0.0.0.0-8080-exec-1] FilterChainProxy - Secured GET /api/notifications/mine/unread-count
2026-10-06 08:43:43 DEBUG [http-nio-0.0.0.0-8080-exec-13] FilterChainProxy - Secured GET /api/course
2026-10-06 08:43:43 INFO  [http-nio-0.0.0.0-8080-exec-16] ChapterController - Received request to fetch all chapters.
2026-10-06 08:43:43 INFO  [http-nio-0.0.0.0-8080-exec-13] CourseController - Received request to fetch all courses.
2026-10-06 08:43:43 INFO  [http-nio-0.0.0.0-8080-exec-16] ChapterService - Fetching all chapters.
2026-10-06 08:43:43 INFO  [http-nio-0.0.0.0-8080-exec-13] CourseService - Fetching all courses.
2026-10-06 08:43:43 DEBUG [http-nio-0.0.0.0-8080-exec-14] FilterChainProxy - Securing GET /api/college
2026-10-06 08:43:43 DEBUG [http-nio-0.0.0.0-8080-exec-4] FilterChainProxy - Secured GET /api/notifications/mine?limit=12
2026-10-06 08:43:43 INFO  [http-nio-0.0.0.0-8080-exec-13] CourseService - Fetched 1 courses.
2026-10-06 08:43:43 INFO  [http-nio-0.0.0.0-8080-exec-13] CourseController - Fetched 1 courses successfully.
2026-10-06 08:43:43 INFO  [http-nio-0.0.0.0-8080-exec-14] JwtAuthenticationFilter - JWT AUTHENTICATION SUCCESS
2026-10-06 08:43:43 DEBUG [http-nio-0.0.0.0-8080-exec-14] FilterChainProxy - Secured GET /api/college
2026-10-06 08:43:43 INFO  [http-nio-0.0.0.0-8080-exec-16] ChapterService - Fetched 6 chapters.
2026-10-06 08:43:43 INFO  [http-nio-0.0.0.0-8080-exec-16] ChapterController - Fetched 6 chapters successfully.
2026-10-06 08:43:43 INFO  [http-nio-0.0.0.0-8080-exec-14] CollegeController - Received request to fetch all colleges.
2026-10-06 08:43:43 INFO  [http-nio-0.0.0.0-8080-exec-14] CollegeService - Fetching all colleges.
2026-10-06 08:43:43 INFO  [http-nio-0.0.0.0-8080-exec-14] CollegeService - Fetched 1 colleges.
2026-10-06 08:43:43 INFO  [http-nio-0.0.0.0-8080-exec-14] CollegeController - Fetched 1 colleges successfully.
2026-10-06 08:43:43 DEBUG [http-nio-0.0.0.0-8080-exec-8] FilterChainProxy - Securing GET /api/exams
2026-10-06 08:43:43 DEBUG [http-nio-0.0.0.0-8080-exec-6] FilterChainProxy - Securing GET /api/dashboard
2026-10-06 08:43:43 DEBUG [http-nio-0.0.0.0-8080-exec-9] FilterChainProxy - Securing GET /api/section
2026-10-06 08:43:43 INFO  [http-nio-0.0.0.0-8080-exec-8] JwtAuthenticationFilter - JWT AUTHENTICATION SUCCESS
2026-10-06 08:43:43 INFO  [http-nio-0.0.0.0-8080-exec-6] JwtAuthenticationFilter - JWT AUTHENTICATION SUCCESS
2026-10-06 08:43:43 INFO  [http-nio-0.0.0.0-8080-exec-9] JwtAuthenticationFilter - JWT AUTHENTICATION SUCCESS
2026-10-06 08:43:43 DEBUG [http-nio-0.0.0.0-8080-exec-6] FilterChainProxy - Secured GET /api/dashboard
2026-10-06 08:43:43 DEBUG [http-nio-0.0.0.0-8080-exec-8] FilterChainProxy - Secured GET /api/exams
2026-10-06 08:43:43 DEBUG [http-nio-0.0.0.0-8080-exec-9] FilterChainProxy - Secured GET /api/section
2026-10-06 08:43:43 INFO  [http-nio-0.0.0.0-8080-exec-9] SectionController - Received request to fetch all sections.
2026-10-06 08:43:43 INFO  [http-nio-0.0.0.0-8080-exec-6] DashboardController - Received request to fetch dashboard details.
2026-10-06 08:43:43 INFO  [http-nio-0.0.0.0-8080-exec-9] SectionService - Fetching all sections.
2026-10-06 08:43:43 INFO  [http-nio-0.0.0.0-8080-exec-6] DashboardService - Fetching dashboard details.
2026-10-06 08:43:43 INFO  [http-nio-0.0.0.0-8080-exec-9] SectionService - Fetched 1 sections.
2026-10-06 08:43:43 INFO  [http-nio-0.0.0.0-8080-exec-9] SectionController - Fetched 1 sections successfully.
2026-10-06 08:43:43 INFO  [http-nio-0.0.0.0-8080-exec-6] DashboardService - Dashboard details fetched successfully.
2026-10-06 08:43:43 INFO  [http-nio-0.0.0.0-8080-exec-6] DashboardController - Dashboard details fetched successfully.
2026-10-06 08:43:43 DEBUG [http-nio-0.0.0.0-8080-exec-15] FilterChainProxy - Securing GET /api/questions
2026-10-06 08:43:43 INFO  [http-nio-0.0.0.0-8080-exec-15] JwtAuthenticationFilter - JWT AUTHENTICATION SUCCESS
2026-10-06 08:43:43 DEBUG [http-nio-0.0.0.0-8080-exec-15] FilterChainProxy - Secured GET /api/questions
2026-10-06 08:43:46 DEBUG [http-nio-0.0.0.0-8080-exec-11] FilterChainProxy - Securing GET /api/college
2026-10-06 08:43:46 DEBUG [http-nio-0.0.0.0-8080-exec-12] FilterChainProxy - Securing GET /api/branch
2026-10-06 08:43:46 DEBUG [http-nio-0.0.0.0-8080-exec-1] FilterChainProxy - Securing GET /api/course
2026-10-06 08:43:46 DEBUG [http-nio-0.0.0.0-8080-exec-4] FilterChainProxy - Securing GET /api/section
2026-10-06 08:43:46 DEBUG [http-nio-0.0.0.0-8080-exec-13] FilterChainProxy - Securing GET /api/exams
2026-10-06 08:43:46 INFO  [http-nio-0.0.0.0-8080-exec-11] JwtAuthenticationFilter - JWT AUTHENTICATION SUCCESS
2026-10-06 08:43:46 DEBUG [http-nio-0.0.0.0-8080-exec-11] FilterChainProxy - Secured GET /api/college
2026-10-06 08:43:46 INFO  [http-nio-0.0.0.0-8080-exec-12] JwtAuthenticationFilter - JWT AUTHENTICATION SUCCESS
2026-10-06 08:43:46 INFO  [http-nio-0.0.0.0-8080-exec-11] CollegeController - Received request to fetch all colleges.
2026-10-06 08:43:46 INFO  [http-nio-0.0.0.0-8080-exec-11] CollegeService - Fetching all colleges.
2026-10-06 08:43:46 INFO  [http-nio-0.0.0.0-8080-exec-4] JwtAuthenticationFilter - JWT AUTHENTICATION SUCCESS
2026-10-06 08:43:46 DEBUG [http-nio-0.0.0.0-8080-exec-12] FilterChainProxy - Secured GET /api/branch
2026-10-06 08:43:46 INFO  [http-nio-0.0.0.0-8080-exec-13] JwtAuthenticationFilter - JWT AUTHENTICATION SUCCESS
2026-10-06 08:43:46 DEBUG [http-nio-0.0.0.0-8080-exec-4] FilterChainProxy - Secured GET /api/section
2026-10-06 08:43:46 DEBUG [http-nio-0.0.0.0-8080-exec-13] FilterChainProxy - Secured GET /api/exams
2026-10-06 08:43:46 INFO  [http-nio-0.0.0.0-8080-exec-4] SectionController - Received request to fetch all sections.
2026-10-06 08:43:46 INFO  [http-nio-0.0.0.0-8080-exec-4] SectionService - Fetching all sections.
2026-10-06 08:43:46 DEBUG [http-nio-0.0.0.0-8080-exec-16] FilterChainProxy - Securing OPTIONS /api/users/students_Guest
2026-10-06 08:43:46 INFO  [http-nio-0.0.0.0-8080-exec-12] BranchController - Received request to fetch all branches.
2026-10-06 08:43:46 INFO  [http-nio-0.0.0.0-8080-exec-12] BranchService - Fetching all branches.
2026-10-06 08:43:46 INFO  [http-nio-0.0.0.0-8080-exec-1] JwtAuthenticationFilter - JWT AUTHENTICATION SUCCESS
2026-10-06 08:43:46 DEBUG [http-nio-0.0.0.0-8080-exec-1] FilterChainProxy - Secured GET /api/course
2026-10-06 08:43:46 INFO  [http-nio-0.0.0.0-8080-exec-1] CourseController - Received request to fetch all courses.
2026-10-06 08:43:46 INFO  [http-nio-0.0.0.0-8080-exec-1] CourseService - Fetching all courses.
2026-10-06 08:43:46 DEBUG [http-nio-0.0.0.0-8080-exec-8] FilterChainProxy - Securing OPTIONS /api/performance/super-admin
2026-10-06 08:43:46 DEBUG [http-nio-0.0.0.0-8080-exec-9] FilterChainProxy - Securing OPTIONS /api/activity-sessions/resume
2026-10-06 08:43:46 DEBUG [http-nio-0.0.0.0-8080-exec-6] FilterChainProxy - Securing OPTIONS /api/users/students_Guest
2026-10-06 08:43:46 DEBUG [http-nio-0.0.0.0-8080-exec-14] FilterChainProxy - Securing OPTIONS /api/performance/super-admin
2026-10-06 08:43:46 INFO  [http-nio-0.0.0.0-8080-exec-1] CourseService - Fetched 1 courses.
2026-10-06 08:43:46 INFO  [http-nio-0.0.0.0-8080-exec-1] CourseController - Fetched 1 courses successfully.
2026-10-06 08:43:46 INFO  [http-nio-0.0.0.0-8080-exec-11] CollegeService - Fetched 1 colleges.
2026-10-06 08:43:46 INFO  [http-nio-0.0.0.0-8080-exec-11] CollegeController - Fetched 1 colleges successfully.
2026-10-06 08:43:46 INFO  [http-nio-0.0.0.0-8080-exec-12] BranchService - Fetched 3 branches.
2026-10-06 08:43:46 INFO  [http-nio-0.0.0.0-8080-exec-12] BranchController - Fetched 3 branches successfully.
2026-10-06 08:43:46 INFO  [http-nio-0.0.0.0-8080-exec-4] SectionService - Fetched 1 sections.
2026-10-06 08:43:46 INFO  [http-nio-0.0.0.0-8080-exec-4] SectionController - Fetched 1 sections successfully.
2026-10-06 08:43:46 DEBUG [http-nio-0.0.0.0-8080-exec-3] FilterChainProxy - Securing GET /api/users/students_Guest
2026-10-06 08:43:46 INFO  [http-nio-0.0.0.0-8080-exec-3] JwtAuthenticationFilter - JWT AUTHENTICATION SUCCESS
2026-10-06 08:43:46 DEBUG [http-nio-0.0.0.0-8080-exec-3] FilterChainProxy - Secured GET /api/users/students_Guest
2026-10-06 08:43:46 DEBUG [http-nio-0.0.0.0-8080-exec-8] FilterChainProxy - Securing GET /api/branch
2026-10-06 08:43:46 DEBUG [http-nio-0.0.0.0-8080-exec-14] FilterChainProxy - Securing GET /api/users/students_Guest
2026-10-06 08:43:46 DEBUG [http-nio-0.0.0.0-8080-exec-9] FilterChainProxy - Securing GET /api/section
2026-10-06 08:43:46 DEBUG [http-nio-0.0.0.0-8080-exec-6] FilterChainProxy - Securing GET /api/exams
2026-10-06 08:43:46 DEBUG [http-nio-0.0.0.0-8080-exec-16] FilterChainProxy - Securing GET /api/college
2026-10-06 08:43:46 DEBUG [http-nio-0.0.0.0-8080-exec-15] FilterChainProxy - Securing GET /api/course
2026-10-06 08:43:46 INFO  [http-nio-0.0.0.0-8080-exec-16] JwtAuthenticationFilter - JWT AUTHENTICATION SUCCESS
2026-10-06 08:43:46 INFO  [http-nio-0.0.0.0-8080-exec-14] JwtAuthenticationFilter - JWT AUTHENTICATION SUCCESS
2026-10-06 08:43:46 DEBUG [http-nio-0.0.0.0-8080-exec-16] FilterChainProxy - Secured GET /api/college
2026-10-06 08:43:46 DEBUG [http-nio-0.0.0.0-8080-exec-14] FilterChainProxy - Secured GET /api/users/students_Guest
2026-10-06 08:43:46 INFO  [http-nio-0.0.0.0-8080-exec-16] CollegeController - Received request to fetch all colleges.
2026-10-06 08:43:46 INFO  [http-nio-0.0.0.0-8080-exec-16] CollegeService - Fetching all colleges.
2026-10-06 08:43:46 INFO  [http-nio-0.0.0.0-8080-exec-6] JwtAuthenticationFilter - JWT AUTHENTICATION SUCCESS
2026-10-06 08:43:46 INFO  [http-nio-0.0.0.0-8080-exec-8] JwtAuthenticationFilter - JWT AUTHENTICATION SUCCESS
2026-10-06 08:43:46 DEBUG [http-nio-0.0.0.0-8080-exec-8] FilterChainProxy - Secured GET /api/branch
2026-10-06 08:43:46 DEBUG [http-nio-0.0.0.0-8080-exec-6] FilterChainProxy - Secured GET /api/exams
2026-10-06 08:43:46 INFO  [http-nio-0.0.0.0-8080-exec-8] BranchController - Received request to fetch all branches.
2026-10-06 08:43:46 INFO  [http-nio-0.0.0.0-8080-exec-8] BranchService - Fetching all branches.
2026-10-06 08:43:46 INFO  [http-nio-0.0.0.0-8080-exec-9] JwtAuthenticationFilter - JWT AUTHENTICATION SUCCESS
2026-10-06 08:43:46 INFO  [http-nio-0.0.0.0-8080-exec-15] JwtAuthenticationFilter - JWT AUTHENTICATION SUCCESS
2026-10-06 08:43:46 DEBUG [http-nio-0.0.0.0-8080-exec-15] FilterChainProxy - Secured GET /api/course
2026-10-06 08:43:46 INFO  [http-nio-0.0.0.0-8080-exec-16] CollegeService - Fetched 1 colleges.
2026-10-06 08:43:46 DEBUG [http-nio-0.0.0.0-8080-exec-9] FilterChainProxy - Secured GET /api/section
2026-10-06 08:43:46 INFO  [http-nio-0.0.0.0-8080-exec-16] CollegeController - Fetched 1 colleges successfully.
2026-10-06 08:43:46 INFO  [http-nio-0.0.0.0-8080-exec-15] CourseController - Received request to fetch all courses.
2026-10-06 08:43:46 INFO  [http-nio-0.0.0.0-8080-exec-9] SectionController - Received request to fetch all sections.
2026-10-06 08:43:46 INFO  [http-nio-0.0.0.0-8080-exec-15] CourseService - Fetching all courses.
2026-10-06 08:43:46 INFO  [http-nio-0.0.0.0-8080-exec-9] SectionService - Fetching all sections.
2026-10-06 08:43:46 INFO  [http-nio-0.0.0.0-8080-exec-8] BranchService - Fetched 3 branches.
2026-10-06 08:43:46 INFO  [http-nio-0.0.0.0-8080-exec-8] BranchController - Fetched 3 branches successfully.
2026-10-06 08:43:46 INFO  [http-nio-0.0.0.0-8080-exec-15] CourseService - Fetched 1 courses.
2026-10-06 08:43:46 INFO  [http-nio-0.0.0.0-8080-exec-15] CourseController - Fetched 1 courses successfully.
2026-10-06 08:43:46 INFO  [http-nio-0.0.0.0-8080-exec-9] SectionService - Fetched 1 sections.
2026-10-06 08:43:46 INFO  [http-nio-0.0.0.0-8080-exec-9] SectionController - Fetched 1 sections successfully.
2026-10-06 08:43:46 DEBUG [http-nio-0.0.0.0-8080-exec-1] FilterChainProxy - Securing GET /api/performance/super-admin
2026-10-06 08:43:46 INFO  [http-nio-0.0.0.0-8080-exec-1] JwtAuthenticationFilter - JWT AUTHENTICATION SUCCESS
2026-10-06 08:43:46 DEBUG [http-nio-0.0.0.0-8080-exec-1] FilterChainProxy - Secured GET /api/performance/super-admin
2026-10-06 08:43:46 DEBUG [http-nio-0.0.0.0-8080-exec-11] FilterChainProxy - Securing POST /api/activity-sessions/resume
2026-10-06 08:43:46 INFO  [http-nio-0.0.0.0-8080-exec-11] JwtAuthenticationFilter - JWT AUTHENTICATION SUCCESS
2026-10-06 08:43:46 DEBUG [http-nio-0.0.0.0-8080-exec-11] FilterChainProxy - Secured POST /api/activity-sessions/resume
2026-10-06 08:43:46 DEBUG [http-nio-0.0.0.0-8080-exec-4] FilterChainProxy - Securing GET /api/performance/super-admin
2026-10-06 08:43:46 INFO  [http-nio-0.0.0.0-8080-exec-4] JwtAuthenticationFilter - JWT AUTHENTICATION SUCCESS
2026-10-06 08:43:46 DEBUG [http-nio-0.0.0.0-8080-exec-4] FilterChainProxy - Secured GET /api/performance/super-admin
2026-10-06 08:43:55 DEBUG [http-nio-0.0.0.0-8080-exec-12] FilterChainProxy - Securing OPTIONS /api/performance/exam-results/14/chapters
2026-10-06 08:43:55 DEBUG [http-nio-0.0.0.0-8080-exec-13] FilterChainProxy - Securing GET /api/performance/exam-results/14/chapters
2026-10-06 08:43:55 INFO  [http-nio-0.0.0.0-8080-exec-13] JwtAuthenticationFilter - JWT AUTHENTICATION SUCCESS
2026-10-06 08:43:55 DEBUG [http-nio-0.0.0.0-8080-exec-13] FilterChainProxy - Secured GET /api/performance/exam-results/14/chapters
2026-10-06 08:44:02 DEBUG [http-nio-0.0.0.0-8080-exec-3] FilterChainProxy - Securing OPTIONS /api/performance/exam-results/14/chapters
2026-10-06 08:44:02 DEBUG [http-nio-0.0.0.0-8080-exec-8] FilterChainProxy - Securing GET /api/performance/exam-results/14/chapters
2026-10-06 08:44:02 INFO  [http-nio-0.0.0.0-8080-exec-8] JwtAuthenticationFilter - JWT AUTHENTICATION SUCCESS
2026-10-06 08:44:02 DEBUG [http-nio-0.0.0.0-8080-exec-8] FilterChainProxy - Secured GET /api/performance/exam-results/14/chapters
2026-10-06 08:44:11 INFO  [SpringApplicationShutdownHook] GracefulShutdown - Commencing graceful shutdown. Waiting for active requests to complete
2026-10-06 08:44:11 INFO  [tomcat-shutdown] GracefulShutdown - Graceful shutdown complete
2026-10-06 08:44:11 INFO  [SpringApplicationShutdownHook] LocalContainerEntityManagerFactoryBean - Closing JPA EntityManagerFactory for persistence unit 'default'
2026-10-06 08:44:11 INFO  [SpringApplicationShutdownHook] HikariDataSource - HikariPool-1 - Shutdown initiated...
2026-10-06 08:44:11 INFO  [SpringApplicationShutdownHook] HikariDataSource - HikariPool-1 - Shutdown completed.
2026-10-06 08:44:14 INFO  [background-preinit] Version - HV000001: Hibernate Validator 8.0.2.Final
2026-10-06 08:44:14 INFO  [main] ProjectSApplication - Starting ProjectSApplication using Java 26.0.1 with PID 29648 (/home/abhimanyu/Projects/Training/ProjectS/target/classes started by abhimanyu in /home/abhimanyu/Projects/Training/ProjectS)
2026-10-06 08:44:14 INFO  [main] ProjectSApplication - No active profile set, falling back to 1 default profile: "default"
2026-10-06 08:44:16 INFO  [main] RepositoryConfigurationDelegate - Multiple Spring Data modules found, entering strict repository configuration mode
2026-10-06 08:44:16 INFO  [main] RepositoryConfigurationDelegate - Bootstrapping Spring Data JDBC repositories in DEFAULT mode.
2026-10-06 08:44:16 INFO  [main] RepositoryConfigurationExtensionSupport - Spring Data JDBC - Could not safely identify store assignment for repository candidate interface com.project.ProjectS.repository.AnswerEventRepository; If you want this repository to be a JDBC repository, consider annotating your entities with one of these annotations: org.springframework.data.relational.core.mapping.Table.
2026-10-06 08:44:16 INFO  [main] RepositoryConfigurationExtensionSupport - Spring Data JDBC - Could not safely identify store assignment for repository candidate interface com.project.ProjectS.repository.AttendanceRepository; If you want this repository to be a JDBC repository, consider annotating your entities with one of these annotations: org.springframework.data.relational.core.mapping.Table.
2026-10-06 08:44:16 INFO  [main] RepositoryConfigurationExtensionSupport - Spring Data JDBC - Could not safely identify store assignment for repository candidate interface com.project.ProjectS.repository.BranchRepository; If you want this repository to be a JDBC repository, consider annotating your entities with one of these annotations: org.springframework.data.relational.core.mapping.Table.
2026-10-06 08:44:16 INFO  [main] RepositoryConfigurationExtensionSupport - Spring Data JDBC - Could not safely identify store assignment for repository candidate interface com.project.ProjectS.repository.ChapterRepository; If you want this repository to be a JDBC repository, consider annotating your entities with one of these annotations: org.springframework.data.relational.core.mapping.Table.
2026-10-06 08:44:16 INFO  [main] RepositoryConfigurationExtensionSupport - Spring Data JDBC - Could not safely identify store assignment for repository candidate interface com.project.ProjectS.repository.CollegeRepository; If you want this repository to be a JDBC repository, consider annotating your entities with one of these annotations: org.springframework.data.relational.core.mapping.Table.
2026-10-06 08:44:16 INFO  [main] RepositoryConfigurationExtensionSupport - Spring Data JDBC - Could not safely identify store assignment for repository candidate interface com.project.ProjectS.repository.CourseRepository; If you want this repository to be a JDBC repository, consider annotating your entities with one of these annotations: org.springframework.data.relational.core.mapping.Table.
2026-10-06 08:44:16 INFO  [main] RepositoryConfigurationExtensionSupport - Spring Data JDBC - Could not safely identify store assignment for repository candidate interface com.project.ProjectS.repository.ExamQuestionRepository; If you want this repository to be a JDBC repository, consider annotating your entities with one of these annotations: org.springframework.data.relational.core.mapping.Table.
2026-10-06 08:44:16 INFO  [main] RepositoryConfigurationExtensionSupport - Spring Data JDBC - Could not safely identify store assignment for repository candidate interface com.project.ProjectS.repository.ExamRepository; If you want this repository to be a JDBC repository, consider annotating your entities with one of these annotations: org.springframework.data.relational.core.mapping.Table.
2026-10-06 08:44:16 INFO  [main] RepositoryConfigurationExtensionSupport - Spring Data JDBC - Could not safely identify store assignment for repository candidate interface com.project.ProjectS.repository.ExamResultRepository; If you want this repository to be a JDBC repository, consider annotating your entities with one of these annotations: org.springframework.data.relational.core.mapping.Table.
2026-10-06 08:44:16 INFO  [main] RepositoryConfigurationExtensionSupport - Spring Data JDBC - Could not safely identify store assignment for repository candidate interface com.project.ProjectS.repository.McqOptionRepository; If you want this repository to be a JDBC repository, consider annotating your entities with one of these annotations: org.springframework.data.relational.core.mapping.Table.
2026-10-06 08:44:16 INFO  [main] RepositoryConfigurationExtensionSupport - Spring Data JDBC - Could not safely identify store assignment for repository candidate interface com.project.ProjectS.repository.McqQuestionRepository; If you want this repository to be a JDBC repository, consider annotating your entities with one of these annotations: org.springframework.data.relational.core.mapping.Table.
2026-10-06 08:44:16 INFO  [main] RepositoryConfigurationExtensionSupport - Spring Data JDBC - Could not safely identify store assignment for repository candidate interface com.project.ProjectS.repository.MockExamQuestionRepository; If you want this repository to be a JDBC repository, consider annotating your entities with one of these annotations: org.springframework.data.relational.core.mapping.Table.
2026-10-06 08:44:16 INFO  [main] RepositoryConfigurationExtensionSupport - Spring Data JDBC - Could not safely identify store assignment for repository candidate interface com.project.ProjectS.repository.MockExamRepository; If you want this repository to be a JDBC repository, consider annotating your entities with one of these annotations: org.springframework.data.relational.core.mapping.Table.
2026-10-06 08:44:16 INFO  [main] RepositoryConfigurationExtensionSupport - Spring Data JDBC - Could not safely identify store assignment for repository candidate interface com.project.ProjectS.repository.MockExamResultRepository; If you want this repository to be a JDBC repository, consider annotating your entities with one of these annotations: org.springframework.data.relational.core.mapping.Table.
2026-10-06 08:44:16 INFO  [main] RepositoryConfigurationExtensionSupport - Spring Data JDBC - Could not safely identify store assignment for repository candidate interface com.project.ProjectS.repository.NotificationRepository; If you want this repository to be a JDBC repository, consider annotating your entities with one of these annotations: org.springframework.data.relational.core.mapping.Table.
2026-10-06 08:44:16 INFO  [main] RepositoryConfigurationExtensionSupport - Spring Data JDBC - Could not safely identify store assignment for repository candidate interface com.project.ProjectS.repository.PlanCourseRepository; If you want this repository to be a JDBC repository, consider annotating your entities with one of these annotations: org.springframework.data.relational.core.mapping.Table.
2026-10-06 08:44:16 INFO  [main] RepositoryConfigurationExtensionSupport - Spring Data JDBC - Could not safely identify store assignment for repository candidate interface com.project.ProjectS.repository.PracticeResultRepository; If you want this repository to be a JDBC repository, consider annotating your entities with one of these annotations: org.springframework.data.relational.core.mapping.Table.
2026-10-06 08:44:16 INFO  [main] RepositoryConfigurationExtensionSupport - Spring Data JDBC - Could not safely identify store assignment for repository candidate interface com.project.ProjectS.repository.QuestionAnswerRepository; If you want this repository to be a JDBC repository, consider annotating your entities with one of these annotations: org.springframework.data.relational.core.mapping.Table.
2026-10-06 08:44:16 INFO  [main] RepositoryConfigurationExtensionSupport - Spring Data JDBC - Could not safely identify store assignment for repository candidate interface com.project.ProjectS.repository.QuestionAttributeRepository; If you want this repository to be a JDBC repository, consider annotating your entities with one of these annotations: org.springframework.data.relational.core.mapping.Table.
2026-10-06 08:44:16 INFO  [main] RepositoryConfigurationExtensionSupport - Spring Data JDBC - Could not safely identify store assignment for repository candidate interface com.project.ProjectS.repository.QuestionFillBlankAnswerRepository; If you want this repository to be a JDBC repository, consider annotating your entities with one of these annotations: org.springframework.data.relational.core.mapping.Table.
2026-10-06 08:44:16 INFO  [main] RepositoryConfigurationExtensionSupport - Spring Data JDBC - Could not safely identify store assignment for repository candidate interface com.project.ProjectS.repository.QuestionMatchingPairRepository; If you want this repository to be a JDBC repository, consider annotating your entities with one of these annotations: org.springframework.data.relational.core.mapping.Table.
2026-10-06 08:44:16 INFO  [main] RepositoryConfigurationExtensionSupport - Spring Data JDBC - Could not safely identify store assignment for repository candidate interface com.project.ProjectS.repository.QuestionRepository; If you want this repository to be a JDBC repository, consider annotating your entities with one of these annotations: org.springframework.data.relational.core.mapping.Table.
2026-10-06 08:44:16 INFO  [main] RepositoryConfigurationExtensionSupport - Spring Data JDBC - Could not safely identify store assignment for repository candidate interface com.project.ProjectS.repository.QuestionTypeRepository; If you want this repository to be a JDBC repository, consider annotating your entities with one of these annotations: org.springframework.data.relational.core.mapping.Table.
2026-10-06 08:44:16 INFO  [main] RepositoryConfigurationExtensionSupport - Spring Data JDBC - Could not safely identify store assignment for repository candidate interface com.project.ProjectS.repository.RoleRepository; If you want this repository to be a JDBC repository, consider annotating your entities with one of these annotations: org.springframework.data.relational.core.mapping.Table.
2026-10-06 08:44:16 INFO  [main] RepositoryConfigurationExtensionSupport - Spring Data JDBC - Could not safely identify store assignment for repository candidate interface com.project.ProjectS.repository.RuleEngineRepository; If you want this repository to be a JDBC repository, consider annotating your entities with one of these annotations: org.springframework.data.relational.core.mapping.Table.
2026-10-06 08:44:16 INFO  [main] RepositoryConfigurationExtensionSupport - Spring Data JDBC - Could not safely identify store assignment for repository candidate interface com.project.ProjectS.repository.SectionRepository; If you want this repository to be a JDBC repository, consider annotating your entities with one of these annotations: org.springframework.data.relational.core.mapping.Table.
2026-10-06 08:44:16 INFO  [main] RepositoryConfigurationExtensionSupport - Spring Data JDBC - Could not safely identify store assignment for repository candidate interface com.project.ProjectS.repository.SubjectRepository; If you want this repository to be a JDBC repository, consider annotating your entities with one of these annotations: org.springframework.data.relational.core.mapping.Table.
2026-10-06 08:44:16 INFO  [main] RepositoryConfigurationExtensionSupport - Spring Data JDBC - Could not safely identify store assignment for repository candidate interface com.project.ProjectS.repository.SubscriptionPlanRepository; If you want this repository to be a JDBC repository, consider annotating your entities with one of these annotations: org.springframework.data.relational.core.mapping.Table.
2026-10-06 08:44:16 INFO  [main] RepositoryConfigurationExtensionSupport - Spring Data JDBC - Could not safely identify store assignment for repository candidate interface com.project.ProjectS.repository.TableAttributeRepository; If you want this repository to be a JDBC repository, consider annotating your entities with one of these annotations: org.springframework.data.relational.core.mapping.Table.
2026-10-06 08:44:16 INFO  [main] RepositoryConfigurationExtensionSupport - Spring Data JDBC - Could not safely identify store assignment for repository candidate interface com.project.ProjectS.repository.TableHeaderRepository; If you want this repository to be a JDBC repository, consider annotating your entities with one of these annotations: org.springframework.data.relational.core.mapping.Table.
2026-10-06 08:44:16 INFO  [main] RepositoryConfigurationExtensionSupport - Spring Data JDBC - Could not safely identify store assignment for repository candidate interface com.project.ProjectS.repository.TableNameRepository; If you want this repository to be a JDBC repository, consider annotating your entities with one of these annotations: org.springframework.data.relational.core.mapping.Table.
2026-10-06 08:44:16 INFO  [main] RepositoryConfigurationExtensionSupport - Spring Data JDBC - Could not safely identify store assignment for repository candidate interface com.project.ProjectS.repository.TopicRepository; If you want this repository to be a JDBC repository, consider annotating your entities with one of these annotations: org.springframework.data.relational.core.mapping.Table.
2026-10-06 08:44:16 INFO  [main] RepositoryConfigurationExtensionSupport - Spring Data JDBC - Could not safely identify store assignment for repository candidate interface com.project.ProjectS.repository.UserActivitySessionRepository; If you want this repository to be a JDBC repository, consider annotating your entities with one of these annotations: org.springframework.data.relational.core.mapping.Table.
2026-10-06 08:44:16 INFO  [main] RepositoryConfigurationExtensionSupport - Spring Data JDBC - Could not safely identify store assignment for repository candidate interface com.project.ProjectS.repository.UserRepository; If you want this repository to be a JDBC repository, consider annotating your entities with one of these annotations: org.springframework.data.relational.core.mapping.Table.
2026-10-06 08:44:16 INFO  [main] RepositoryConfigurationExtensionSupport - Spring Data JDBC - Could not safely identify store assignment for repository candidate interface com.project.ProjectS.repository.UserSubscriptionRepository; If you want this repository to be a JDBC repository, consider annotating your entities with one of these annotations: org.springframework.data.relational.core.mapping.Table.
2026-10-06 08:44:16 INFO  [main] RepositoryConfigurationDelegate - Finished Spring Data repository scanning in 50 ms. Found 0 JDBC repository interfaces.
2026-10-06 08:44:16 INFO  [main] RepositoryConfigurationDelegate - Multiple Spring Data modules found, entering strict repository configuration mode
2026-10-06 08:44:16 INFO  [main] RepositoryConfigurationDelegate - Bootstrapping Spring Data JPA repositories in DEFAULT mode.
2026-10-06 08:44:16 INFO  [main] RepositoryConfigurationDelegate - Finished Spring Data repository scanning in 39 ms. Found 35 JPA repository interfaces.
2026-10-06 08:44:16 INFO  [main] TomcatWebServer - Tomcat initialized with port 8080 (http)
2026-10-06 08:44:16 INFO  [main] Http11NioProtocol - Initializing ProtocolHandler ["http-nio-0.0.0.0-8080"]
2026-10-06 08:44:16 INFO  [main] StandardService - Starting service [Tomcat]
2026-10-06 08:44:16 INFO  [main] StandardEngine - Starting Servlet engine: [Apache Tomcat/10.1.43]
2026-10-06 08:44:16 INFO  [main] [/] - Initializing Spring embedded WebApplicationContext
2026-10-06 08:44:16 INFO  [main] ServletWebServerApplicationContext - Root WebApplicationContext: initialization completed in 1904 ms
2026-10-06 08:44:16 INFO  [main] LogHelper - HHH000204: Processing PersistenceUnitInfo [name: default]
2026-10-06 08:44:16 INFO  [main] Version - HHH000412: Hibernate ORM core version 6.6.22.Final
2026-10-06 08:44:16 INFO  [main] Environment - HHH000205: Loaded properties from resource hibernate.properties: {}
2026-10-06 08:44:16 INFO  [main] RegionFactoryInitiator - HHH000026: Second-level cache disabled
2026-10-06 08:44:17 INFO  [main] SpringPersistenceUnitInfo - No LoadTimeWeaver setup: ignoring JPA class transformer
2026-10-06 08:44:17 INFO  [main] HikariDataSource - HikariPool-1 - Starting...
2026-10-06 08:44:17 INFO  [main] HikariPool - HikariPool-1 - Added connection org.postgresql.jdbc.PgConnection@6143b2b1
2026-10-06 08:44:17 INFO  [main] HikariDataSource - HikariPool-1 - Start completed.
2026-10-06 08:44:17 INFO  [main] pooling - HHH10001005: Database info:
	Database JDBC URL [Connecting through datasource 'HikariDataSource (HikariPool-1)']
	Database driver: undefined/unknown
	Database version: 16.15
	Autocommit mode: undefined/unknown
	Isolation level: undefined/unknown
	Minimum pool size: undefined/unknown
	Maximum pool size: undefined/unknown
2026-10-06 08:44:19 INFO  [main] JtaPlatformInitiator - HHH000489: No JTA platform available (set 'hibernate.transaction.jta.platform' to enable JTA platform integration)
2026-10-06 08:44:21 INFO  [main] LocalContainerEntityManagerFactoryBean - Initialized JPA EntityManagerFactory for persistence unit 'default'
2026-10-06 08:44:21 INFO  [main] QueryEnhancerFactory - Hibernate is in classpath; If applicable, HQL parser will be used.
2026-10-06 08:44:22 INFO  [main] InitializeUserDetailsBeanManagerConfigurer$InitializeUserDetailsManagerConfigurer - Global AuthenticationManager configured with UserDetailsService bean with name customUserDetailsService
2026-10-06 08:44:22 WARN  [main] JpaBaseConfiguration$JpaWebConfiguration - spring.jpa.open-in-view is enabled by default. Therefore, database queries may be performed during view rendering. Explicitly configure spring.jpa.open-in-view to disable this warning
2026-10-06 08:44:23 DEBUG [main] DefaultSecurityFilterChain - Will secure any request with filters: DisableEncodeUrlFilter, WebAsyncManagerIntegrationFilter, SecurityContextHolderFilter, HeaderWriterFilter, CorsFilter, LogoutFilter, OAuth2AuthorizationRequestRedirectFilter, OAuth2LoginAuthenticationFilter, JwtAuthenticationFilter, DefaultResourcesFilter, DefaultLoginPageGeneratingFilter, DefaultLogoutPageGeneratingFilter, RequestCacheAwareFilter, SecurityContextHolderAwareRequestFilter, AnonymousAuthenticationFilter, SessionManagementFilter, ExceptionTranslationFilter, AuthorizationFilter
2026-10-06 08:44:23 INFO  [main] Http11NioProtocol - Starting ProtocolHandler ["http-nio-0.0.0.0-8080"]
2026-10-06 08:44:23 INFO  [main] TomcatWebServer - Tomcat started on port 8080 (http) with context path '/'
2026-10-06 08:44:23 INFO  [main] ProjectSApplication - Started ProjectSApplication in 9.268 seconds (process running for 10.929)
2026-10-06 08:44:28 INFO  [http-nio-0.0.0.0-8080-exec-1] [/] - Initializing Spring DispatcherServlet 'dispatcherServlet'
2026-10-06 08:44:28 INFO  [http-nio-0.0.0.0-8080-exec-1] DispatcherServlet - Initializing Servlet 'dispatcherServlet'
2026-10-06 08:44:28 INFO  [http-nio-0.0.0.0-8080-exec-1] DispatcherServlet - Completed initialization in 1 ms
2026-10-06 08:44:28 DEBUG [http-nio-0.0.0.0-8080-exec-1] FilterChainProxy - Securing OPTIONS /api/notifications/mine?limit=12
2026-10-06 08:44:28 DEBUG [http-nio-0.0.0.0-8080-exec-2] FilterChainProxy - Securing OPTIONS /api/notifications/mine/unread-count
2026-10-06 08:44:28 DEBUG [http-nio-0.0.0.0-8080-exec-4] FilterChainProxy - Securing GET /api/notifications/mine?limit=12
2026-10-06 08:44:28 DEBUG [http-nio-0.0.0.0-8080-exec-3] FilterChainProxy - Securing GET /api/notifications/mine/unread-count
2026-10-06 08:44:28 INFO  [http-nio-0.0.0.0-8080-exec-4] JwtAuthenticationFilter - JWT AUTHENTICATION SUCCESS
2026-10-06 08:44:28 INFO  [http-nio-0.0.0.0-8080-exec-3] JwtAuthenticationFilter - JWT AUTHENTICATION SUCCESS
2026-10-06 08:44:28 DEBUG [http-nio-0.0.0.0-8080-exec-4] FilterChainProxy - Secured GET /api/notifications/mine?limit=12
2026-10-06 08:44:28 DEBUG [http-nio-0.0.0.0-8080-exec-3] FilterChainProxy - Secured GET /api/notifications/mine/unread-count
2026-10-06 08:45:17 INFO  [SpringApplicationShutdownHook] GracefulShutdown - Commencing graceful shutdown. Waiting for active requests to complete
2026-10-06 08:45:17 INFO  [tomcat-shutdown] GracefulShutdown - Graceful shutdown complete
2026-10-06 08:45:17 INFO  [SpringApplicationShutdownHook] LocalContainerEntityManagerFactoryBean - Closing JPA EntityManagerFactory for persistence unit 'default'
2026-10-06 08:45:17 INFO  [SpringApplicationShutdownHook] HikariDataSource - HikariPool-1 - Shutdown initiated...
2026-10-06 08:45:17 INFO  [SpringApplicationShutdownHook] HikariDataSource - HikariPool-1 - Shutdown completed.
2026-10-06 08:46:02 INFO  [background-preinit] Version - HV000001: Hibernate Validator 8.0.2.Final
2026-10-06 08:46:02 INFO  [main] ProjectSApplication - Starting ProjectSApplication using Java 26.0.1 with PID 31311 (/home/abhimanyu/Projects/Training/ProjectS/target/classes started by abhimanyu in /home/abhimanyu/Projects/Training/ProjectS)
2026-10-06 08:46:02 INFO  [main] ProjectSApplication - No active profile set, falling back to 1 default profile: "default"
2026-10-06 08:46:05 INFO  [main] RepositoryConfigurationDelegate - Multiple Spring Data modules found, entering strict repository configuration mode
2026-10-06 08:46:05 INFO  [main] RepositoryConfigurationDelegate - Bootstrapping Spring Data JDBC repositories in DEFAULT mode.
2026-10-06 08:46:05 INFO  [main] RepositoryConfigurationExtensionSupport - Spring Data JDBC - Could not safely identify store assignment for repository candidate interface com.project.ProjectS.repository.AnswerEventRepository; If you want this repository to be a JDBC repository, consider annotating your entities with one of these annotations: org.springframework.data.relational.core.mapping.Table.
2026-10-06 08:46:05 INFO  [main] RepositoryConfigurationExtensionSupport - Spring Data JDBC - Could not safely identify store assignment for repository candidate interface com.project.ProjectS.repository.AttendanceRepository; If you want this repository to be a JDBC repository, consider annotating your entities with one of these annotations: org.springframework.data.relational.core.mapping.Table.
2026-10-06 08:46:05 INFO  [main] RepositoryConfigurationExtensionSupport - Spring Data JDBC - Could not safely identify store assignment for repository candidate interface com.project.ProjectS.repository.BranchRepository; If you want this repository to be a JDBC repository, consider annotating your entities with one of these annotations: org.springframework.data.relational.core.mapping.Table.
2026-10-06 08:46:05 INFO  [main] RepositoryConfigurationExtensionSupport - Spring Data JDBC - Could not safely identify store assignment for repository candidate interface com.project.ProjectS.repository.ChapterRepository; If you want this repository to be a JDBC repository, consider annotating your entities with one of these annotations: org.springframework.data.relational.core.mapping.Table.
2026-10-06 08:46:05 INFO  [main] RepositoryConfigurationExtensionSupport - Spring Data JDBC - Could not safely identify store assignment for repository candidate interface com.project.ProjectS.repository.CollegeRepository; If you want this repository to be a JDBC repository, consider annotating your entities with one of these annotations: org.springframework.data.relational.core.mapping.Table.
2026-10-06 08:46:05 INFO  [main] RepositoryConfigurationExtensionSupport - Spring Data JDBC - Could not safely identify store assignment for repository candidate interface com.project.ProjectS.repository.CourseRepository; If you want this repository to be a JDBC repository, consider annotating your entities with one of these annotations: org.springframework.data.relational.core.mapping.Table.
2026-10-06 08:46:05 INFO  [main] RepositoryConfigurationExtensionSupport - Spring Data JDBC - Could not safely identify store assignment for repository candidate interface com.project.ProjectS.repository.ExamQuestionRepository; If you want this repository to be a JDBC repository, consider annotating your entities with one of these annotations: org.springframework.data.relational.core.mapping.Table.
2026-10-06 08:46:05 INFO  [main] RepositoryConfigurationExtensionSupport - Spring Data JDBC - Could not safely identify store assignment for repository candidate interface com.project.ProjectS.repository.ExamRepository; If you want this repository to be a JDBC repository, consider annotating your entities with one of these annotations: org.springframework.data.relational.core.mapping.Table.
2026-10-06 08:46:05 INFO  [main] RepositoryConfigurationExtensionSupport - Spring Data JDBC - Could not safely identify store assignment for repository candidate interface com.project.ProjectS.repository.ExamResultRepository; If you want this repository to be a JDBC repository, consider annotating your entities with one of these annotations: org.springframework.data.relational.core.mapping.Table.
2026-10-06 08:46:05 INFO  [main] RepositoryConfigurationExtensionSupport - Spring Data JDBC - Could not safely identify store assignment for repository candidate interface com.project.ProjectS.repository.McqOptionRepository; If you want this repository to be a JDBC repository, consider annotating your entities with one of these annotations: org.springframework.data.relational.core.mapping.Table.
2026-10-06 08:46:05 INFO  [main] RepositoryConfigurationExtensionSupport - Spring Data JDBC - Could not safely identify store assignment for repository candidate interface com.project.ProjectS.repository.McqQuestionRepository; If you want this repository to be a JDBC repository, consider annotating your entities with one of these annotations: org.springframework.data.relational.core.mapping.Table.
2026-10-06 08:46:05 INFO  [main] RepositoryConfigurationExtensionSupport - Spring Data JDBC - Could not safely identify store assignment for repository candidate interface com.project.ProjectS.repository.MockExamQuestionRepository; If you want this repository to be a JDBC repository, consider annotating your entities with one of these annotations: org.springframework.data.relational.core.mapping.Table.
2026-10-06 08:46:05 INFO  [main] RepositoryConfigurationExtensionSupport - Spring Data JDBC - Could not safely identify store assignment for repository candidate interface com.project.ProjectS.repository.MockExamRepository; If you want this repository to be a JDBC repository, consider annotating your entities with one of these annotations: org.springframework.data.relational.core.mapping.Table.
2026-10-06 08:46:05 INFO  [main] RepositoryConfigurationExtensionSupport - Spring Data JDBC - Could not safely identify store assignment for repository candidate interface com.project.ProjectS.repository.MockExamResultRepository; If you want this repository to be a JDBC repository, consider annotating your entities with one of these annotations: org.springframework.data.relational.core.mapping.Table.
2026-10-06 08:46:05 INFO  [main] RepositoryConfigurationExtensionSupport - Spring Data JDBC - Could not safely identify store assignment for repository candidate interface com.project.ProjectS.repository.NotificationRepository; If you want this repository to be a JDBC repository, consider annotating your entities with one of these annotations: org.springframework.data.relational.core.mapping.Table.
2026-10-06 08:46:05 INFO  [main] RepositoryConfigurationExtensionSupport - Spring Data JDBC - Could not safely identify store assignment for repository candidate interface com.project.ProjectS.repository.PlanCourseRepository; If you want this repository to be a JDBC repository, consider annotating your entities with one of these annotations: org.springframework.data.relational.core.mapping.Table.
2026-10-06 08:46:05 INFO  [main] RepositoryConfigurationExtensionSupport - Spring Data JDBC - Could not safely identify store assignment for repository candidate interface com.project.ProjectS.repository.PracticeResultRepository; If you want this repository to be a JDBC repository, consider annotating your entities with one of these annotations: org.springframework.data.relational.core.mapping.Table.
2026-10-06 08:46:05 INFO  [main] RepositoryConfigurationExtensionSupport - Spring Data JDBC - Could not safely identify store assignment for repository candidate interface com.project.ProjectS.repository.QuestionAnswerRepository; If you want this repository to be a JDBC repository, consider annotating your entities with one of these annotations: org.springframework.data.relational.core.mapping.Table.
2026-10-06 08:46:05 INFO  [main] RepositoryConfigurationExtensionSupport - Spring Data JDBC - Could not safely identify store assignment for repository candidate interface com.project.ProjectS.repository.QuestionAttributeRepository; If you want this repository to be a JDBC repository, consider annotating your entities with one of these annotations: org.springframework.data.relational.core.mapping.Table.
2026-10-06 08:46:05 INFO  [main] RepositoryConfigurationExtensionSupport - Spring Data JDBC - Could not safely identify store assignment for repository candidate interface com.project.ProjectS.repository.QuestionFillBlankAnswerRepository; If you want this repository to be a JDBC repository, consider annotating your entities with one of these annotations: org.springframework.data.relational.core.mapping.Table.
2026-10-06 08:46:05 INFO  [main] RepositoryConfigurationExtensionSupport - Spring Data JDBC - Could not safely identify store assignment for repository candidate interface com.project.ProjectS.repository.QuestionMatchingPairRepository; If you want this repository to be a JDBC repository, consider annotating your entities with one of these annotations: org.springframework.data.relational.core.mapping.Table.
2026-10-06 08:46:05 INFO  [main] RepositoryConfigurationExtensionSupport - Spring Data JDBC - Could not safely identify store assignment for repository candidate interface com.project.ProjectS.repository.QuestionRepository; If you want this repository to be a JDBC repository, consider annotating your entities with one of these annotations: org.springframework.data.relational.core.mapping.Table.
2026-10-06 08:46:05 INFO  [main] RepositoryConfigurationExtensionSupport - Spring Data JDBC - Could not safely identify store assignment for repository candidate interface com.project.ProjectS.repository.QuestionTypeRepository; If you want this repository to be a JDBC repository, consider annotating your entities with one of these annotations: org.springframework.data.relational.core.mapping.Table.
2026-10-06 08:46:05 INFO  [main] RepositoryConfigurationExtensionSupport - Spring Data JDBC - Could not safely identify store assignment for repository candidate interface com.project.ProjectS.repository.RoleRepository; If you want this repository to be a JDBC repository, consider annotating your entities with one of these annotations: org.springframework.data.relational.core.mapping.Table.
2026-10-06 08:46:05 INFO  [main] RepositoryConfigurationExtensionSupport - Spring Data JDBC - Could not safely identify store assignment for repository candidate interface com.project.ProjectS.repository.RuleEngineRepository; If you want this repository to be a JDBC repository, consider annotating your entities with one of these annotations: org.springframework.data.relational.core.mapping.Table.
2026-10-06 08:46:05 INFO  [main] RepositoryConfigurationExtensionSupport - Spring Data JDBC - Could not safely identify store assignment for repository candidate interface com.project.ProjectS.repository.SectionRepository; If you want this repository to be a JDBC repository, consider annotating your entities with one of these annotations: org.springframework.data.relational.core.mapping.Table.
2026-10-06 08:46:05 INFO  [main] RepositoryConfigurationExtensionSupport - Spring Data JDBC - Could not safely identify store assignment for repository candidate interface com.project.ProjectS.repository.SubjectRepository; If you want this repository to be a JDBC repository, consider annotating your entities with one of these annotations: org.springframework.data.relational.core.mapping.Table.
2026-10-06 08:46:05 INFO  [main] RepositoryConfigurationExtensionSupport - Spring Data JDBC - Could not safely identify store assignment for repository candidate interface com.project.ProjectS.repository.SubscriptionPlanRepository; If you want this repository to be a JDBC repository, consider annotating your entities with one of these annotations: org.springframework.data.relational.core.mapping.Table.
2026-10-06 08:46:05 INFO  [main] RepositoryConfigurationExtensionSupport - Spring Data JDBC - Could not safely identify store assignment for repository candidate interface com.project.ProjectS.repository.TableAttributeRepository; If you want this repository to be a JDBC repository, consider annotating your entities with one of these annotations: org.springframework.data.relational.core.mapping.Table.
2026-10-06 08:46:05 INFO  [main] RepositoryConfigurationExtensionSupport - Spring Data JDBC - Could not safely identify store assignment for repository candidate interface com.project.ProjectS.repository.TableHeaderRepository; If you want this repository to be a JDBC repository, consider annotating your entities with one of these annotations: org.springframework.data.relational.core.mapping.Table.
2026-10-06 08:46:05 INFO  [main] RepositoryConfigurationExtensionSupport - Spring Data JDBC - Could not safely identify store assignment for repository candidate interface com.project.ProjectS.repository.TableNameRepository; If you want this repository to be a JDBC repository, consider annotating your entities with one of these annotations: org.springframework.data.relational.core.mapping.Table.
2026-10-06 08:46:05 INFO  [main] RepositoryConfigurationExtensionSupport - Spring Data JDBC - Could not safely identify store assignment for repository candidate interface com.project.ProjectS.repository.TopicRepository; If you want this repository to be a JDBC repository, consider annotating your entities with one of these annotations: org.springframework.data.relational.core.mapping.Table.
2026-10-06 08:46:05 INFO  [main] RepositoryConfigurationExtensionSupport - Spring Data JDBC - Could not safely identify store assignment for repository candidate interface com.project.ProjectS.repository.UserActivitySessionRepository; If you want this repository to be a JDBC repository, consider annotating your entities with one of these annotations: org.springframework.data.relational.core.mapping.Table.
2026-10-06 08:46:05 INFO  [main] RepositoryConfigurationExtensionSupport - Spring Data JDBC - Could not safely identify store assignment for repository candidate interface com.project.ProjectS.repository.UserRepository; If you want this repository to be a JDBC repository, consider annotating your entities with one of these annotations: org.springframework.data.relational.core.mapping.Table.
2026-10-06 08:46:05 INFO  [main] RepositoryConfigurationExtensionSupport - Spring Data JDBC - Could not safely identify store assignment for repository candidate interface com.project.ProjectS.repository.UserSubscriptionRepository; If you want this repository to be a JDBC repository, consider annotating your entities with one of these annotations: org.springframework.data.relational.core.mapping.Table.
2026-10-06 08:46:05 INFO  [main] RepositoryConfigurationDelegate - Finished Spring Data repository scanning in 134 ms. Found 0 JDBC repository interfaces.
2026-10-06 08:46:05 INFO  [main] RepositoryConfigurationDelegate - Multiple Spring Data modules found, entering strict repository configuration mode
2026-10-06 08:46:05 INFO  [main] RepositoryConfigurationDelegate - Bootstrapping Spring Data JPA repositories in DEFAULT mode.
2026-10-06 08:46:05 INFO  [main] RepositoryConfigurationDelegate - Finished Spring Data repository scanning in 53 ms. Found 35 JPA repository interfaces.
2026-10-06 08:46:06 INFO  [main] TomcatWebServer - Tomcat initialized with port 8080 (http)
2026-10-06 08:46:06 INFO  [main] Http11NioProtocol - Initializing ProtocolHandler ["http-nio-0.0.0.0-8080"]
2026-10-06 08:46:06 INFO  [main] StandardService - Starting service [Tomcat]
2026-10-06 08:46:06 INFO  [main] StandardEngine - Starting Servlet engine: [Apache Tomcat/10.1.43]
2026-10-06 08:46:06 INFO  [main] [/] - Initializing Spring embedded WebApplicationContext
2026-10-06 08:46:06 INFO  [main] ServletWebServerApplicationContext - Root WebApplicationContext: initialization completed in 4375 ms
2026-10-06 08:46:07 INFO  [main] LogHelper - HHH000204: Processing PersistenceUnitInfo [name: default]
2026-10-06 08:46:07 INFO  [main] Version - HHH000412: Hibernate ORM core version 6.6.22.Final
2026-10-06 08:46:07 INFO  [main] Environment - HHH000205: Loaded properties from resource hibernate.properties: {}
2026-10-06 08:46:07 INFO  [main] RegionFactoryInitiator - HHH000026: Second-level cache disabled
2026-10-06 08:46:08 INFO  [main] SpringPersistenceUnitInfo - No LoadTimeWeaver setup: ignoring JPA class transformer
2026-10-06 08:46:08 INFO  [main] HikariDataSource - HikariPool-1 - Starting...
2026-10-06 08:46:08 INFO  [main] HikariPool - HikariPool-1 - Added connection org.postgresql.jdbc.PgConnection@11ce9319
2026-10-06 08:46:08 INFO  [main] HikariDataSource - HikariPool-1 - Start completed.
2026-10-06 08:46:09 INFO  [main] pooling - HHH10001005: Database info:
	Database JDBC URL [Connecting through datasource 'HikariDataSource (HikariPool-1)']
	Database driver: undefined/unknown
	Database version: 16.15
	Autocommit mode: undefined/unknown
	Isolation level: undefined/unknown
	Minimum pool size: undefined/unknown
	Maximum pool size: undefined/unknown
2026-10-06 08:46:10 INFO  [main] JtaPlatformInitiator - HHH000489: No JTA platform available (set 'hibernate.transaction.jta.platform' to enable JTA platform integration)
2026-10-06 08:46:12 INFO  [main] LocalContainerEntityManagerFactoryBean - Initialized JPA EntityManagerFactory for persistence unit 'default'
2026-10-06 08:46:12 INFO  [main] QueryEnhancerFactory - Hibernate is in classpath; If applicable, HQL parser will be used.
2026-10-06 08:46:13 INFO  [main] InitializeUserDetailsBeanManagerConfigurer$InitializeUserDetailsManagerConfigurer - Global AuthenticationManager configured with UserDetailsService bean with name customUserDetailsService
2026-10-06 08:46:14 WARN  [main] JpaBaseConfiguration$JpaWebConfiguration - spring.jpa.open-in-view is enabled by default. Therefore, database queries may be performed during view rendering. Explicitly configure spring.jpa.open-in-view to disable this warning
2026-10-06 08:46:14 DEBUG [main] DefaultSecurityFilterChain - Will secure any request with filters: DisableEncodeUrlFilter, WebAsyncManagerIntegrationFilter, SecurityContextHolderFilter, HeaderWriterFilter, CorsFilter, LogoutFilter, OAuth2AuthorizationRequestRedirectFilter, OAuth2LoginAuthenticationFilter, JwtAuthenticationFilter, DefaultResourcesFilter, DefaultLoginPageGeneratingFilter, DefaultLogoutPageGeneratingFilter, RequestCacheAwareFilter, SecurityContextHolderAwareRequestFilter, AnonymousAuthenticationFilter, SessionManagementFilter, ExceptionTranslationFilter, AuthorizationFilter
2026-10-06 08:46:15 INFO  [main] Http11NioProtocol - Starting ProtocolHandler ["http-nio-0.0.0.0-8080"]
2026-10-06 08:46:15 INFO  [main] TomcatWebServer - Tomcat started on port 8080 (http) with context path '/'
2026-10-06 08:46:15 INFO  [main] ProjectSApplication - Started ProjectSApplication in 13.572 seconds (process running for 16.008)
2026-10-06 08:46:19 INFO  [http-nio-0.0.0.0-8080-exec-1] [/] - Initializing Spring DispatcherServlet 'dispatcherServlet'
2026-10-06 08:46:19 INFO  [http-nio-0.0.0.0-8080-exec-1] DispatcherServlet - Initializing Servlet 'dispatcherServlet'
2026-10-06 08:46:19 INFO  [http-nio-0.0.0.0-8080-exec-1] DispatcherServlet - Completed initialization in 1 ms
2026-10-06 08:46:19 DEBUG [http-nio-0.0.0.0-8080-exec-1] FilterChainProxy - Securing OPTIONS /api/activity-sessions/heartbeat
2026-10-06 08:46:19 DEBUG [http-nio-0.0.0.0-8080-exec-2] FilterChainProxy - Securing POST /api/activity-sessions/heartbeat
2026-10-06 08:46:19 INFO  [http-nio-0.0.0.0-8080-exec-2] JwtAuthenticationFilter - JWT AUTHENTICATION SUCCESS
2026-10-06 08:46:19 DEBUG [http-nio-0.0.0.0-8080-exec-2] FilterChainProxy - Secured POST /api/activity-sessions/heartbeat
2026-10-06 08:49:09 DEBUG [http-nio-0.0.0.0-8080-exec-9] FilterChainProxy - Securing OPTIONS /api/notifications/mine?limit=12
2026-10-06 08:49:09 DEBUG [http-nio-0.0.0.0-8080-exec-7] FilterChainProxy - Securing OPTIONS /api/notifications/mine/unread-count
2026-10-06 08:49:09 DEBUG [http-nio-0.0.0.0-8080-exec-10] FilterChainProxy - Securing OPTIONS /api/chapter
2026-10-06 08:49:09 DEBUG [http-nio-0.0.0.0-8080-exec-5] FilterChainProxy - Securing OPTIONS /api/course
2026-10-06 08:49:09 DEBUG [http-nio-0.0.0.0-8080-exec-6] FilterChainProxy - Securing OPTIONS /api/topics
2026-10-06 08:49:09 DEBUG [http-nio-0.0.0.0-8080-exec-8] FilterChainProxy - Securing OPTIONS /api/subjects
2026-10-06 08:49:09 DEBUG [http-nio-0.0.0.0-8080-exec-1] FilterChainProxy - Securing OPTIONS /api/questions
2026-10-06 08:49:09 DEBUG [http-nio-0.0.0.0-8080-exec-2] FilterChainProxy - Securing GET /api/notifications/mine?limit=12
2026-10-06 08:49:09 DEBUG [http-nio-0.0.0.0-8080-exec-6] FilterChainProxy - Securing GET /api/notifications/mine/unread-count
2026-10-06 08:49:09 DEBUG [http-nio-0.0.0.0-8080-exec-7] FilterChainProxy - Securing OPTIONS /api/college
2026-10-06 08:49:09 DEBUG [http-nio-0.0.0.0-8080-exec-4] FilterChainProxy - Securing OPTIONS /api/branch
2026-10-06 08:49:09 DEBUG [http-nio-0.0.0.0-8080-exec-10] FilterChainProxy - Securing OPTIONS /api/branch
2026-10-06 08:49:09 DEBUG [http-nio-0.0.0.0-8080-exec-3] FilterChainProxy - Securing OPTIONS /api/college
2026-10-06 08:49:09 DEBUG [http-nio-0.0.0.0-8080-exec-9] FilterChainProxy - Securing OPTIONS /api/section
2026-10-06 08:49:09 DEBUG [http-nio-0.0.0.0-8080-exec-5] FilterChainProxy - Securing GET /api/subjects
2026-10-06 08:49:09 DEBUG [http-nio-0.0.0.0-8080-exec-1] FilterChainProxy - Securing OPTIONS /api/course
2026-10-06 08:49:09 DEBUG [http-nio-0.0.0.0-8080-exec-8] FilterChainProxy - Securing GET /api/chapter
2026-10-06 08:49:09 DEBUG [http-nio-0.0.0.0-8080-exec-4] FilterChainProxy - Securing GET /api/course
2026-10-06 08:49:09 DEBUG [http-nio-0.0.0.0-8080-exec-3] FilterChainProxy - Securing OPTIONS /api/section
2026-10-06 08:49:09 DEBUG [http-nio-0.0.0.0-8080-exec-11] FilterChainProxy - Securing GET /api/topics
2026-10-06 08:49:09 DEBUG [http-nio-0.0.0.0-8080-exec-7] FilterChainProxy - Securing OPTIONS /api/performance/super-admin
2026-10-06 08:49:09 DEBUG [http-nio-0.0.0.0-8080-exec-10] FilterChainProxy - Securing OPTIONS /api/exams
2026-10-06 08:49:09 DEBUG [http-nio-0.0.0.0-8080-exec-3] FilterChainProxy - Securing OPTIONS /api/users/students_Guest
2026-10-06 08:49:09 DEBUG [http-nio-0.0.0.0-8080-exec-1] FilterChainProxy - Securing OPTIONS /api/activity-sessions/resume
2026-10-06 08:49:09 INFO  [http-nio-0.0.0.0-8080-exec-2] JwtAuthenticationFilter - JWT AUTHENTICATION SUCCESS
2026-10-06 08:49:09 INFO  [http-nio-0.0.0.0-8080-exec-8] JwtAuthenticationFilter - JWT AUTHENTICATION SUCCESS
2026-10-06 08:49:09 INFO  [http-nio-0.0.0.0-8080-exec-5] JwtAuthenticationFilter - JWT AUTHENTICATION SUCCESS
2026-10-06 08:49:09 INFO  [http-nio-0.0.0.0-8080-exec-6] JwtAuthenticationFilter - JWT AUTHENTICATION SUCCESS
2026-10-06 08:49:09 DEBUG [http-nio-0.0.0.0-8080-exec-6] FilterChainProxy - Secured GET /api/notifications/mine/unread-count
2026-10-06 08:49:09 INFO  [http-nio-0.0.0.0-8080-exec-11] JwtAuthenticationFilter - JWT AUTHENTICATION SUCCESS
2026-10-06 08:49:09 INFO  [http-nio-0.0.0.0-8080-exec-4] JwtAuthenticationFilter - JWT AUTHENTICATION SUCCESS
2026-10-06 08:49:09 DEBUG [http-nio-0.0.0.0-8080-exec-2] FilterChainProxy - Secured GET /api/notifications/mine?limit=12
2026-10-06 08:49:09 DEBUG [http-nio-0.0.0.0-8080-exec-5] FilterChainProxy - Secured GET /api/subjects
2026-10-06 08:49:09 DEBUG [http-nio-0.0.0.0-8080-exec-4] FilterChainProxy - Secured GET /api/course
2026-10-06 08:49:09 DEBUG [http-nio-0.0.0.0-8080-exec-8] FilterChainProxy - Secured GET /api/chapter
2026-10-06 08:49:09 DEBUG [http-nio-0.0.0.0-8080-exec-11] FilterChainProxy - Secured GET /api/topics
2026-10-06 08:49:09 INFO  [http-nio-0.0.0.0-8080-exec-4] CourseController - Received request to fetch all courses.
2026-10-06 08:49:09 INFO  [http-nio-0.0.0.0-8080-exec-8] ChapterController - Received request to fetch all chapters.
2026-10-06 08:49:09 INFO  [http-nio-0.0.0.0-8080-exec-4] CourseService - Fetching all courses.
2026-10-06 08:49:09 INFO  [http-nio-0.0.0.0-8080-exec-8] ChapterService - Fetching all chapters.
2026-10-06 08:49:09 INFO  [http-nio-0.0.0.0-8080-exec-4] CourseService - Fetched 1 courses.
2026-10-06 08:49:09 INFO  [http-nio-0.0.0.0-8080-exec-4] CourseController - Fetched 1 courses successfully.
2026-10-06 08:49:09 INFO  [http-nio-0.0.0.0-8080-exec-8] ChapterService - Fetched 6 chapters.
2026-10-06 08:49:09 INFO  [http-nio-0.0.0.0-8080-exec-8] ChapterController - Fetched 6 chapters successfully.
2026-10-06 08:49:09 DEBUG [http-nio-0.0.0.0-8080-exec-6] FilterChainProxy - Securing GET /api/exams
2026-10-06 08:49:09 DEBUG [http-nio-0.0.0.0-8080-exec-10] FilterChainProxy - Securing GET /api/questions
2026-10-06 08:49:09 DEBUG [http-nio-0.0.0.0-8080-exec-9] FilterChainProxy - Securing GET /api/branch
2026-10-06 08:49:09 DEBUG [http-nio-0.0.0.0-8080-exec-3] FilterChainProxy - Securing GET /api/section
2026-10-06 08:49:09 DEBUG [http-nio-0.0.0.0-8080-exec-1] FilterChainProxy - Securing GET /api/performance/super-admin
2026-10-06 08:49:09 DEBUG [http-nio-0.0.0.0-8080-exec-7] FilterChainProxy - Securing GET /api/college
2026-10-06 08:49:09 INFO  [http-nio-0.0.0.0-8080-exec-3] JwtAuthenticationFilter - JWT AUTHENTICATION SUCCESS
2026-10-06 08:49:09 INFO  [http-nio-0.0.0.0-8080-exec-6] JwtAuthenticationFilter - JWT AUTHENTICATION SUCCESS
2026-10-06 08:49:09 INFO  [http-nio-0.0.0.0-8080-exec-9] JwtAuthenticationFilter - JWT AUTHENTICATION SUCCESS
2026-10-06 08:49:09 INFO  [http-nio-0.0.0.0-8080-exec-7] JwtAuthenticationFilter - JWT AUTHENTICATION SUCCESS
2026-10-06 08:49:09 INFO  [http-nio-0.0.0.0-8080-exec-1] JwtAuthenticationFilter - JWT AUTHENTICATION SUCCESS
2026-10-06 08:49:09 DEBUG [http-nio-0.0.0.0-8080-exec-3] FilterChainProxy - Secured GET /api/section
2026-10-06 08:49:09 INFO  [http-nio-0.0.0.0-8080-exec-10] JwtAuthenticationFilter - JWT AUTHENTICATION SUCCESS
2026-10-06 08:49:09 DEBUG [http-nio-0.0.0.0-8080-exec-7] FilterChainProxy - Secured GET /api/college
2026-10-06 08:49:09 DEBUG [http-nio-0.0.0.0-8080-exec-6] FilterChainProxy - Secured GET /api/exams
2026-10-06 08:49:09 DEBUG [http-nio-0.0.0.0-8080-exec-1] FilterChainProxy - Secured GET /api/performance/super-admin
2026-10-06 08:49:09 DEBUG [http-nio-0.0.0.0-8080-exec-9] FilterChainProxy - Secured GET /api/branch
2026-10-06 08:49:09 DEBUG [http-nio-0.0.0.0-8080-exec-10] FilterChainProxy - Secured GET /api/questions
2026-10-06 08:49:09 INFO  [http-nio-0.0.0.0-8080-exec-7] CollegeController - Received request to fetch all colleges.
2026-10-06 08:49:09 INFO  [http-nio-0.0.0.0-8080-exec-9] BranchController - Received request to fetch all branches.
2026-10-06 08:49:09 INFO  [http-nio-0.0.0.0-8080-exec-7] CollegeService - Fetching all colleges.
2026-10-06 08:49:09 INFO  [http-nio-0.0.0.0-8080-exec-9] BranchService - Fetching all branches.
2026-10-06 08:49:09 INFO  [http-nio-0.0.0.0-8080-exec-3] SectionController - Received request to fetch all sections.
2026-10-06 08:49:09 INFO  [http-nio-0.0.0.0-8080-exec-3] SectionService - Fetching all sections.
2026-10-06 08:49:09 INFO  [http-nio-0.0.0.0-8080-exec-7] CollegeService - Fetched 1 colleges.
2026-10-06 08:49:09 INFO  [http-nio-0.0.0.0-8080-exec-7] CollegeController - Fetched 1 colleges successfully.
2026-10-06 08:49:09 INFO  [http-nio-0.0.0.0-8080-exec-9] BranchService - Fetched 3 branches.
2026-10-06 08:49:09 INFO  [http-nio-0.0.0.0-8080-exec-9] BranchController - Fetched 3 branches successfully.
2026-10-06 08:49:09 DEBUG [http-nio-0.0.0.0-8080-exec-2] FilterChainProxy - Securing GET /api/users/students_Guest
2026-10-06 08:49:09 INFO  [http-nio-0.0.0.0-8080-exec-3] SectionService - Fetched 1 sections.
2026-10-06 08:49:09 INFO  [http-nio-0.0.0.0-8080-exec-3] SectionController - Fetched 1 sections successfully.
2026-10-06 08:49:09 INFO  [http-nio-0.0.0.0-8080-exec-2] JwtAuthenticationFilter - JWT AUTHENTICATION SUCCESS
2026-10-06 08:49:09 DEBUG [http-nio-0.0.0.0-8080-exec-2] FilterChainProxy - Secured GET /api/users/students_Guest
2026-10-06 08:49:09 DEBUG [http-nio-0.0.0.0-8080-exec-5] FilterChainProxy - Securing POST /api/activity-sessions/resume
2026-10-06 08:49:09 DEBUG [http-nio-0.0.0.0-8080-exec-11] FilterChainProxy - Securing GET /api/notifications/mine/unread-count
2026-10-06 08:49:09 INFO  [http-nio-0.0.0.0-8080-exec-11] JwtAuthenticationFilter - JWT AUTHENTICATION SUCCESS
2026-10-06 08:49:09 DEBUG [http-nio-0.0.0.0-8080-exec-11] FilterChainProxy - Secured GET /api/notifications/mine/unread-count
2026-10-06 08:49:09 INFO  [http-nio-0.0.0.0-8080-exec-5] JwtAuthenticationFilter - JWT AUTHENTICATION SUCCESS
2026-10-06 08:49:09 DEBUG [http-nio-0.0.0.0-8080-exec-5] FilterChainProxy - Secured POST /api/activity-sessions/resume
2026-10-06 08:49:09 DEBUG [http-nio-0.0.0.0-8080-exec-4] FilterChainProxy - Securing GET /api/notifications/mine?limit=12
2026-10-06 08:49:09 INFO  [http-nio-0.0.0.0-8080-exec-4] JwtAuthenticationFilter - JWT AUTHENTICATION SUCCESS
2026-10-06 08:49:09 DEBUG [http-nio-0.0.0.0-8080-exec-4] FilterChainProxy - Secured GET /api/notifications/mine?limit=12
2026-10-06 08:49:09 DEBUG [http-nio-0.0.0.0-8080-exec-8] FilterChainProxy - Securing GET /api/course
2026-10-06 08:49:09 INFO  [http-nio-0.0.0.0-8080-exec-8] JwtAuthenticationFilter - JWT AUTHENTICATION SUCCESS
2026-10-06 08:49:09 DEBUG [http-nio-0.0.0.0-8080-exec-7] FilterChainProxy - Securing GET /api/subjects
2026-10-06 08:49:09 DEBUG [http-nio-0.0.0.0-8080-exec-8] FilterChainProxy - Secured GET /api/course
2026-10-06 08:49:09 INFO  [http-nio-0.0.0.0-8080-exec-8] CourseController - Received request to fetch all courses.
2026-10-06 08:49:09 INFO  [http-nio-0.0.0.0-8080-exec-8] CourseService - Fetching all courses.
2026-10-06 08:49:09 INFO  [http-nio-0.0.0.0-8080-exec-7] JwtAuthenticationFilter - JWT AUTHENTICATION SUCCESS
2026-10-06 08:49:09 INFO  [http-nio-0.0.0.0-8080-exec-8] CourseService - Fetched 1 courses.
2026-10-06 08:49:09 INFO  [http-nio-0.0.0.0-8080-exec-8] CourseController - Fetched 1 courses successfully.
2026-10-06 08:49:09 DEBUG [http-nio-0.0.0.0-8080-exec-7] FilterChainProxy - Secured GET /api/subjects
2026-10-06 08:49:09 DEBUG [http-nio-0.0.0.0-8080-exec-3] FilterChainProxy - Securing GET /api/chapter
2026-10-06 08:49:09 DEBUG [http-nio-0.0.0.0-8080-exec-9] FilterChainProxy - Securing GET /api/topics
2026-10-06 08:49:09 INFO  [http-nio-0.0.0.0-8080-exec-3] JwtAuthenticationFilter - JWT AUTHENTICATION SUCCESS
2026-10-06 08:49:09 INFO  [http-nio-0.0.0.0-8080-exec-9] JwtAuthenticationFilter - JWT AUTHENTICATION SUCCESS
2026-10-06 08:49:09 DEBUG [http-nio-0.0.0.0-8080-exec-3] FilterChainProxy - Secured GET /api/chapter
2026-10-06 08:49:09 DEBUG [http-nio-0.0.0.0-8080-exec-9] FilterChainProxy - Secured GET /api/topics
2026-10-06 08:49:09 INFO  [http-nio-0.0.0.0-8080-exec-3] ChapterController - Received request to fetch all chapters.
2026-10-06 08:49:09 INFO  [http-nio-0.0.0.0-8080-exec-3] ChapterService - Fetching all chapters.
2026-10-06 08:49:09 DEBUG [http-nio-0.0.0.0-8080-exec-11] FilterChainProxy - Securing GET /api/college
2026-10-06 08:49:09 INFO  [http-nio-0.0.0.0-8080-exec-3] ChapterService - Fetched 6 chapters.
2026-10-06 08:49:09 INFO  [http-nio-0.0.0.0-8080-exec-3] ChapterController - Fetched 6 chapters successfully.
2026-10-06 08:49:09 INFO  [http-nio-0.0.0.0-8080-exec-11] JwtAuthenticationFilter - JWT AUTHENTICATION SUCCESS
2026-10-06 08:49:09 DEBUG [http-nio-0.0.0.0-8080-exec-11] FilterChainProxy - Secured GET /api/college
2026-10-06 08:49:09 INFO  [http-nio-0.0.0.0-8080-exec-11] CollegeController - Received request to fetch all colleges.
2026-10-06 08:49:09 INFO  [http-nio-0.0.0.0-8080-exec-11] CollegeService - Fetching all colleges.
2026-10-06 08:49:09 INFO  [http-nio-0.0.0.0-8080-exec-11] CollegeService - Fetched 1 colleges.
2026-10-06 08:49:09 INFO  [http-nio-0.0.0.0-8080-exec-11] CollegeController - Fetched 1 colleges successfully.
2026-10-06 08:49:09 DEBUG [http-nio-0.0.0.0-8080-exec-3] FilterChainProxy - Securing GET /api/branch
2026-10-06 08:49:09 DEBUG [http-nio-0.0.0.0-8080-exec-4] FilterChainProxy - Securing GET /api/section
2026-10-06 08:49:09 DEBUG [http-nio-0.0.0.0-8080-exec-2] FilterChainProxy - Securing GET /api/users/students_Guest
2026-10-06 08:49:09 INFO  [http-nio-0.0.0.0-8080-exec-3] JwtAuthenticationFilter - JWT AUTHENTICATION SUCCESS
2026-10-06 08:49:09 INFO  [http-nio-0.0.0.0-8080-exec-2] JwtAuthenticationFilter - JWT AUTHENTICATION SUCCESS
2026-10-06 08:49:09 DEBUG [http-nio-0.0.0.0-8080-exec-2] FilterChainProxy - Secured GET /api/users/students_Guest
2026-10-06 08:49:09 DEBUG [http-nio-0.0.0.0-8080-exec-3] FilterChainProxy - Secured GET /api/branch
2026-10-06 08:49:09 INFO  [http-nio-0.0.0.0-8080-exec-4] JwtAuthenticationFilter - JWT AUTHENTICATION SUCCESS
2026-10-06 08:49:09 DEBUG [http-nio-0.0.0.0-8080-exec-4] FilterChainProxy - Secured GET /api/section
2026-10-06 08:49:09 INFO  [http-nio-0.0.0.0-8080-exec-3] BranchController - Received request to fetch all branches.
2026-10-06 08:49:09 INFO  [http-nio-0.0.0.0-8080-exec-3] BranchService - Fetching all branches.
2026-10-06 08:49:09 INFO  [http-nio-0.0.0.0-8080-exec-4] SectionController - Received request to fetch all sections.
2026-10-06 08:49:09 INFO  [http-nio-0.0.0.0-8080-exec-4] SectionService - Fetching all sections.
2026-10-06 08:49:09 INFO  [http-nio-0.0.0.0-8080-exec-3] BranchService - Fetched 3 branches.
2026-10-06 08:49:09 INFO  [http-nio-0.0.0.0-8080-exec-3] BranchController - Fetched 3 branches successfully.
2026-10-06 08:49:09 INFO  [http-nio-0.0.0.0-8080-exec-4] SectionService - Fetched 1 sections.
2026-10-06 08:49:09 INFO  [http-nio-0.0.0.0-8080-exec-4] SectionController - Fetched 1 sections successfully.
2026-10-06 08:49:09 DEBUG [http-nio-0.0.0.0-8080-exec-5] FilterChainProxy - Securing GET /api/college
2026-10-06 08:49:09 DEBUG [http-nio-0.0.0.0-8080-exec-7] FilterChainProxy - Securing GET /api/section
2026-10-06 08:49:09 DEBUG [http-nio-0.0.0.0-8080-exec-8] FilterChainProxy - Securing GET /api/course
2026-10-06 08:49:09 INFO  [http-nio-0.0.0.0-8080-exec-5] JwtAuthenticationFilter - JWT AUTHENTICATION SUCCESS
2026-10-06 08:49:09 DEBUG [http-nio-0.0.0.0-8080-exec-5] FilterChainProxy - Secured GET /api/college
2026-10-06 08:49:09 INFO  [http-nio-0.0.0.0-8080-exec-5] CollegeController - Received request to fetch all colleges.
2026-10-06 08:49:09 INFO  [http-nio-0.0.0.0-8080-exec-5] CollegeService - Fetching all colleges.
2026-10-06 08:49:09 INFO  [http-nio-0.0.0.0-8080-exec-8] JwtAuthenticationFilter - JWT AUTHENTICATION SUCCESS
2026-10-06 08:49:09 DEBUG [http-nio-0.0.0.0-8080-exec-8] FilterChainProxy - Secured GET /api/course
2026-10-06 08:49:09 INFO  [http-nio-0.0.0.0-8080-exec-5] CollegeService - Fetched 1 colleges.
2026-10-06 08:49:09 INFO  [http-nio-0.0.0.0-8080-exec-5] CollegeController - Fetched 1 colleges successfully.
2026-10-06 08:49:09 INFO  [http-nio-0.0.0.0-8080-exec-8] CourseController - Received request to fetch all courses.
2026-10-06 08:49:09 INFO  [http-nio-0.0.0.0-8080-exec-8] CourseService - Fetching all courses.
2026-10-06 08:49:09 INFO  [http-nio-0.0.0.0-8080-exec-8] CourseService - Fetched 1 courses.
2026-10-06 08:49:09 INFO  [http-nio-0.0.0.0-8080-exec-8] CourseController - Fetched 1 courses successfully.
2026-10-06 08:49:09 DEBUG [http-nio-0.0.0.0-8080-exec-11] FilterChainProxy - Securing GET /api/branch
2026-10-06 08:49:09 INFO  [http-nio-0.0.0.0-8080-exec-7] JwtAuthenticationFilter - JWT AUTHENTICATION SUCCESS
2026-10-06 08:49:09 DEBUG [http-nio-0.0.0.0-8080-exec-7] FilterChainProxy - Secured GET /api/section
2026-10-06 08:49:09 INFO  [http-nio-0.0.0.0-8080-exec-7] SectionController - Received request to fetch all sections.
2026-10-06 08:49:09 INFO  [http-nio-0.0.0.0-8080-exec-7] SectionService - Fetching all sections.
2026-10-06 08:49:09 DEBUG [http-nio-0.0.0.0-8080-exec-9] FilterChainProxy - Securing GET /api/college
2026-10-06 08:49:09 INFO  [http-nio-0.0.0.0-8080-exec-11] JwtAuthenticationFilter - JWT AUTHENTICATION SUCCESS
2026-10-06 08:49:09 DEBUG [http-nio-0.0.0.0-8080-exec-11] FilterChainProxy - Secured GET /api/branch
2026-10-06 08:49:09 INFO  [http-nio-0.0.0.0-8080-exec-11] BranchController - Received request to fetch all branches.
2026-10-06 08:49:09 INFO  [http-nio-0.0.0.0-8080-exec-11] BranchService - Fetching all branches.
2026-10-06 08:49:09 INFO  [http-nio-0.0.0.0-8080-exec-7] SectionService - Fetched 1 sections.
2026-10-06 08:49:09 INFO  [http-nio-0.0.0.0-8080-exec-7] SectionController - Fetched 1 sections successfully.
2026-10-06 08:49:09 INFO  [http-nio-0.0.0.0-8080-exec-11] BranchService - Fetched 3 branches.
2026-10-06 08:49:09 INFO  [http-nio-0.0.0.0-8080-exec-11] BranchController - Fetched 3 branches successfully.
2026-10-06 08:49:09 DEBUG [http-nio-0.0.0.0-8080-exec-4] FilterChainProxy - Securing GET /api/section
2026-10-06 08:49:09 DEBUG [http-nio-0.0.0.0-8080-exec-3] FilterChainProxy - Securing GET /api/course
2026-10-06 08:49:09 INFO  [http-nio-0.0.0.0-8080-exec-9] JwtAuthenticationFilter - JWT AUTHENTICATION SUCCESS
2026-10-06 08:49:09 DEBUG [http-nio-0.0.0.0-8080-exec-9] FilterChainProxy - Secured GET /api/college
2026-10-06 08:49:09 INFO  [http-nio-0.0.0.0-8080-exec-9] CollegeController - Received request to fetch all colleges.
2026-10-06 08:49:09 INFO  [http-nio-0.0.0.0-8080-exec-9] CollegeService - Fetching all colleges.
2026-10-06 08:49:09 INFO  [http-nio-0.0.0.0-8080-exec-9] CollegeService - Fetched 1 colleges.
2026-10-06 08:49:09 INFO  [http-nio-0.0.0.0-8080-exec-9] CollegeController - Fetched 1 colleges successfully.
2026-10-06 08:49:09 INFO  [http-nio-0.0.0.0-8080-exec-4] JwtAuthenticationFilter - JWT AUTHENTICATION SUCCESS
2026-10-06 08:49:09 DEBUG [http-nio-0.0.0.0-8080-exec-4] FilterChainProxy - Secured GET /api/section
2026-10-06 08:49:09 INFO  [http-nio-0.0.0.0-8080-exec-3] JwtAuthenticationFilter - JWT AUTHENTICATION SUCCESS
2026-10-06 08:49:09 INFO  [http-nio-0.0.0.0-8080-exec-4] SectionController - Received request to fetch all sections.
2026-10-06 08:49:09 INFO  [http-nio-0.0.0.0-8080-exec-4] SectionService - Fetching all sections.
2026-10-06 08:49:09 DEBUG [http-nio-0.0.0.0-8080-exec-3] FilterChainProxy - Secured GET /api/course
2026-10-06 08:49:09 INFO  [http-nio-0.0.0.0-8080-exec-3] CourseController - Received request to fetch all courses.
2026-10-06 08:49:09 INFO  [http-nio-0.0.0.0-8080-exec-3] CourseService - Fetching all courses.
2026-10-06 08:49:09 DEBUG [http-nio-0.0.0.0-8080-exec-2] FilterChainProxy - Securing GET /api/branch
2026-10-06 08:49:09 INFO  [http-nio-0.0.0.0-8080-exec-3] CourseService - Fetched 1 courses.
2026-10-06 08:49:09 INFO  [http-nio-0.0.0.0-8080-exec-3] CourseController - Fetched 1 courses successfully.
2026-10-06 08:49:09 INFO  [http-nio-0.0.0.0-8080-exec-4] SectionService - Fetched 1 sections.
2026-10-06 08:49:09 INFO  [http-nio-0.0.0.0-8080-exec-4] SectionController - Fetched 1 sections successfully.
2026-10-06 08:49:09 INFO  [http-nio-0.0.0.0-8080-exec-2] JwtAuthenticationFilter - JWT AUTHENTICATION SUCCESS
2026-10-06 08:49:09 DEBUG [http-nio-0.0.0.0-8080-exec-2] FilterChainProxy - Secured GET /api/branch
2026-10-06 08:49:09 INFO  [http-nio-0.0.0.0-8080-exec-2] BranchController - Received request to fetch all branches.
2026-10-06 08:49:09 INFO  [http-nio-0.0.0.0-8080-exec-2] BranchService - Fetching all branches.
2026-10-06 08:49:09 INFO  [http-nio-0.0.0.0-8080-exec-2] BranchService - Fetched 3 branches.
2026-10-06 08:49:09 INFO  [http-nio-0.0.0.0-8080-exec-2] BranchController - Fetched 3 branches successfully.
2026-10-06 08:49:09 DEBUG [http-nio-0.0.0.0-8080-exec-5] FilterChainProxy - Securing GET /api/exams
2026-10-06 08:49:09 INFO  [http-nio-0.0.0.0-8080-exec-5] JwtAuthenticationFilter - JWT AUTHENTICATION SUCCESS
2026-10-06 08:49:09 DEBUG [http-nio-0.0.0.0-8080-exec-5] FilterChainProxy - Secured GET /api/exams
2026-10-06 08:49:09 DEBUG [http-nio-0.0.0.0-8080-exec-8] FilterChainProxy - Securing GET /api/performance/super-admin
2026-10-06 08:49:09 INFO  [http-nio-0.0.0.0-8080-exec-8] JwtAuthenticationFilter - JWT AUTHENTICATION SUCCESS
2026-10-06 08:49:09 DEBUG [http-nio-0.0.0.0-8080-exec-8] FilterChainProxy - Secured GET /api/performance/super-admin
2026-10-06 08:49:12 DEBUG [http-nio-0.0.0.0-8080-exec-7] FilterChainProxy - Securing GET /api/questions
2026-10-06 08:49:15 INFO  [http-nio-0.0.0.0-8080-exec-7] JwtAuthenticationFilter - JWT AUTHENTICATION SUCCESS
2026-10-06 08:49:15 DEBUG [http-nio-0.0.0.0-8080-exec-7] FilterChainProxy - Secured GET /api/questions
2026-10-06 09:02:09 INFO  [background-preinit] Version - HV000001: Hibernate Validator 8.0.2.Final
2026-10-06 09:02:09 INFO  [main] ProjectSApplication - Starting ProjectSApplication using Java 26.0.1 with PID 20502 (/home/abhimanyu/Projects/Training/ProjectS/target/classes started by abhimanyu in /home/abhimanyu/Projects/Training/ProjectS)
2026-10-06 09:02:09 INFO  [main] ProjectSApplication - No active profile set, falling back to 1 default profile: "default"
2026-10-06 09:02:11 INFO  [main] RepositoryConfigurationDelegate - Multiple Spring Data modules found, entering strict repository configuration mode
2026-10-06 09:02:11 INFO  [main] RepositoryConfigurationDelegate - Bootstrapping Spring Data JDBC repositories in DEFAULT mode.
2026-10-06 09:02:11 INFO  [main] RepositoryConfigurationExtensionSupport - Spring Data JDBC - Could not safely identify store assignment for repository candidate interface com.project.ProjectS.repository.AnswerEventRepository; If you want this repository to be a JDBC repository, consider annotating your entities with one of these annotations: org.springframework.data.relational.core.mapping.Table.
2026-10-06 09:02:11 INFO  [main] RepositoryConfigurationExtensionSupport - Spring Data JDBC - Could not safely identify store assignment for repository candidate interface com.project.ProjectS.repository.AttendanceRepository; If you want this repository to be a JDBC repository, consider annotating your entities with one of these annotations: org.springframework.data.relational.core.mapping.Table.
2026-10-06 09:02:11 INFO  [main] RepositoryConfigurationExtensionSupport - Spring Data JDBC - Could not safely identify store assignment for repository candidate interface com.project.ProjectS.repository.BranchRepository; If you want this repository to be a JDBC repository, consider annotating your entities with one of these annotations: org.springframework.data.relational.core.mapping.Table.
2026-10-06 09:02:11 INFO  [main] RepositoryConfigurationExtensionSupport - Spring Data JDBC - Could not safely identify store assignment for repository candidate interface com.project.ProjectS.repository.ChapterRepository; If you want this repository to be a JDBC repository, consider annotating your entities with one of these annotations: org.springframework.data.relational.core.mapping.Table.
2026-10-06 09:02:11 INFO  [main] RepositoryConfigurationExtensionSupport - Spring Data JDBC - Could not safely identify store assignment for repository candidate interface com.project.ProjectS.repository.CollegeRepository; If you want this repository to be a JDBC repository, consider annotating your entities with one of these annotations: org.springframework.data.relational.core.mapping.Table.
2026-10-06 09:02:11 INFO  [main] RepositoryConfigurationExtensionSupport - Spring Data JDBC - Could not safely identify store assignment for repository candidate interface com.project.ProjectS.repository.CourseRepository; If you want this repository to be a JDBC repository, consider annotating your entities with one of these annotations: org.springframework.data.relational.core.mapping.Table.
2026-10-06 09:02:11 INFO  [main] RepositoryConfigurationExtensionSupport - Spring Data JDBC - Could not safely identify store assignment for repository candidate interface com.project.ProjectS.repository.ExamQuestionRepository; If you want this repository to be a JDBC repository, consider annotating your entities with one of these annotations: org.springframework.data.relational.core.mapping.Table.
2026-10-06 09:02:11 INFO  [main] RepositoryConfigurationExtensionSupport - Spring Data JDBC - Could not safely identify store assignment for repository candidate interface com.project.ProjectS.repository.ExamRepository; If you want this repository to be a JDBC repository, consider annotating your entities with one of these annotations: org.springframework.data.relational.core.mapping.Table.
2026-10-06 09:02:11 INFO  [main] RepositoryConfigurationExtensionSupport - Spring Data JDBC - Could not safely identify store assignment for repository candidate interface com.project.ProjectS.repository.ExamResultRepository; If you want this repository to be a JDBC repository, consider annotating your entities with one of these annotations: org.springframework.data.relational.core.mapping.Table.
2026-10-06 09:02:11 INFO  [main] RepositoryConfigurationExtensionSupport - Spring Data JDBC - Could not safely identify store assignment for repository candidate interface com.project.ProjectS.repository.McqOptionRepository; If you want this repository to be a JDBC repository, consider annotating your entities with one of these annotations: org.springframework.data.relational.core.mapping.Table.
2026-10-06 09:02:11 INFO  [main] RepositoryConfigurationExtensionSupport - Spring Data JDBC - Could not safely identify store assignment for repository candidate interface com.project.ProjectS.repository.McqQuestionRepository; If you want this repository to be a JDBC repository, consider annotating your entities with one of these annotations: org.springframework.data.relational.core.mapping.Table.
2026-10-06 09:02:11 INFO  [main] RepositoryConfigurationExtensionSupport - Spring Data JDBC - Could not safely identify store assignment for repository candidate interface com.project.ProjectS.repository.MockExamQuestionRepository; If you want this repository to be a JDBC repository, consider annotating your entities with one of these annotations: org.springframework.data.relational.core.mapping.Table.
2026-10-06 09:02:11 INFO  [main] RepositoryConfigurationExtensionSupport - Spring Data JDBC - Could not safely identify store assignment for repository candidate interface com.project.ProjectS.repository.MockExamRepository; If you want this repository to be a JDBC repository, consider annotating your entities with one of these annotations: org.springframework.data.relational.core.mapping.Table.
2026-10-06 09:02:11 INFO  [main] RepositoryConfigurationExtensionSupport - Spring Data JDBC - Could not safely identify store assignment for repository candidate interface com.project.ProjectS.repository.MockExamResultRepository; If you want this repository to be a JDBC repository, consider annotating your entities with one of these annotations: org.springframework.data.relational.core.mapping.Table.
2026-10-06 09:02:11 INFO  [main] RepositoryConfigurationExtensionSupport - Spring Data JDBC - Could not safely identify store assignment for repository candidate interface com.project.ProjectS.repository.NotificationRepository; If you want this repository to be a JDBC repository, consider annotating your entities with one of these annotations: org.springframework.data.relational.core.mapping.Table.
2026-10-06 09:02:11 INFO  [main] RepositoryConfigurationExtensionSupport - Spring Data JDBC - Could not safely identify store assignment for repository candidate interface com.project.ProjectS.repository.PlanCourseRepository; If you want this repository to be a JDBC repository, consider annotating your entities with one of these annotations: org.springframework.data.relational.core.mapping.Table.
2026-10-06 09:02:11 INFO  [main] RepositoryConfigurationExtensionSupport - Spring Data JDBC - Could not safely identify store assignment for repository candidate interface com.project.ProjectS.repository.PracticeResultRepository; If you want this repository to be a JDBC repository, consider annotating your entities with one of these annotations: org.springframework.data.relational.core.mapping.Table.
2026-10-06 09:02:11 INFO  [main] RepositoryConfigurationExtensionSupport - Spring Data JDBC - Could not safely identify store assignment for repository candidate interface com.project.ProjectS.repository.QuestionAnswerRepository; If you want this repository to be a JDBC repository, consider annotating your entities with one of these annotations: org.springframework.data.relational.core.mapping.Table.
2026-10-06 09:02:11 INFO  [main] RepositoryConfigurationExtensionSupport - Spring Data JDBC - Could not safely identify store assignment for repository candidate interface com.project.ProjectS.repository.QuestionAttributeRepository; If you want this repository to be a JDBC repository, consider annotating your entities with one of these annotations: org.springframework.data.relational.core.mapping.Table.
2026-10-06 09:02:11 INFO  [main] RepositoryConfigurationExtensionSupport - Spring Data JDBC - Could not safely identify store assignment for repository candidate interface com.project.ProjectS.repository.QuestionFillBlankAnswerRepository; If you want this repository to be a JDBC repository, consider annotating your entities with one of these annotations: org.springframework.data.relational.core.mapping.Table.
2026-10-06 09:02:11 INFO  [main] RepositoryConfigurationExtensionSupport - Spring Data JDBC - Could not safely identify store assignment for repository candidate interface com.project.ProjectS.repository.QuestionMatchingPairRepository; If you want this repository to be a JDBC repository, consider annotating your entities with one of these annotations: org.springframework.data.relational.core.mapping.Table.
2026-10-06 09:02:11 INFO  [main] RepositoryConfigurationExtensionSupport - Spring Data JDBC - Could not safely identify store assignment for repository candidate interface com.project.ProjectS.repository.QuestionRepository; If you want this repository to be a JDBC repository, consider annotating your entities with one of these annotations: org.springframework.data.relational.core.mapping.Table.
2026-10-06 09:02:11 INFO  [main] RepositoryConfigurationExtensionSupport - Spring Data JDBC - Could not safely identify store assignment for repository candidate interface com.project.ProjectS.repository.QuestionTypeRepository; If you want this repository to be a JDBC repository, consider annotating your entities with one of these annotations: org.springframework.data.relational.core.mapping.Table.
2026-10-06 09:02:11 INFO  [main] RepositoryConfigurationExtensionSupport - Spring Data JDBC - Could not safely identify store assignment for repository candidate interface com.project.ProjectS.repository.RoleRepository; If you want this repository to be a JDBC repository, consider annotating your entities with one of these annotations: org.springframework.data.relational.core.mapping.Table.
2026-10-06 09:02:11 INFO  [main] RepositoryConfigurationExtensionSupport - Spring Data JDBC - Could not safely identify store assignment for repository candidate interface com.project.ProjectS.repository.RuleEngineRepository; If you want this repository to be a JDBC repository, consider annotating your entities with one of these annotations: org.springframework.data.relational.core.mapping.Table.
2026-10-06 09:02:11 INFO  [main] RepositoryConfigurationExtensionSupport - Spring Data JDBC - Could not safely identify store assignment for repository candidate interface com.project.ProjectS.repository.SectionRepository; If you want this repository to be a JDBC repository, consider annotating your entities with one of these annotations: org.springframework.data.relational.core.mapping.Table.
2026-10-06 09:02:11 INFO  [main] RepositoryConfigurationExtensionSupport - Spring Data JDBC - Could not safely identify store assignment for repository candidate interface com.project.ProjectS.repository.SubjectRepository; If you want this repository to be a JDBC repository, consider annotating your entities with one of these annotations: org.springframework.data.relational.core.mapping.Table.
2026-10-06 09:02:11 INFO  [main] RepositoryConfigurationExtensionSupport - Spring Data JDBC - Could not safely identify store assignment for repository candidate interface com.project.ProjectS.repository.SubscriptionPlanRepository; If you want this repository to be a JDBC repository, consider annotating your entities with one of these annotations: org.springframework.data.relational.core.mapping.Table.
2026-10-06 09:02:11 INFO  [main] RepositoryConfigurationExtensionSupport - Spring Data JDBC - Could not safely identify store assignment for repository candidate interface com.project.ProjectS.repository.TableAttributeRepository; If you want this repository to be a JDBC repository, consider annotating your entities with one of these annotations: org.springframework.data.relational.core.mapping.Table.
2026-10-06 09:02:11 INFO  [main] RepositoryConfigurationExtensionSupport - Spring Data JDBC - Could not safely identify store assignment for repository candidate interface com.project.ProjectS.repository.TableHeaderRepository; If you want this repository to be a JDBC repository, consider annotating your entities with one of these annotations: org.springframework.data.relational.core.mapping.Table.
2026-10-06 09:02:11 INFO  [main] RepositoryConfigurationExtensionSupport - Spring Data JDBC - Could not safely identify store assignment for repository candidate interface com.project.ProjectS.repository.TableNameRepository; If you want this repository to be a JDBC repository, consider annotating your entities with one of these annotations: org.springframework.data.relational.core.mapping.Table.
2026-10-06 09:02:11 INFO  [main] RepositoryConfigurationExtensionSupport - Spring Data JDBC - Could not safely identify store assignment for repository candidate interface com.project.ProjectS.repository.TopicRepository; If you want this repository to be a JDBC repository, consider annotating your entities with one of these annotations: org.springframework.data.relational.core.mapping.Table.
2026-10-06 09:02:11 INFO  [main] RepositoryConfigurationExtensionSupport - Spring Data JDBC - Could not safely identify store assignment for repository candidate interface com.project.ProjectS.repository.UserActivitySessionRepository; If you want this repository to be a JDBC repository, consider annotating your entities with one of these annotations: org.springframework.data.relational.core.mapping.Table.
2026-10-06 09:02:11 INFO  [main] RepositoryConfigurationExtensionSupport - Spring Data JDBC - Could not safely identify store assignment for repository candidate interface com.project.ProjectS.repository.UserRepository; If you want this repository to be a JDBC repository, consider annotating your entities with one of these annotations: org.springframework.data.relational.core.mapping.Table.
2026-10-06 09:02:11 INFO  [main] RepositoryConfigurationExtensionSupport - Spring Data JDBC - Could not safely identify store assignment for repository candidate interface com.project.ProjectS.repository.UserSubscriptionRepository; If you want this repository to be a JDBC repository, consider annotating your entities with one of these annotations: org.springframework.data.relational.core.mapping.Table.
2026-10-06 09:02:11 INFO  [main] RepositoryConfigurationDelegate - Finished Spring Data repository scanning in 80 ms. Found 0 JDBC repository interfaces.
2026-10-06 09:02:11 INFO  [main] RepositoryConfigurationDelegate - Multiple Spring Data modules found, entering strict repository configuration mode
2026-10-06 09:02:11 INFO  [main] RepositoryConfigurationDelegate - Bootstrapping Spring Data JPA repositories in DEFAULT mode.
2026-10-06 09:02:11 INFO  [main] RepositoryConfigurationDelegate - Finished Spring Data repository scanning in 40 ms. Found 35 JPA repository interfaces.
2026-10-06 09:02:12 INFO  [main] TomcatWebServer - Tomcat initialized with port 8080 (http)
2026-10-06 09:02:12 INFO  [main] Http11NioProtocol - Initializing ProtocolHandler ["http-nio-0.0.0.0-8080"]
2026-10-06 09:02:12 INFO  [main] StandardService - Starting service [Tomcat]
2026-10-06 09:02:12 INFO  [main] StandardEngine - Starting Servlet engine: [Apache Tomcat/10.1.43]
2026-10-06 09:02:12 INFO  [main] [/] - Initializing Spring embedded WebApplicationContext
2026-10-06 09:02:12 INFO  [main] ServletWebServerApplicationContext - Root WebApplicationContext: initialization completed in 2908 ms
2026-10-06 09:02:12 INFO  [main] LogHelper - HHH000204: Processing PersistenceUnitInfo [name: default]
2026-10-06 09:02:12 INFO  [main] Version - HHH000412: Hibernate ORM core version 6.6.22.Final
2026-10-06 09:02:12 INFO  [main] Environment - HHH000205: Loaded properties from resource hibernate.properties: {}
2026-10-06 09:02:12 INFO  [main] RegionFactoryInitiator - HHH000026: Second-level cache disabled
2026-10-06 09:02:13 INFO  [main] SpringPersistenceUnitInfo - No LoadTimeWeaver setup: ignoring JPA class transformer
2026-10-06 09:02:13 INFO  [main] HikariDataSource - HikariPool-1 - Starting...
2026-10-06 09:02:14 INFO  [main] HikariPool - HikariPool-1 - Added connection org.postgresql.jdbc.PgConnection@87220f1
2026-10-06 09:02:14 INFO  [main] HikariDataSource - HikariPool-1 - Start completed.
2026-10-06 09:02:14 INFO  [main] pooling - HHH10001005: Database info:
	Database JDBC URL [Connecting through datasource 'HikariDataSource (HikariPool-1)']
	Database driver: undefined/unknown
	Database version: 16.15
	Autocommit mode: undefined/unknown
	Isolation level: undefined/unknown
	Minimum pool size: undefined/unknown
	Maximum pool size: undefined/unknown
2026-10-06 09:02:16 INFO  [main] JtaPlatformInitiator - HHH000489: No JTA platform available (set 'hibernate.transaction.jta.platform' to enable JTA platform integration)
2026-10-06 09:02:18 INFO  [main] LocalContainerEntityManagerFactoryBean - Initialized JPA EntityManagerFactory for persistence unit 'default'
2026-10-06 09:02:19 INFO  [main] QueryEnhancerFactory - Hibernate is in classpath; If applicable, HQL parser will be used.
2026-10-06 09:02:20 INFO  [main] InitializeUserDetailsBeanManagerConfigurer$InitializeUserDetailsManagerConfigurer - Global AuthenticationManager configured with UserDetailsService bean with name customUserDetailsService
2026-10-06 09:02:21 WARN  [main] JpaBaseConfiguration$JpaWebConfiguration - spring.jpa.open-in-view is enabled by default. Therefore, database queries may be performed during view rendering. Explicitly configure spring.jpa.open-in-view to disable this warning
2026-10-06 09:02:21 DEBUG [main] DefaultSecurityFilterChain - Will secure any request with filters: DisableEncodeUrlFilter, WebAsyncManagerIntegrationFilter, SecurityContextHolderFilter, HeaderWriterFilter, CorsFilter, LogoutFilter, OAuth2AuthorizationRequestRedirectFilter, OAuth2LoginAuthenticationFilter, JwtAuthenticationFilter, DefaultResourcesFilter, DefaultLoginPageGeneratingFilter, DefaultLogoutPageGeneratingFilter, RequestCacheAwareFilter, SecurityContextHolderAwareRequestFilter, AnonymousAuthenticationFilter, SessionManagementFilter, ExceptionTranslationFilter, AuthorizationFilter
2026-10-06 09:02:21 INFO  [main] Http11NioProtocol - Starting ProtocolHandler ["http-nio-0.0.0.0-8080"]
2026-10-06 09:02:22 INFO  [main] TomcatWebServer - Tomcat started on port 8080 (http) with context path '/'
2026-10-06 09:02:22 INFO  [main] ProjectSApplication - Started ProjectSApplication in 12.834 seconds (process running for 15.66)
2026-10-06 09:03:01 INFO  [http-nio-0.0.0.0-8080-exec-1] [/] - Initializing Spring DispatcherServlet 'dispatcherServlet'
2026-10-06 09:03:01 INFO  [http-nio-0.0.0.0-8080-exec-1] DispatcherServlet - Initializing Servlet 'dispatcherServlet'
2026-10-06 09:03:01 INFO  [http-nio-0.0.0.0-8080-exec-1] DispatcherServlet - Completed initialization in 51 ms
2026-10-06 09:03:02 DEBUG [http-nio-0.0.0.0-8080-exec-1] FilterChainProxy - Securing OPTIONS /api/auth/login
2026-10-06 09:03:02 INFO  [http-nio-0.0.0.0-8080-exec-2] Cookie - A cookie header was received [g_state={"i_l":0,"i_ll":1790225936622,"i_e":{"enable_itp_optimization":24},"i_et":1790225936622,"i_b":"nTW2hBtMFhkXWSpjVMxoNvCBehr0rRE7wx/ycjqzxFQ"}] that contained an invalid cookie. That cookie will be ignored.
 Note: further occurrences of this error will be logged at DEBUG level.
2026-10-06 09:03:02 DEBUG [http-nio-0.0.0.0-8080-exec-2] FilterChainProxy - Securing POST /api/auth/login
2026-10-06 09:03:02 DEBUG [http-nio-0.0.0.0-8080-exec-2] AnonymousAuthenticationFilter - Set SecurityContextHolder to anonymous SecurityContext
2026-10-06 09:03:02 DEBUG [http-nio-0.0.0.0-8080-exec-2] FilterChainProxy - Secured POST /api/auth/login
2026-10-06 09:03:03 DEBUG [http-nio-0.0.0.0-8080-exec-2] DaoAuthenticationProvider - Authenticated user
2026-10-06 09:03:03 DEBUG [http-nio-0.0.0.0-8080-exec-3] FilterChainProxy - Securing OPTIONS /api/notifications/mine?limit=12
2026-10-06 09:03:03 DEBUG [http-nio-0.0.0.0-8080-exec-4] FilterChainProxy - Securing OPTIONS /api/notifications/mine/unread-count
2026-10-06 09:03:03 DEBUG [http-nio-0.0.0.0-8080-exec-5] FilterChainProxy - Securing OPTIONS /api/course
2026-10-06 09:03:03 DEBUG [http-nio-0.0.0.0-8080-exec-8] FilterChainProxy - Securing OPTIONS /api/chapter
2026-10-06 09:03:03 DEBUG [http-nio-0.0.0.0-8080-exec-9] FilterChainProxy - Securing OPTIONS /api/topics
2026-10-06 09:03:03 DEBUG [http-nio-0.0.0.0-8080-exec-6] FilterChainProxy - Securing OPTIONS /api/subjects
2026-10-06 09:03:03 DEBUG [http-nio-0.0.0.0-8080-exec-3] FilterChainProxy - Securing GET /api/course
2026-10-06 09:03:03 DEBUG [http-nio-0.0.0.0-8080-exec-7] FilterChainProxy - Securing GET /api/notifications/mine/unread-count
2026-10-06 09:03:03 DEBUG [http-nio-0.0.0.0-8080-exec-5] FilterChainProxy - Securing OPTIONS /api/questions
2026-10-06 09:03:03 DEBUG [http-nio-0.0.0.0-8080-exec-8] FilterChainProxy - Securing OPTIONS /api/branch
2026-10-06 09:03:03 DEBUG [http-nio-0.0.0.0-8080-exec-10] FilterChainProxy - Securing OPTIONS /api/college
2026-10-06 09:03:03 DEBUG [http-nio-0.0.0.0-8080-exec-1] FilterChainProxy - Securing GET /api/notifications/mine?limit=12
2026-10-06 09:03:03 DEBUG [http-nio-0.0.0.0-8080-exec-2] FilterChainProxy - Securing OPTIONS /api/section
2026-10-06 09:03:03 DEBUG [http-nio-0.0.0.0-8080-exec-6] FilterChainProxy - Securing GET /api/chapter
2026-10-06 09:03:03 DEBUG [http-nio-0.0.0.0-8080-exec-11] FilterChainProxy - Securing OPTIONS /api/notifications/mine?limit=12
2026-10-06 09:03:03 DEBUG [http-nio-0.0.0.0-8080-exec-5] FilterChainProxy - Securing OPTIONS /api/notifications/mine/unread-count
2026-10-06 09:03:03 DEBUG [http-nio-0.0.0.0-8080-exec-9] FilterChainProxy - Securing OPTIONS /api/activity-sessions
2026-10-06 09:03:03 DEBUG [http-nio-0.0.0.0-8080-exec-4] FilterChainProxy - Securing OPTIONS /api/exams
2026-10-06 09:03:03 DEBUG [http-nio-0.0.0.0-8080-exec-12] FilterChainProxy - Securing GET /api/subjects
2026-10-06 09:03:03 DEBUG [http-nio-0.0.0.0-8080-exec-11] FilterChainProxy - Securing OPTIONS /api/chapter
2026-10-06 09:03:03 DEBUG [http-nio-0.0.0.0-8080-exec-8] FilterChainProxy - Securing OPTIONS /api/dashboard
2026-10-06 09:03:03 DEBUG [http-nio-0.0.0.0-8080-exec-9] FilterChainProxy - Securing OPTIONS /api/topics
2026-10-06 09:03:03 DEBUG [http-nio-0.0.0.0-8080-exec-2] FilterChainProxy - Securing OPTIONS /api/course
2026-10-06 09:03:03 DEBUG [http-nio-0.0.0.0-8080-exec-5] FilterChainProxy - Securing OPTIONS /api/subjects
2026-10-06 09:03:03 DEBUG [http-nio-0.0.0.0-8080-exec-10] FilterChainProxy - Securing GET /api/topics
2026-10-06 09:03:03 DEBUG [http-nio-0.0.0.0-8080-exec-8] FilterChainProxy - Securing OPTIONS /api/questions
2026-10-06 09:03:03 DEBUG [http-nio-0.0.0.0-8080-exec-11] FilterChainProxy - Securing OPTIONS /api/college
2026-10-06 09:03:03 DEBUG [http-nio-0.0.0.0-8080-exec-4] FilterChainProxy - Securing OPTIONS /api/branch
2026-10-06 09:03:03 DEBUG [http-nio-0.0.0.0-8080-exec-2] FilterChainProxy - Securing OPTIONS /api/section
2026-10-06 09:03:03 DEBUG [http-nio-0.0.0.0-8080-exec-9] FilterChainProxy - Securing OPTIONS /api/exams
2026-10-06 09:03:03 DEBUG [http-nio-0.0.0.0-8080-exec-5] FilterChainProxy - Securing OPTIONS /api/dashboard
2026-10-06 09:03:04 INFO  [http-nio-0.0.0.0-8080-exec-12] JwtAuthenticationFilter - JWT AUTHENTICATION SUCCESS
2026-10-06 09:03:04 DEBUG [http-nio-0.0.0.0-8080-exec-12] FilterChainProxy - Secured GET /api/subjects
2026-10-06 09:03:04 INFO  [http-nio-0.0.0.0-8080-exec-7] JwtAuthenticationFilter - JWT AUTHENTICATION SUCCESS
2026-10-06 09:03:04 INFO  [http-nio-0.0.0.0-8080-exec-6] JwtAuthenticationFilter - JWT AUTHENTICATION SUCCESS
2026-10-06 09:03:04 INFO  [http-nio-0.0.0.0-8080-exec-3] JwtAuthenticationFilter - JWT AUTHENTICATION SUCCESS
2026-10-06 09:03:04 INFO  [http-nio-0.0.0.0-8080-exec-1] JwtAuthenticationFilter - JWT AUTHENTICATION SUCCESS
2026-10-06 09:03:04 DEBUG [http-nio-0.0.0.0-8080-exec-6] FilterChainProxy - Secured GET /api/chapter
2026-10-06 09:03:04 DEBUG [http-nio-0.0.0.0-8080-exec-3] FilterChainProxy - Secured GET /api/course
2026-10-06 09:03:04 INFO  [http-nio-0.0.0.0-8080-exec-10] JwtAuthenticationFilter - JWT AUTHENTICATION SUCCESS
2026-10-06 09:03:04 DEBUG [http-nio-0.0.0.0-8080-exec-10] FilterChainProxy - Secured GET /api/topics
2026-10-06 09:03:04 INFO  [http-nio-0.0.0.0-8080-exec-3] CourseController - Received request to fetch all courses.
2026-10-06 09:03:04 INFO  [http-nio-0.0.0.0-8080-exec-6] ChapterController - Received request to fetch all chapters.
2026-10-06 09:03:04 INFO  [http-nio-0.0.0.0-8080-exec-3] CourseService - Fetching all courses.
2026-10-06 09:03:04 INFO  [http-nio-0.0.0.0-8080-exec-6] ChapterService - Fetching all chapters.
2026-10-06 09:03:04 DEBUG [http-nio-0.0.0.0-8080-exec-1] FilterChainProxy - Secured GET /api/notifications/mine?limit=12
2026-10-06 09:03:04 DEBUG [http-nio-0.0.0.0-8080-exec-7] FilterChainProxy - Secured GET /api/notifications/mine/unread-count
2026-10-06 09:03:04 INFO  [http-nio-0.0.0.0-8080-exec-6] ChapterService - Fetched 6 chapters.
2026-10-06 09:03:04 INFO  [http-nio-0.0.0.0-8080-exec-3] CourseService - Fetched 1 courses.
2026-10-06 09:03:04 INFO  [http-nio-0.0.0.0-8080-exec-6] ChapterController - Fetched 6 chapters successfully.
2026-10-06 09:03:04 INFO  [http-nio-0.0.0.0-8080-exec-3] CourseController - Fetched 1 courses successfully.
2026-10-06 09:03:04 DEBUG [http-nio-0.0.0.0-8080-exec-6] FilterChainProxy - Securing GET /api/questions
2026-10-06 09:03:04 DEBUG [http-nio-0.0.0.0-8080-exec-8] FilterChainProxy - Securing GET /api/branch
2026-10-06 09:03:04 DEBUG [http-nio-0.0.0.0-8080-exec-4] FilterChainProxy - Securing GET /api/college
2026-10-06 09:03:04 DEBUG [http-nio-0.0.0.0-8080-exec-12] FilterChainProxy - Securing GET /api/section
2026-10-06 09:03:04 INFO  [http-nio-0.0.0.0-8080-exec-6] JwtAuthenticationFilter - JWT AUTHENTICATION SUCCESS
2026-10-06 09:03:04 DEBUG [http-nio-0.0.0.0-8080-exec-6] FilterChainProxy - Secured GET /api/questions
2026-10-06 09:03:04 INFO  [http-nio-0.0.0.0-8080-exec-8] JwtAuthenticationFilter - JWT AUTHENTICATION SUCCESS
2026-10-06 09:03:04 DEBUG [http-nio-0.0.0.0-8080-exec-8] FilterChainProxy - Secured GET /api/branch
2026-10-06 09:03:04 INFO  [http-nio-0.0.0.0-8080-exec-8] BranchController - Received request to fetch all branches.
2026-10-06 09:03:04 INFO  [http-nio-0.0.0.0-8080-exec-8] BranchService - Fetching all branches.
2026-10-06 09:03:04 INFO  [http-nio-0.0.0.0-8080-exec-4] JwtAuthenticationFilter - JWT AUTHENTICATION SUCCESS
2026-10-06 09:03:04 DEBUG [http-nio-0.0.0.0-8080-exec-4] FilterChainProxy - Secured GET /api/college
2026-10-06 09:03:04 INFO  [http-nio-0.0.0.0-8080-exec-4] CollegeController - Received request to fetch all colleges.
2026-10-06 09:03:04 INFO  [http-nio-0.0.0.0-8080-exec-4] CollegeService - Fetching all colleges.
2026-10-06 09:03:04 INFO  [http-nio-0.0.0.0-8080-exec-12] JwtAuthenticationFilter - JWT AUTHENTICATION SUCCESS
2026-10-06 09:03:04 DEBUG [http-nio-0.0.0.0-8080-exec-12] FilterChainProxy - Secured GET /api/section
2026-10-06 09:03:04 INFO  [http-nio-0.0.0.0-8080-exec-12] SectionController - Received request to fetch all sections.
2026-10-06 09:03:04 INFO  [http-nio-0.0.0.0-8080-exec-12] SectionService - Fetching all sections.
2026-10-06 09:03:04 INFO  [http-nio-0.0.0.0-8080-exec-4] CollegeService - Fetched 1 colleges.
2026-10-06 09:03:04 INFO  [http-nio-0.0.0.0-8080-exec-4] CollegeController - Fetched 1 colleges successfully.
2026-10-06 09:03:04 INFO  [http-nio-0.0.0.0-8080-exec-8] BranchService - Fetched 3 branches.
2026-10-06 09:03:04 INFO  [http-nio-0.0.0.0-8080-exec-8] BranchController - Fetched 3 branches successfully.
2026-10-06 09:03:04 DEBUG [http-nio-0.0.0.0-8080-exec-2] FilterChainProxy - Securing POST /api/activity-sessions
2026-10-06 09:03:04 INFO  [http-nio-0.0.0.0-8080-exec-12] SectionService - Fetched 1 sections.
2026-10-06 09:03:04 INFO  [http-nio-0.0.0.0-8080-exec-12] SectionController - Fetched 1 sections successfully.
2026-10-06 09:03:04 DEBUG [http-nio-0.0.0.0-8080-exec-9] FilterChainProxy - Securing GET /api/exams
2026-10-06 09:03:04 DEBUG [http-nio-0.0.0.0-8080-exec-5] FilterChainProxy - Securing GET /api/dashboard
2026-10-06 09:03:04 DEBUG [http-nio-0.0.0.0-8080-exec-3] FilterChainProxy - Securing GET /api/chapter
2026-10-06 09:03:04 INFO  [http-nio-0.0.0.0-8080-exec-5] JwtAuthenticationFilter - JWT AUTHENTICATION SUCCESS
2026-10-06 09:03:04 DEBUG [http-nio-0.0.0.0-8080-exec-11] FilterChainProxy - Securing GET /api/course
2026-10-06 09:03:04 INFO  [http-nio-0.0.0.0-8080-exec-2] JwtAuthenticationFilter - JWT AUTHENTICATION SUCCESS
2026-10-06 09:03:04 DEBUG [http-nio-0.0.0.0-8080-exec-5] FilterChainProxy - Secured GET /api/dashboard
2026-10-06 09:03:04 DEBUG [http-nio-0.0.0.0-8080-exec-2] FilterChainProxy - Secured POST /api/activity-sessions
2026-10-06 09:03:04 INFO  [http-nio-0.0.0.0-8080-exec-5] DashboardController - Received request to fetch dashboard details.
2026-10-06 09:03:04 INFO  [http-nio-0.0.0.0-8080-exec-5] DashboardService - Fetching dashboard details.
2026-10-06 09:03:04 INFO  [http-nio-0.0.0.0-8080-exec-9] JwtAuthenticationFilter - JWT AUTHENTICATION SUCCESS
2026-10-06 09:03:04 INFO  [http-nio-0.0.0.0-8080-exec-3] JwtAuthenticationFilter - JWT AUTHENTICATION SUCCESS
2026-10-06 09:03:04 DEBUG [http-nio-0.0.0.0-8080-exec-3] FilterChainProxy - Secured GET /api/chapter
2026-10-06 09:03:04 DEBUG [http-nio-0.0.0.0-8080-exec-9] FilterChainProxy - Secured GET /api/exams
2026-10-06 09:03:04 INFO  [http-nio-0.0.0.0-8080-exec-3] ChapterController - Received request to fetch all chapters.
2026-10-06 09:03:04 INFO  [http-nio-0.0.0.0-8080-exec-11] JwtAuthenticationFilter - JWT AUTHENTICATION SUCCESS
2026-10-06 09:03:04 INFO  [http-nio-0.0.0.0-8080-exec-3] ChapterService - Fetching all chapters.
2026-10-06 09:03:04 DEBUG [http-nio-0.0.0.0-8080-exec-11] FilterChainProxy - Secured GET /api/course
2026-10-06 09:03:04 INFO  [http-nio-0.0.0.0-8080-exec-11] CourseController - Received request to fetch all courses.
2026-10-06 09:03:04 INFO  [http-nio-0.0.0.0-8080-exec-11] CourseService - Fetching all courses.
2026-10-06 09:03:04 INFO  [http-nio-0.0.0.0-8080-exec-3] ChapterService - Fetched 6 chapters.
2026-10-06 09:03:04 INFO  [http-nio-0.0.0.0-8080-exec-3] ChapterController - Fetched 6 chapters successfully.
2026-10-06 09:03:04 INFO  [http-nio-0.0.0.0-8080-exec-11] CourseService - Fetched 1 courses.
2026-10-06 09:03:04 INFO  [http-nio-0.0.0.0-8080-exec-11] CourseController - Fetched 1 courses successfully.
2026-10-06 09:03:04 DEBUG [http-nio-0.0.0.0-8080-exec-10] FilterChainProxy - Securing GET /api/subjects
2026-10-06 09:03:04 DEBUG [http-nio-0.0.0.0-8080-exec-11] FilterChainProxy - Securing GET /api/topics
2026-10-06 09:03:04 INFO  [http-nio-0.0.0.0-8080-exec-10] JwtAuthenticationFilter - JWT AUTHENTICATION SUCCESS
2026-10-06 09:03:04 INFO  [http-nio-0.0.0.0-8080-exec-11] JwtAuthenticationFilter - JWT AUTHENTICATION SUCCESS
2026-10-06 09:03:04 DEBUG [http-nio-0.0.0.0-8080-exec-10] FilterChainProxy - Secured GET /api/subjects
2026-10-06 09:03:04 DEBUG [http-nio-0.0.0.0-8080-exec-11] FilterChainProxy - Secured GET /api/topics
2026-10-06 09:03:04 INFO  [http-nio-0.0.0.0-8080-exec-5] DashboardService - Dashboard details fetched successfully.
2026-10-06 09:03:04 INFO  [http-nio-0.0.0.0-8080-exec-5] DashboardController - Dashboard details fetched successfully.
2026-10-06 09:03:04 DEBUG [http-nio-0.0.0.0-8080-exec-7] FilterChainProxy - Securing GET /api/college
2026-10-06 09:03:04 DEBUG [http-nio-0.0.0.0-8080-exec-8] FilterChainProxy - Securing GET /api/notifications/mine/unread-count
2026-10-06 09:03:04 DEBUG [http-nio-0.0.0.0-8080-exec-1] FilterChainProxy - Securing GET /api/branch
2026-10-06 09:03:04 INFO  [http-nio-0.0.0.0-8080-exec-7] JwtAuthenticationFilter - JWT AUTHENTICATION SUCCESS
2026-10-06 09:03:04 DEBUG [http-nio-0.0.0.0-8080-exec-7] FilterChainProxy - Secured GET /api/college
2026-10-06 09:03:04 INFO  [http-nio-0.0.0.0-8080-exec-7] CollegeController - Received request to fetch all colleges.
2026-10-06 09:03:04 INFO  [http-nio-0.0.0.0-8080-exec-7] CollegeService - Fetching all colleges.
2026-10-06 09:03:04 INFO  [http-nio-0.0.0.0-8080-exec-8] JwtAuthenticationFilter - JWT AUTHENTICATION SUCCESS
2026-10-06 09:03:04 DEBUG [http-nio-0.0.0.0-8080-exec-8] FilterChainProxy - Secured GET /api/notifications/mine/unread-count
2026-10-06 09:03:04 INFO  [http-nio-0.0.0.0-8080-exec-7] CollegeService - Fetched 1 colleges.
2026-10-06 09:03:04 INFO  [http-nio-0.0.0.0-8080-exec-7] CollegeController - Fetched 1 colleges successfully.
2026-10-06 09:03:04 INFO  [http-nio-0.0.0.0-8080-exec-1] JwtAuthenticationFilter - JWT AUTHENTICATION SUCCESS
2026-10-06 09:03:04 DEBUG [http-nio-0.0.0.0-8080-exec-1] FilterChainProxy - Secured GET /api/branch
2026-10-06 09:03:04 DEBUG [http-nio-0.0.0.0-8080-exec-7] FilterChainProxy - Securing GET /api/notifications/mine?limit=12
2026-10-06 09:03:04 INFO  [http-nio-0.0.0.0-8080-exec-1] BranchController - Received request to fetch all branches.
2026-10-06 09:03:04 INFO  [http-nio-0.0.0.0-8080-exec-1] BranchService - Fetching all branches.
2026-10-06 09:03:04 DEBUG [http-nio-0.0.0.0-8080-exec-12] FilterChainProxy - Securing GET /api/section
2026-10-06 09:03:04 INFO  [http-nio-0.0.0.0-8080-exec-7] JwtAuthenticationFilter - JWT AUTHENTICATION SUCCESS
2026-10-06 09:03:04 DEBUG [http-nio-0.0.0.0-8080-exec-7] FilterChainProxy - Secured GET /api/notifications/mine?limit=12
2026-10-06 09:03:04 INFO  [http-nio-0.0.0.0-8080-exec-1] BranchService - Fetched 3 branches.
2026-10-06 09:03:04 INFO  [http-nio-0.0.0.0-8080-exec-1] BranchController - Fetched 3 branches successfully.
2026-10-06 09:03:04 INFO  [http-nio-0.0.0.0-8080-exec-12] JwtAuthenticationFilter - JWT AUTHENTICATION SUCCESS
2026-10-06 09:03:04 DEBUG [http-nio-0.0.0.0-8080-exec-12] FilterChainProxy - Secured GET /api/section
2026-10-06 09:03:04 INFO  [http-nio-0.0.0.0-8080-exec-12] SectionController - Received request to fetch all sections.
2026-10-06 09:03:04 INFO  [http-nio-0.0.0.0-8080-exec-12] SectionService - Fetching all sections.
2026-10-06 09:03:04 DEBUG [http-nio-0.0.0.0-8080-exec-3] FilterChainProxy - Securing GET /api/dashboard
2026-10-06 09:03:04 INFO  [http-nio-0.0.0.0-8080-exec-3] JwtAuthenticationFilter - JWT AUTHENTICATION SUCCESS
2026-10-06 09:03:04 DEBUG [http-nio-0.0.0.0-8080-exec-3] FilterChainProxy - Secured GET /api/dashboard
2026-10-06 09:03:04 INFO  [http-nio-0.0.0.0-8080-exec-3] DashboardController - Received request to fetch dashboard details.
2026-10-06 09:03:04 INFO  [http-nio-0.0.0.0-8080-exec-3] DashboardService - Fetching dashboard details.
2026-10-06 09:03:04 INFO  [http-nio-0.0.0.0-8080-exec-12] SectionService - Fetched 1 sections.
2026-10-06 09:03:04 INFO  [http-nio-0.0.0.0-8080-exec-12] SectionController - Fetched 1 sections successfully.
2026-10-06 09:03:04 INFO  [http-nio-0.0.0.0-8080-exec-3] DashboardService - Dashboard details fetched successfully.
2026-10-06 09:03:04 INFO  [http-nio-0.0.0.0-8080-exec-3] DashboardController - Dashboard details fetched successfully.
2026-10-06 09:03:04 DEBUG [http-nio-0.0.0.0-8080-exec-4] FilterChainProxy - Securing GET /api/exams
2026-10-06 09:03:04 INFO  [http-nio-0.0.0.0-8080-exec-4] JwtAuthenticationFilter - JWT AUTHENTICATION SUCCESS
2026-10-06 09:03:04 DEBUG [http-nio-0.0.0.0-8080-exec-4] FilterChainProxy - Secured GET /api/exams
2026-10-06 09:03:05 DEBUG [http-nio-0.0.0.0-8080-exec-5] FilterChainProxy - Securing GET /api/questions
2026-10-06 09:03:05 INFO  [http-nio-0.0.0.0-8080-exec-5] JwtAuthenticationFilter - JWT AUTHENTICATION SUCCESS
2026-10-06 09:03:05 DEBUG [http-nio-0.0.0.0-8080-exec-5] FilterChainProxy - Secured GET /api/questions
2026-10-06 09:03:06 DEBUG [http-nio-0.0.0.0-8080-exec-11] FilterChainProxy - Securing GET /api/branch
2026-10-06 09:03:06 DEBUG [http-nio-0.0.0.0-8080-exec-10] FilterChainProxy - Securing GET /api/college
2026-10-06 09:03:06 DEBUG [http-nio-0.0.0.0-8080-exec-8] FilterChainProxy - Securing GET /api/course
2026-10-06 09:03:06 DEBUG [http-nio-0.0.0.0-8080-exec-1] FilterChainProxy - Securing GET /api/section
2026-10-06 09:03:06 DEBUG [http-nio-0.0.0.0-8080-exec-7] FilterChainProxy - Securing GET /api/exams
2026-10-06 09:03:06 INFO  [http-nio-0.0.0.0-8080-exec-10] JwtAuthenticationFilter - JWT AUTHENTICATION SUCCESS
2026-10-06 09:03:06 INFO  [http-nio-0.0.0.0-8080-exec-8] JwtAuthenticationFilter - JWT AUTHENTICATION SUCCESS
2026-10-06 09:03:06 INFO  [http-nio-0.0.0.0-8080-exec-11] JwtAuthenticationFilter - JWT AUTHENTICATION SUCCESS
2026-10-06 09:03:06 DEBUG [http-nio-0.0.0.0-8080-exec-11] FilterChainProxy - Secured GET /api/branch
2026-10-06 09:03:06 DEBUG [http-nio-0.0.0.0-8080-exec-10] FilterChainProxy - Secured GET /api/college
2026-10-06 09:03:06 DEBUG [http-nio-0.0.0.0-8080-exec-8] FilterChainProxy - Secured GET /api/course
2026-10-06 09:03:06 INFO  [http-nio-0.0.0.0-8080-exec-10] CollegeController - Received request to fetch all colleges.
2026-10-06 09:03:06 INFO  [http-nio-0.0.0.0-8080-exec-11] BranchController - Received request to fetch all branches.
2026-10-06 09:03:06 INFO  [http-nio-0.0.0.0-8080-exec-10] CollegeService - Fetching all colleges.
2026-10-06 09:03:06 INFO  [http-nio-0.0.0.0-8080-exec-11] BranchService - Fetching all branches.
2026-10-06 09:03:06 INFO  [http-nio-0.0.0.0-8080-exec-8] CourseController - Received request to fetch all courses.
2026-10-06 09:03:06 INFO  [http-nio-0.0.0.0-8080-exec-8] CourseService - Fetching all courses.
2026-10-06 09:03:06 DEBUG [http-nio-0.0.0.0-8080-exec-12] FilterChainProxy - Securing OPTIONS /api/users/students_Guest
2026-10-06 09:03:06 DEBUG [http-nio-0.0.0.0-8080-exec-3] FilterChainProxy - Securing OPTIONS /api/performance/super-admin
2026-10-06 09:03:06 INFO  [http-nio-0.0.0.0-8080-exec-7] JwtAuthenticationFilter - JWT AUTHENTICATION SUCCESS
2026-10-06 09:03:06 DEBUG [http-nio-0.0.0.0-8080-exec-7] FilterChainProxy - Secured GET /api/exams
2026-10-06 09:03:06 INFO  [http-nio-0.0.0.0-8080-exec-8] CourseService - Fetched 1 courses.
2026-10-06 09:03:06 INFO  [http-nio-0.0.0.0-8080-exec-8] CourseController - Fetched 1 courses successfully.
2026-10-06 09:03:06 INFO  [http-nio-0.0.0.0-8080-exec-11] BranchService - Fetched 3 branches.
2026-10-06 09:03:06 INFO  [http-nio-0.0.0.0-8080-exec-10] CollegeService - Fetched 1 colleges.
2026-10-06 09:03:06 INFO  [http-nio-0.0.0.0-8080-exec-1] JwtAuthenticationFilter - JWT AUTHENTICATION SUCCESS
2026-10-06 09:03:06 INFO  [http-nio-0.0.0.0-8080-exec-10] CollegeController - Fetched 1 colleges successfully.
2026-10-06 09:03:06 DEBUG [http-nio-0.0.0.0-8080-exec-1] FilterChainProxy - Secured GET /api/section
2026-10-06 09:03:06 INFO  [http-nio-0.0.0.0-8080-exec-11] BranchController - Fetched 3 branches successfully.
2026-10-06 09:03:06 INFO  [http-nio-0.0.0.0-8080-exec-1] SectionController - Received request to fetch all sections.
2026-10-06 09:03:06 INFO  [http-nio-0.0.0.0-8080-exec-1] SectionService - Fetching all sections.
2026-10-06 09:03:06 DEBUG [http-nio-0.0.0.0-8080-exec-2] FilterChainProxy - Securing OPTIONS /api/users/students_Guest
2026-10-06 09:03:06 DEBUG [http-nio-0.0.0.0-8080-exec-4] FilterChainProxy - Securing OPTIONS /api/performance/super-admin
2026-10-06 09:03:06 DEBUG [http-nio-0.0.0.0-8080-exec-9] FilterChainProxy - Securing OPTIONS /api/activity-sessions/resume
2026-10-06 09:03:06 INFO  [http-nio-0.0.0.0-8080-exec-1] SectionService - Fetched 1 sections.
2026-10-06 09:03:06 INFO  [http-nio-0.0.0.0-8080-exec-1] SectionController - Fetched 1 sections successfully.
2026-10-06 09:03:06 DEBUG [http-nio-0.0.0.0-8080-exec-6] FilterChainProxy - Securing GET /api/college
2026-10-06 09:03:06 DEBUG [http-nio-0.0.0.0-8080-exec-12] FilterChainProxy - Securing GET /api/branch
2026-10-06 09:03:06 DEBUG [http-nio-0.0.0.0-8080-exec-5] FilterChainProxy - Securing GET /api/course
2026-10-06 09:03:06 DEBUG [http-nio-0.0.0.0-8080-exec-8] FilterChainProxy - Securing GET /api/performance/super-admin
2026-10-06 09:03:06 INFO  [http-nio-0.0.0.0-8080-exec-6] JwtAuthenticationFilter - JWT AUTHENTICATION SUCCESS
2026-10-06 09:03:06 DEBUG [http-nio-0.0.0.0-8080-exec-10] FilterChainProxy - Securing GET /api/users/students_Guest
2026-10-06 09:03:06 DEBUG [http-nio-0.0.0.0-8080-exec-6] FilterChainProxy - Secured GET /api/college
2026-10-06 09:03:06 DEBUG [http-nio-0.0.0.0-8080-exec-3] FilterChainProxy - Securing GET /api/section
2026-10-06 09:03:06 INFO  [http-nio-0.0.0.0-8080-exec-6] CollegeController - Received request to fetch all colleges.
2026-10-06 09:03:06 INFO  [http-nio-0.0.0.0-8080-exec-6] CollegeService - Fetching all colleges.
2026-10-06 09:03:06 INFO  [http-nio-0.0.0.0-8080-exec-12] JwtAuthenticationFilter - JWT AUTHENTICATION SUCCESS
2026-10-06 09:03:06 INFO  [http-nio-0.0.0.0-8080-exec-8] JwtAuthenticationFilter - JWT AUTHENTICATION SUCCESS
2026-10-06 09:03:06 INFO  [http-nio-0.0.0.0-8080-exec-5] JwtAuthenticationFilter - JWT AUTHENTICATION SUCCESS
2026-10-06 09:03:06 INFO  [http-nio-0.0.0.0-8080-exec-6] CollegeService - Fetched 1 colleges.
2026-10-06 09:03:06 DEBUG [http-nio-0.0.0.0-8080-exec-5] FilterChainProxy - Secured GET /api/course
2026-10-06 09:03:06 INFO  [http-nio-0.0.0.0-8080-exec-6] CollegeController - Fetched 1 colleges successfully.
2026-10-06 09:03:06 DEBUG [http-nio-0.0.0.0-8080-exec-8] FilterChainProxy - Secured GET /api/performance/super-admin
2026-10-06 09:03:06 DEBUG [http-nio-0.0.0.0-8080-exec-12] FilterChainProxy - Secured GET /api/branch
2026-10-06 09:03:06 INFO  [http-nio-0.0.0.0-8080-exec-5] CourseController - Received request to fetch all courses.
2026-10-06 09:03:06 INFO  [http-nio-0.0.0.0-8080-exec-5] CourseService - Fetching all courses.
2026-10-06 09:03:06 INFO  [http-nio-0.0.0.0-8080-exec-12] BranchController - Received request to fetch all branches.
2026-10-06 09:03:06 INFO  [http-nio-0.0.0.0-8080-exec-12] BranchService - Fetching all branches.
2026-10-06 09:03:06 INFO  [http-nio-0.0.0.0-8080-exec-10] JwtAuthenticationFilter - JWT AUTHENTICATION SUCCESS
2026-10-06 09:03:06 DEBUG [http-nio-0.0.0.0-8080-exec-10] FilterChainProxy - Secured GET /api/users/students_Guest
2026-10-06 09:03:06 INFO  [http-nio-0.0.0.0-8080-exec-12] BranchService - Fetched 3 branches.
2026-10-06 09:03:06 INFO  [http-nio-0.0.0.0-8080-exec-3] JwtAuthenticationFilter - JWT AUTHENTICATION SUCCESS
2026-10-06 09:03:06 INFO  [http-nio-0.0.0.0-8080-exec-12] BranchController - Fetched 3 branches successfully.
2026-10-06 09:03:06 DEBUG [http-nio-0.0.0.0-8080-exec-3] FilterChainProxy - Secured GET /api/section
2026-10-06 09:03:06 INFO  [http-nio-0.0.0.0-8080-exec-3] SectionController - Received request to fetch all sections.
2026-10-06 09:03:06 INFO  [http-nio-0.0.0.0-8080-exec-3] SectionService - Fetching all sections.
2026-10-06 09:03:06 INFO  [http-nio-0.0.0.0-8080-exec-5] CourseService - Fetched 1 courses.
2026-10-06 09:03:06 INFO  [http-nio-0.0.0.0-8080-exec-5] CourseController - Fetched 1 courses successfully.
2026-10-06 09:03:06 DEBUG [http-nio-0.0.0.0-8080-exec-2] FilterChainProxy - Securing GET /api/exams
2026-10-06 09:03:06 INFO  [http-nio-0.0.0.0-8080-exec-3] SectionService - Fetched 1 sections.
2026-10-06 09:03:06 INFO  [http-nio-0.0.0.0-8080-exec-3] SectionController - Fetched 1 sections successfully.
2026-10-06 09:03:06 INFO  [http-nio-0.0.0.0-8080-exec-2] JwtAuthenticationFilter - JWT AUTHENTICATION SUCCESS
2026-10-06 09:03:06 DEBUG [http-nio-0.0.0.0-8080-exec-11] FilterChainProxy - Securing POST /api/activity-sessions/resume
2026-10-06 09:03:06 DEBUG [http-nio-0.0.0.0-8080-exec-2] FilterChainProxy - Secured GET /api/exams
2026-10-06 09:03:06 INFO  [http-nio-0.0.0.0-8080-exec-11] JwtAuthenticationFilter - JWT AUTHENTICATION SUCCESS
2026-10-06 09:03:06 DEBUG [http-nio-0.0.0.0-8080-exec-11] FilterChainProxy - Secured POST /api/activity-sessions/resume
2026-10-06 09:03:06 DEBUG [http-nio-0.0.0.0-8080-exec-4] FilterChainProxy - Securing GET /api/users/students_Guest
2026-10-06 09:03:06 INFO  [http-nio-0.0.0.0-8080-exec-4] JwtAuthenticationFilter - JWT AUTHENTICATION SUCCESS
2026-10-06 09:03:06 DEBUG [http-nio-0.0.0.0-8080-exec-4] FilterChainProxy - Secured GET /api/users/students_Guest
2026-10-06 09:03:06 DEBUG [http-nio-0.0.0.0-8080-exec-9] FilterChainProxy - Securing GET /api/performance/super-admin
2026-10-06 09:03:06 INFO  [http-nio-0.0.0.0-8080-exec-9] JwtAuthenticationFilter - JWT AUTHENTICATION SUCCESS
2026-10-06 09:03:06 DEBUG [http-nio-0.0.0.0-8080-exec-9] FilterChainProxy - Secured GET /api/performance/super-admin
2026-10-06 09:03:12 DEBUG [http-nio-0.0.0.0-8080-exec-1] FilterChainProxy - Securing OPTIONS /api/performance/exam-results/14/chapters
2026-10-06 09:03:12 DEBUG [http-nio-0.0.0.0-8080-exec-7] FilterChainProxy - Securing GET /api/performance/exam-results/14/chapters
2026-10-06 09:03:12 INFO  [http-nio-0.0.0.0-8080-exec-7] JwtAuthenticationFilter - JWT AUTHENTICATION SUCCESS
2026-10-06 09:03:12 DEBUG [http-nio-0.0.0.0-8080-exec-7] FilterChainProxy - Secured GET /api/performance/exam-results/14/chapters
2026-10-06 09:03:17 DEBUG [http-nio-0.0.0.0-8080-exec-6] FilterChainProxy - Securing GET /api/performance/exam-results/14/chapters
2026-10-06 09:03:17 INFO  [http-nio-0.0.0.0-8080-exec-6] JwtAuthenticationFilter - JWT AUTHENTICATION SUCCESS
2026-10-06 09:03:17 DEBUG [http-nio-0.0.0.0-8080-exec-6] FilterChainProxy - Secured GET /api/performance/exam-results/14/chapters
2026-10-06 09:03:36 DEBUG [http-nio-0.0.0.0-8080-exec-5] FilterChainProxy - Securing OPTIONS /api/activity-sessions/heartbeat
2026-10-06 09:03:36 DEBUG [http-nio-0.0.0.0-8080-exec-12] FilterChainProxy - Securing POST /api/activity-sessions/heartbeat
2026-10-06 09:03:36 INFO  [http-nio-0.0.0.0-8080-exec-12] JwtAuthenticationFilter - JWT AUTHENTICATION SUCCESS
2026-10-06 09:03:36 DEBUG [http-nio-0.0.0.0-8080-exec-12] FilterChainProxy - Secured POST /api/activity-sessions/heartbeat
2026-10-06 09:03:48 DEBUG [http-nio-0.0.0.0-8080-exec-3] FilterChainProxy - Securing OPTIONS /api/notifications/mine?limit=12
2026-10-06 09:03:48 DEBUG [http-nio-0.0.0.0-8080-exec-2] FilterChainProxy - Securing OPTIONS /api/notifications/mine/unread-count
2026-10-06 09:03:48 DEBUG [http-nio-0.0.0.0-8080-exec-10] FilterChainProxy - Securing GET /api/notifications/mine/unread-count
2026-10-06 09:03:48 DEBUG [http-nio-0.0.0.0-8080-exec-4] FilterChainProxy - Securing GET /api/notifications/mine?limit=12
2026-10-06 09:03:48 INFO  [http-nio-0.0.0.0-8080-exec-10] JwtAuthenticationFilter - JWT AUTHENTICATION SUCCESS
2026-10-06 09:03:48 DEBUG [http-nio-0.0.0.0-8080-exec-10] FilterChainProxy - Secured GET /api/notifications/mine/unread-count
2026-10-06 09:03:48 INFO  [http-nio-0.0.0.0-8080-exec-4] JwtAuthenticationFilter - JWT AUTHENTICATION SUCCESS
2026-10-06 09:03:48 DEBUG [http-nio-0.0.0.0-8080-exec-4] FilterChainProxy - Secured GET /api/notifications/mine?limit=12
2026-10-06 09:04:06 DEBUG [http-nio-0.0.0.0-8080-exec-11] FilterChainProxy - Securing OPTIONS /api/activity-sessions/heartbeat
2026-10-06 09:04:06 DEBUG [http-nio-0.0.0.0-8080-exec-9] FilterChainProxy - Securing POST /api/activity-sessions/heartbeat
2026-10-06 09:04:06 INFO  [http-nio-0.0.0.0-8080-exec-9] JwtAuthenticationFilter - JWT AUTHENTICATION SUCCESS
2026-10-06 09:04:06 DEBUG [http-nio-0.0.0.0-8080-exec-9] FilterChainProxy - Secured POST /api/activity-sessions/heartbeat
2026-10-06 09:07:18 DEBUG [http-nio-0.0.0.0-8080-exec-4] FilterChainProxy - Securing OPTIONS /api/notifications/mine?limit=12
2026-10-06 09:07:18 DEBUG [http-nio-0.0.0.0-8080-exec-11] FilterChainProxy - Securing OPTIONS /api/notifications/mine/unread-count
2026-10-06 09:07:18 DEBUG [http-nio-0.0.0.0-8080-exec-8] FilterChainProxy - Securing OPTIONS /api/activity-sessions/heartbeat
2026-10-06 09:07:18 DEBUG [http-nio-0.0.0.0-8080-exec-7] FilterChainProxy - Securing POST /api/activity-sessions/heartbeat
2026-10-06 09:07:18 DEBUG [http-nio-0.0.0.0-8080-exec-9] FilterChainProxy - Securing GET /api/notifications/mine?limit=12
2026-10-06 09:07:18 DEBUG [http-nio-0.0.0.0-8080-exec-6] FilterChainProxy - Securing GET /api/notifications/mine/unread-count
2026-10-06 09:07:18 INFO  [http-nio-0.0.0.0-8080-exec-9] JwtAuthenticationFilter - JWT AUTHENTICATION SUCCESS
2026-10-06 09:07:18 DEBUG [http-nio-0.0.0.0-8080-exec-9] FilterChainProxy - Secured GET /api/notifications/mine?limit=12
2026-10-06 09:07:18 INFO  [http-nio-0.0.0.0-8080-exec-6] JwtAuthenticationFilter - JWT AUTHENTICATION SUCCESS
2026-10-06 09:07:18 INFO  [http-nio-0.0.0.0-8080-exec-7] JwtAuthenticationFilter - JWT AUTHENTICATION SUCCESS
2026-10-06 09:07:18 DEBUG [http-nio-0.0.0.0-8080-exec-7] FilterChainProxy - Secured POST /api/activity-sessions/heartbeat
2026-10-06 09:07:18 DEBUG [http-nio-0.0.0.0-8080-exec-6] FilterChainProxy - Secured GET /api/notifications/mine/unread-count
2026-10-06 09:07:21 DEBUG [http-nio-0.0.0.0-8080-exec-2] FilterChainProxy - Securing OPTIONS /api/exams/results/me
2026-10-06 09:07:21 DEBUG [http-nio-0.0.0.0-8080-exec-12] FilterChainProxy - Securing OPTIONS /api/exams
2026-10-06 09:07:21 DEBUG [http-nio-0.0.0.0-8080-exec-1] FilterChainProxy - Securing OPTIONS /api/activity-sessions/resume
2026-10-06 09:07:21 DEBUG [http-nio-0.0.0.0-8080-exec-5] FilterChainProxy - Securing OPTIONS /api/exams
2026-10-06 09:07:21 DEBUG [http-nio-0.0.0.0-8080-exec-4] FilterChainProxy - Securing OPTIONS /api/exams/results/me
2026-10-06 09:07:21 DEBUG [http-nio-0.0.0.0-8080-exec-11] FilterChainProxy - Securing GET /api/exams/results/me
2026-10-06 09:07:21 INFO  [http-nio-0.0.0.0-8080-exec-11] JwtAuthenticationFilter - JWT AUTHENTICATION SUCCESS
2026-10-06 09:07:21 DEBUG [http-nio-0.0.0.0-8080-exec-11] FilterChainProxy - Secured GET /api/exams/results/me
2026-10-06 09:07:21 DEBUG [http-nio-0.0.0.0-8080-exec-8] FilterChainProxy - Securing POST /api/activity-sessions/resume
2026-10-06 09:07:21 DEBUG [http-nio-0.0.0.0-8080-exec-6] FilterChainProxy - Securing GET /api/exams
2026-10-06 09:07:21 INFO  [http-nio-0.0.0.0-8080-exec-6] JwtAuthenticationFilter - JWT AUTHENTICATION SUCCESS
2026-10-06 09:07:21 INFO  [http-nio-0.0.0.0-8080-exec-8] JwtAuthenticationFilter - JWT AUTHENTICATION SUCCESS
2026-10-06 09:07:21 DEBUG [http-nio-0.0.0.0-8080-exec-6] FilterChainProxy - Secured GET /api/exams
2026-10-06 09:07:21 DEBUG [http-nio-0.0.0.0-8080-exec-8] FilterChainProxy - Secured POST /api/activity-sessions/resume
2026-10-06 09:07:21 DEBUG [http-nio-0.0.0.0-8080-exec-9] FilterChainProxy - Securing GET /api/exams/results/me
2026-10-06 09:07:21 INFO  [http-nio-0.0.0.0-8080-exec-9] JwtAuthenticationFilter - JWT AUTHENTICATION SUCCESS
2026-10-06 09:07:21 DEBUG [http-nio-0.0.0.0-8080-exec-9] FilterChainProxy - Secured GET /api/exams/results/me
2026-10-06 09:07:21 DEBUG [http-nio-0.0.0.0-8080-exec-7] FilterChainProxy - Securing GET /api/exams
2026-10-06 09:07:21 INFO  [http-nio-0.0.0.0-8080-exec-7] JwtAuthenticationFilter - JWT AUTHENTICATION SUCCESS
2026-10-06 09:07:21 DEBUG [http-nio-0.0.0.0-8080-exec-7] FilterChainProxy - Secured GET /api/exams
2026-10-06 09:07:23 DEBUG [http-nio-0.0.0.0-8080-exec-2] FilterChainProxy - Securing OPTIONS /api/college
2026-10-06 09:07:23 DEBUG [http-nio-0.0.0.0-8080-exec-1] FilterChainProxy - Securing OPTIONS /api/branch
2026-10-06 09:07:23 DEBUG [http-nio-0.0.0.0-8080-exec-12] FilterChainProxy - Securing OPTIONS /api/course
2026-10-06 09:07:23 DEBUG [http-nio-0.0.0.0-8080-exec-5] FilterChainProxy - Securing OPTIONS /api/section
2026-10-06 09:07:23 DEBUG [http-nio-0.0.0.0-8080-exec-4] FilterChainProxy - Securing OPTIONS /api/subjects
2026-10-06 09:07:23 DEBUG [http-nio-0.0.0.0-8080-exec-11] FilterChainProxy - Securing GET /api/college
2026-10-06 09:07:23 DEBUG [http-nio-0.0.0.0-8080-exec-6] FilterChainProxy - Securing OPTIONS /api/chapter
2026-10-06 09:07:23 DEBUG [http-nio-0.0.0.0-8080-exec-9] FilterChainProxy - Securing OPTIONS /api/branch
2026-10-06 09:07:23 DEBUG [http-nio-0.0.0.0-8080-exec-8] FilterChainProxy - Securing POST /api/activity-sessions/resume
2026-10-06 09:07:23 DEBUG [http-nio-0.0.0.0-8080-exec-7] FilterChainProxy - Securing GET /api/branch
2026-10-06 09:07:23 INFO  [http-nio-0.0.0.0-8080-exec-11] JwtAuthenticationFilter - JWT AUTHENTICATION SUCCESS
2026-10-06 09:07:23 DEBUG [http-nio-0.0.0.0-8080-exec-11] FilterChainProxy - Secured GET /api/college
2026-10-06 09:07:23 INFO  [http-nio-0.0.0.0-8080-exec-11] CollegeController - Received request to fetch all colleges.
2026-10-06 09:07:23 INFO  [http-nio-0.0.0.0-8080-exec-11] CollegeService - Fetching all colleges.
2026-10-06 09:07:23 INFO  [http-nio-0.0.0.0-8080-exec-8] JwtAuthenticationFilter - JWT AUTHENTICATION SUCCESS
2026-10-06 09:07:23 INFO  [http-nio-0.0.0.0-8080-exec-11] CollegeService - Fetched 1 colleges.
2026-10-06 09:07:23 INFO  [http-nio-0.0.0.0-8080-exec-11] CollegeController - Fetched 1 colleges successfully.
2026-10-06 09:07:23 DEBUG [http-nio-0.0.0.0-8080-exec-8] FilterChainProxy - Secured POST /api/activity-sessions/resume
2026-10-06 09:07:23 DEBUG [http-nio-0.0.0.0-8080-exec-1] FilterChainProxy - Securing OPTIONS /api/course
2026-10-06 09:07:23 DEBUG [http-nio-0.0.0.0-8080-exec-2] FilterChainProxy - Securing GET /api/course
2026-10-06 09:07:23 INFO  [http-nio-0.0.0.0-8080-exec-7] JwtAuthenticationFilter - JWT AUTHENTICATION SUCCESS
2026-10-06 09:07:23 DEBUG [http-nio-0.0.0.0-8080-exec-7] FilterChainProxy - Secured GET /api/branch
2026-10-06 09:07:23 DEBUG [http-nio-0.0.0.0-8080-exec-1] FilterChainProxy - Securing OPTIONS /api/subjects
2026-10-06 09:07:23 INFO  [http-nio-0.0.0.0-8080-exec-7] BranchController - Received request to fetch all branches.
2026-10-06 09:07:23 INFO  [http-nio-0.0.0.0-8080-exec-7] BranchService - Fetching all branches.
2026-10-06 09:07:23 DEBUG [http-nio-0.0.0.0-8080-exec-11] FilterChainProxy - Securing OPTIONS /api/section
2026-10-06 09:07:23 DEBUG [http-nio-0.0.0.0-8080-exec-4] FilterChainProxy - Securing OPTIONS /api/chapter
2026-10-06 09:07:23 DEBUG [http-nio-0.0.0.0-8080-exec-11] FilterChainProxy - Securing GET /api/subjects
2026-10-06 09:07:23 DEBUG [http-nio-0.0.0.0-8080-exec-4] FilterChainProxy - Securing GET /api/section
2026-10-06 09:07:23 INFO  [http-nio-0.0.0.0-8080-exec-7] BranchService - Fetched 3 branches.
2026-10-06 09:07:23 INFO  [http-nio-0.0.0.0-8080-exec-7] BranchController - Fetched 3 branches successfully.
2026-10-06 09:07:23 INFO  [http-nio-0.0.0.0-8080-exec-4] JwtAuthenticationFilter - JWT AUTHENTICATION SUCCESS
2026-10-06 09:07:23 DEBUG [http-nio-0.0.0.0-8080-exec-4] FilterChainProxy - Secured GET /api/section
2026-10-06 09:07:23 INFO  [http-nio-0.0.0.0-8080-exec-4] SectionController - Received request to fetch all sections.
2026-10-06 09:07:23 INFO  [http-nio-0.0.0.0-8080-exec-4] SectionService - Fetching all sections.
2026-10-06 09:07:23 INFO  [http-nio-0.0.0.0-8080-exec-11] JwtAuthenticationFilter - JWT AUTHENTICATION SUCCESS
2026-10-06 09:07:23 DEBUG [http-nio-0.0.0.0-8080-exec-11] FilterChainProxy - Secured GET /api/subjects
2026-10-06 09:07:23 INFO  [http-nio-0.0.0.0-8080-exec-2] JwtAuthenticationFilter - JWT AUTHENTICATION SUCCESS
2026-10-06 09:07:23 DEBUG [http-nio-0.0.0.0-8080-exec-2] FilterChainProxy - Secured GET /api/course
2026-10-06 09:07:23 INFO  [http-nio-0.0.0.0-8080-exec-2] CourseController - Received request to fetch all courses.
2026-10-06 09:07:23 INFO  [http-nio-0.0.0.0-8080-exec-2] CourseService - Fetching all courses.
2026-10-06 09:07:23 INFO  [http-nio-0.0.0.0-8080-exec-4] SectionService - Fetched 1 sections.
2026-10-06 09:07:23 DEBUG [http-nio-0.0.0.0-8080-exec-12] FilterChainProxy - Securing GET /api/college
2026-10-06 09:07:23 INFO  [http-nio-0.0.0.0-8080-exec-4] SectionController - Fetched 1 sections successfully.
2026-10-06 09:07:23 DEBUG [http-nio-0.0.0.0-8080-exec-5] FilterChainProxy - Securing GET /api/chapter
2026-10-06 09:07:23 DEBUG [http-nio-0.0.0.0-8080-exec-4] FilterChainProxy - Securing GET /api/branch
2026-10-06 09:07:23 INFO  [http-nio-0.0.0.0-8080-exec-2] CourseService - Fetched 1 courses.
2026-10-06 09:07:23 INFO  [http-nio-0.0.0.0-8080-exec-2] CourseController - Fetched 1 courses successfully.
2026-10-06 09:07:23 INFO  [http-nio-0.0.0.0-8080-exec-5] JwtAuthenticationFilter - JWT AUTHENTICATION SUCCESS
2026-10-06 09:07:23 DEBUG [http-nio-0.0.0.0-8080-exec-5] FilterChainProxy - Secured GET /api/chapter
2026-10-06 09:07:23 INFO  [http-nio-0.0.0.0-8080-exec-12] JwtAuthenticationFilter - JWT AUTHENTICATION SUCCESS
2026-10-06 09:07:23 DEBUG [http-nio-0.0.0.0-8080-exec-12] FilterChainProxy - Secured GET /api/college
2026-10-06 09:07:23 DEBUG [http-nio-0.0.0.0-8080-exec-9] FilterChainProxy - Securing GET /api/subjects
2026-10-06 09:07:23 INFO  [http-nio-0.0.0.0-8080-exec-12] CollegeController - Received request to fetch all colleges.
2026-10-06 09:07:23 INFO  [http-nio-0.0.0.0-8080-exec-12] CollegeService - Fetching all colleges.
2026-10-06 09:07:23 DEBUG [http-nio-0.0.0.0-8080-exec-6] FilterChainProxy - Securing GET /api/section
2026-10-06 09:07:23 INFO  [http-nio-0.0.0.0-8080-exec-4] JwtAuthenticationFilter - JWT AUTHENTICATION SUCCESS
2026-10-06 09:07:23 INFO  [http-nio-0.0.0.0-8080-exec-5] ChapterController - Received request to fetch all chapters.
2026-10-06 09:07:23 INFO  [http-nio-0.0.0.0-8080-exec-5] ChapterService - Fetching all chapters.
2026-10-06 09:07:23 DEBUG [http-nio-0.0.0.0-8080-exec-7] FilterChainProxy - Securing GET /api/course
2026-10-06 09:07:23 INFO  [http-nio-0.0.0.0-8080-exec-12] CollegeService - Fetched 1 colleges.
2026-10-06 09:07:23 INFO  [http-nio-0.0.0.0-8080-exec-12] CollegeController - Fetched 1 colleges successfully.
2026-10-06 09:07:23 DEBUG [http-nio-0.0.0.0-8080-exec-4] FilterChainProxy - Secured GET /api/branch
2026-10-06 09:07:23 INFO  [http-nio-0.0.0.0-8080-exec-4] BranchController - Received request to fetch all branches.
2026-10-06 09:07:23 INFO  [http-nio-0.0.0.0-8080-exec-4] BranchService - Fetching all branches.
2026-10-06 09:07:23 INFO  [http-nio-0.0.0.0-8080-exec-9] JwtAuthenticationFilter - JWT AUTHENTICATION SUCCESS
2026-10-06 09:07:23 DEBUG [http-nio-0.0.0.0-8080-exec-9] FilterChainProxy - Secured GET /api/subjects
2026-10-06 09:07:23 INFO  [http-nio-0.0.0.0-8080-exec-5] ChapterService - Fetched 6 chapters.
2026-10-06 09:07:23 INFO  [http-nio-0.0.0.0-8080-exec-5] ChapterController - Fetched 6 chapters successfully.
2026-10-06 09:07:23 INFO  [http-nio-0.0.0.0-8080-exec-4] BranchService - Fetched 3 branches.
2026-10-06 09:07:23 INFO  [http-nio-0.0.0.0-8080-exec-4] BranchController - Fetched 3 branches successfully.
2026-10-06 09:07:23 INFO  [http-nio-0.0.0.0-8080-exec-6] JwtAuthenticationFilter - JWT AUTHENTICATION SUCCESS
2026-10-06 09:07:23 DEBUG [http-nio-0.0.0.0-8080-exec-6] FilterChainProxy - Secured GET /api/section
2026-10-06 09:07:23 INFO  [http-nio-0.0.0.0-8080-exec-7] JwtAuthenticationFilter - JWT AUTHENTICATION SUCCESS
2026-10-06 09:07:23 DEBUG [http-nio-0.0.0.0-8080-exec-8] FilterChainProxy - Securing GET /api/chapter
2026-10-06 09:07:23 DEBUG [http-nio-0.0.0.0-8080-exec-7] FilterChainProxy - Secured GET /api/course
2026-10-06 09:07:23 INFO  [http-nio-0.0.0.0-8080-exec-7] CourseController - Received request to fetch all courses.
2026-10-06 09:07:23 INFO  [http-nio-0.0.0.0-8080-exec-6] SectionController - Received request to fetch all sections.
2026-10-06 09:07:23 INFO  [http-nio-0.0.0.0-8080-exec-7] CourseService - Fetching all courses.
2026-10-06 09:07:23 INFO  [http-nio-0.0.0.0-8080-exec-6] SectionService - Fetching all sections.
2026-10-06 09:07:23 INFO  [http-nio-0.0.0.0-8080-exec-7] CourseService - Fetched 1 courses.
2026-10-06 09:07:23 INFO  [http-nio-0.0.0.0-8080-exec-7] CourseController - Fetched 1 courses successfully.
2026-10-06 09:07:23 INFO  [http-nio-0.0.0.0-8080-exec-8] JwtAuthenticationFilter - JWT AUTHENTICATION SUCCESS
2026-10-06 09:07:23 INFO  [http-nio-0.0.0.0-8080-exec-6] SectionService - Fetched 1 sections.
2026-10-06 09:07:23 INFO  [http-nio-0.0.0.0-8080-exec-6] SectionController - Fetched 1 sections successfully.
2026-10-06 09:07:23 DEBUG [http-nio-0.0.0.0-8080-exec-8] FilterChainProxy - Secured GET /api/chapter
2026-10-06 09:07:23 INFO  [http-nio-0.0.0.0-8080-exec-8] ChapterController - Received request to fetch all chapters.
2026-10-06 09:07:23 INFO  [http-nio-0.0.0.0-8080-exec-8] ChapterService - Fetching all chapters.
2026-10-06 09:07:23 INFO  [http-nio-0.0.0.0-8080-exec-8] ChapterService - Fetched 6 chapters.
2026-10-06 09:07:23 INFO  [http-nio-0.0.0.0-8080-exec-8] ChapterController - Fetched 6 chapters successfully.
2026-10-06 09:07:33 DEBUG [http-nio-0.0.0.0-8080-exec-11] FilterChainProxy - Securing OPTIONS /api/notifications/mine?limit=12
2026-10-06 09:07:33 DEBUG [http-nio-0.0.0.0-8080-exec-1] FilterChainProxy - Securing OPTIONS /api/notifications/mine/unread-count
2026-10-06 09:07:33 DEBUG [http-nio-0.0.0.0-8080-exec-2] FilterChainProxy - Securing GET /api/notifications/mine/unread-count
2026-10-06 09:07:33 INFO  [http-nio-0.0.0.0-8080-exec-2] JwtAuthenticationFilter - JWT AUTHENTICATION SUCCESS
2026-10-06 09:07:33 DEBUG [http-nio-0.0.0.0-8080-exec-2] FilterChainProxy - Secured GET /api/notifications/mine/unread-count
2026-10-06 09:07:33 DEBUG [http-nio-0.0.0.0-8080-exec-12] FilterChainProxy - Securing GET /api/notifications/mine?limit=12
2026-10-06 09:07:33 INFO  [http-nio-0.0.0.0-8080-exec-12] JwtAuthenticationFilter - JWT AUTHENTICATION SUCCESS
2026-10-06 09:07:33 DEBUG [http-nio-0.0.0.0-8080-exec-12] FilterChainProxy - Secured GET /api/notifications/mine?limit=12
2026-10-06 09:07:53 DEBUG [http-nio-0.0.0.0-8080-exec-9] FilterChainProxy - Securing OPTIONS /api/activity-sessions/heartbeat
2026-10-06 09:07:53 DEBUG [http-nio-0.0.0.0-8080-exec-5] FilterChainProxy - Securing POST /api/activity-sessions/heartbeat
2026-10-06 09:07:53 INFO  [http-nio-0.0.0.0-8080-exec-5] JwtAuthenticationFilter - JWT AUTHENTICATION SUCCESS
2026-10-06 09:07:53 DEBUG [http-nio-0.0.0.0-8080-exec-5] FilterChainProxy - Secured POST /api/activity-sessions/heartbeat
2026-10-06 09:07:55 DEBUG [http-nio-0.0.0.0-8080-exec-4] FilterChainProxy - Securing OPTIONS /api/exams
2026-10-06 09:07:55 DEBUG [http-nio-0.0.0.0-8080-exec-7] FilterChainProxy - Securing POST /api/exams
2026-10-06 09:07:55 INFO  [http-nio-0.0.0.0-8080-exec-7] JwtAuthenticationFilter - JWT AUTHENTICATION SUCCESS
2026-10-06 09:07:55 DEBUG [http-nio-0.0.0.0-8080-exec-7] FilterChainProxy - Secured POST /api/exams
2026-10-06 09:07:55 DEBUG [http-nio-0.0.0.0-8080-exec-1] FilterChainProxy - Securing OPTIONS /api/questions
2026-10-06 09:07:55 DEBUG [http-nio-0.0.0.0-8080-exec-6] FilterChainProxy - Securing OPTIONS /api/questions
2026-10-06 09:07:55 DEBUG [http-nio-0.0.0.0-8080-exec-8] FilterChainProxy - Securing OPTIONS /api/chapter
2026-10-06 09:07:55 DEBUG [http-nio-0.0.0.0-8080-exec-11] FilterChainProxy - Securing OPTIONS /api/chapter
2026-10-06 09:07:55 DEBUG [http-nio-0.0.0.0-8080-exec-2] FilterChainProxy - Securing GET /api/questions
2026-10-06 09:07:55 DEBUG [http-nio-0.0.0.0-8080-exec-12] FilterChainProxy - Securing GET /api/chapter
2026-10-06 09:07:55 INFO  [http-nio-0.0.0.0-8080-exec-2] JwtAuthenticationFilter - JWT AUTHENTICATION SUCCESS
2026-10-06 09:07:55 INFO  [http-nio-0.0.0.0-8080-exec-12] JwtAuthenticationFilter - JWT AUTHENTICATION SUCCESS
2026-10-06 09:07:55 DEBUG [http-nio-0.0.0.0-8080-exec-2] FilterChainProxy - Secured GET /api/questions
2026-10-06 09:07:55 DEBUG [http-nio-0.0.0.0-8080-exec-12] FilterChainProxy - Secured GET /api/chapter
2026-10-06 09:07:55 INFO  [http-nio-0.0.0.0-8080-exec-12] ChapterController - Received request to fetch all chapters.
2026-10-06 09:07:55 INFO  [http-nio-0.0.0.0-8080-exec-12] ChapterService - Fetching all chapters.
2026-10-06 09:07:55 INFO  [http-nio-0.0.0.0-8080-exec-12] ChapterService - Fetched 6 chapters.
2026-10-06 09:07:55 INFO  [http-nio-0.0.0.0-8080-exec-12] ChapterController - Fetched 6 chapters successfully.
2026-10-06 09:07:55 DEBUG [http-nio-0.0.0.0-8080-exec-9] FilterChainProxy - Securing GET /api/chapter
2026-10-06 09:07:55 INFO  [http-nio-0.0.0.0-8080-exec-9] JwtAuthenticationFilter - JWT AUTHENTICATION SUCCESS
2026-10-06 09:07:55 DEBUG [http-nio-0.0.0.0-8080-exec-9] FilterChainProxy - Secured GET /api/chapter
2026-10-06 09:07:55 INFO  [http-nio-0.0.0.0-8080-exec-9] ChapterController - Received request to fetch all chapters.
2026-10-06 09:07:55 INFO  [http-nio-0.0.0.0-8080-exec-9] ChapterService - Fetching all chapters.
2026-10-06 09:07:55 INFO  [http-nio-0.0.0.0-8080-exec-9] ChapterService - Fetched 6 chapters.
2026-10-06 09:07:55 INFO  [http-nio-0.0.0.0-8080-exec-9] ChapterController - Fetched 6 chapters successfully.
2026-10-06 09:07:55 DEBUG [http-nio-0.0.0.0-8080-exec-5] FilterChainProxy - Securing GET /api/questions
2026-10-06 09:07:55 INFO  [http-nio-0.0.0.0-8080-exec-5] JwtAuthenticationFilter - JWT AUTHENTICATION SUCCESS
2026-10-06 09:07:55 DEBUG [http-nio-0.0.0.0-8080-exec-5] FilterChainProxy - Secured GET /api/questions
2026-10-06 09:08:02 DEBUG [http-nio-0.0.0.0-8080-exec-4] FilterChainProxy - Securing OPTIONS /api/exams/1/questions
2026-10-06 09:08:02 DEBUG [http-nio-0.0.0.0-8080-exec-7] FilterChainProxy - Securing POST /api/exams/1/questions
2026-10-06 09:08:02 INFO  [http-nio-0.0.0.0-8080-exec-7] JwtAuthenticationFilter - JWT AUTHENTICATION SUCCESS
2026-10-06 09:08:02 DEBUG [http-nio-0.0.0.0-8080-exec-7] FilterChainProxy - Secured POST /api/exams/1/questions
2026-10-06 09:08:10 DEBUG [http-nio-0.0.0.0-8080-exec-1] FilterChainProxy - Securing OPTIONS /api/activity-sessions/close
2026-10-06 09:08:10 DEBUG [http-nio-0.0.0.0-8080-exec-8] FilterChainProxy - Securing POST /api/activity-sessions/close
2026-10-06 09:08:10 INFO  [http-nio-0.0.0.0-8080-exec-8] JwtAuthenticationFilter - JWT AUTHENTICATION SUCCESS
2026-10-06 09:08:10 DEBUG [http-nio-0.0.0.0-8080-exec-8] FilterChainProxy - Secured POST /api/activity-sessions/close
2026-10-06 09:08:25 DEBUG [http-nio-0.0.0.0-8080-exec-5] FilterChainProxy - Securing OPTIONS /api/auth/login
2026-10-06 09:08:25 DEBUG [http-nio-0.0.0.0-8080-exec-4] FilterChainProxy - Securing POST /api/auth/login
2026-10-06 09:08:25 DEBUG [http-nio-0.0.0.0-8080-exec-4] AnonymousAuthenticationFilter - Set SecurityContextHolder to anonymous SecurityContext
2026-10-06 09:08:25 DEBUG [http-nio-0.0.0.0-8080-exec-4] FilterChainProxy - Secured POST /api/auth/login
2026-10-06 09:08:25 DEBUG [http-nio-0.0.0.0-8080-exec-4] DaoAuthenticationProvider - Authenticated user
2026-10-06 09:08:25 DEBUG [http-nio-0.0.0.0-8080-exec-7] FilterChainProxy - Securing OPTIONS /api/notifications/mine?limit=12
2026-10-06 09:08:25 DEBUG [http-nio-0.0.0.0-8080-exec-1] FilterChainProxy - Securing OPTIONS /api/notifications/mine/unread-count
2026-10-06 09:08:25 DEBUG [http-nio-0.0.0.0-8080-exec-8] FilterChainProxy - Securing OPTIONS /api/course
2026-10-06 09:08:25 DEBUG [http-nio-0.0.0.0-8080-exec-6] FilterChainProxy - Securing OPTIONS /api/subjects
2026-10-06 09:08:25 DEBUG [http-nio-0.0.0.0-8080-exec-9] FilterChainProxy - Securing OPTIONS /api/chapter
2026-10-06 09:08:25 DEBUG [http-nio-0.0.0.0-8080-exec-11] FilterChainProxy - Securing OPTIONS /api/topics
2026-10-06 09:08:25 DEBUG [http-nio-0.0.0.0-8080-exec-2] FilterChainProxy - Securing OPTIONS /api/questions
2026-10-06 09:08:25 DEBUG [http-nio-0.0.0.0-8080-exec-5] FilterChainProxy - Securing GET /api/notifications/mine/unread-count
2026-10-06 09:08:25 DEBUG [http-nio-0.0.0.0-8080-exec-4] FilterChainProxy - Securing OPTIONS /api/exams
2026-10-06 09:08:25 DEBUG [http-nio-0.0.0.0-8080-exec-12] FilterChainProxy - Securing GET /api/notifications/mine?limit=12
2026-10-06 09:08:25 DEBUG [http-nio-0.0.0.0-8080-exec-1] FilterChainProxy - Securing OPTIONS /api/dashboard
2026-10-06 09:08:25 DEBUG [http-nio-0.0.0.0-8080-exec-7] FilterChainProxy - Securing GET /api/subjects
2026-10-06 09:08:25 DEBUG [http-nio-0.0.0.0-8080-exec-6] FilterChainProxy - Securing OPTIONS /api/activity-sessions
2026-10-06 09:08:25 INFO  [http-nio-0.0.0.0-8080-exec-12] JwtAuthenticationFilter - JWT AUTHENTICATION SUCCESS
2026-10-06 09:08:25 DEBUG [http-nio-0.0.0.0-8080-exec-12] FilterChainProxy - Secured GET /api/notifications/mine?limit=12
2026-10-06 09:08:25 DEBUG [http-nio-0.0.0.0-8080-exec-8] FilterChainProxy - Securing OPTIONS /api/notifications/mine?limit=12
2026-10-06 09:08:25 DEBUG [http-nio-0.0.0.0-8080-exec-9] FilterChainProxy - Securing OPTIONS /api/notifications/mine/unread-count
2026-10-06 09:08:25 DEBUG [http-nio-0.0.0.0-8080-exec-11] FilterChainProxy - Securing GET /api/course
2026-10-06 09:08:25 INFO  [http-nio-0.0.0.0-8080-exec-7] JwtAuthenticationFilter - JWT AUTHENTICATION SUCCESS
2026-10-06 09:08:25 DEBUG [http-nio-0.0.0.0-8080-exec-7] FilterChainProxy - Secured GET /api/subjects
2026-10-06 09:08:25 INFO  [http-nio-0.0.0.0-8080-exec-5] JwtAuthenticationFilter - JWT AUTHENTICATION SUCCESS
2026-10-06 09:08:25 DEBUG [http-nio-0.0.0.0-8080-exec-5] FilterChainProxy - Secured GET /api/notifications/mine/unread-count
2026-10-06 09:08:25 INFO  [http-nio-0.0.0.0-8080-exec-11] JwtAuthenticationFilter - JWT AUTHENTICATION SUCCESS
2026-10-06 09:08:25 DEBUG [http-nio-0.0.0.0-8080-exec-11] FilterChainProxy - Secured GET /api/course
2026-10-06 09:08:25 DEBUG [http-nio-0.0.0.0-8080-exec-4] FilterChainProxy - Securing GET /api/chapter
2026-10-06 09:08:25 INFO  [http-nio-0.0.0.0-8080-exec-11] CourseController - Received request to fetch all courses.
2026-10-06 09:08:25 INFO  [http-nio-0.0.0.0-8080-exec-11] CourseService - Fetching all courses.
2026-10-06 09:08:25 DEBUG [http-nio-0.0.0.0-8080-exec-2] FilterChainProxy - Securing GET /api/topics
2026-10-06 09:08:25 DEBUG [http-nio-0.0.0.0-8080-exec-1] FilterChainProxy - Securing OPTIONS /api/course
2026-10-06 09:08:25 INFO  [http-nio-0.0.0.0-8080-exec-11] CourseService - Fetched 1 courses.
2026-10-06 09:08:25 INFO  [http-nio-0.0.0.0-8080-exec-11] CourseController - Fetched 1 courses successfully.
2026-10-06 09:08:25 INFO  [http-nio-0.0.0.0-8080-exec-4] JwtAuthenticationFilter - JWT AUTHENTICATION SUCCESS
2026-10-06 09:08:25 DEBUG [http-nio-0.0.0.0-8080-exec-4] FilterChainProxy - Secured GET /api/chapter
2026-10-06 09:08:25 INFO  [http-nio-0.0.0.0-8080-exec-4] ChapterController - Received request to fetch all chapters.
2026-10-06 09:08:25 INFO  [http-nio-0.0.0.0-8080-exec-4] ChapterService - Fetching all chapters.
2026-10-06 09:08:25 DEBUG [http-nio-0.0.0.0-8080-exec-8] FilterChainProxy - Securing OPTIONS /api/chapter
2026-10-06 09:08:25 INFO  [http-nio-0.0.0.0-8080-exec-2] JwtAuthenticationFilter - JWT AUTHENTICATION SUCCESS
2026-10-06 09:08:25 DEBUG [http-nio-0.0.0.0-8080-exec-9] FilterChainProxy - Securing OPTIONS /api/topics
2026-10-06 09:08:25 DEBUG [http-nio-0.0.0.0-8080-exec-6] FilterChainProxy - Securing OPTIONS /api/subjects
2026-10-06 09:08:25 DEBUG [http-nio-0.0.0.0-8080-exec-2] FilterChainProxy - Secured GET /api/topics
2026-10-06 09:08:25 INFO  [http-nio-0.0.0.0-8080-exec-4] ChapterService - Fetched 6 chapters.
2026-10-06 09:08:25 INFO  [http-nio-0.0.0.0-8080-exec-4] ChapterController - Fetched 6 chapters successfully.
2026-10-06 09:08:25 DEBUG [http-nio-0.0.0.0-8080-exec-12] FilterChainProxy - Securing OPTIONS /api/questions
2026-10-06 09:08:25 DEBUG [http-nio-0.0.0.0-8080-exec-7] FilterChainProxy - Securing OPTIONS /api/exams
2026-10-06 09:08:25 DEBUG [http-nio-0.0.0.0-8080-exec-5] FilterChainProxy - Securing OPTIONS /api/dashboard
2026-10-06 09:08:25 DEBUG [http-nio-0.0.0.0-8080-exec-1] FilterChainProxy - Securing GET /api/exams
2026-10-06 09:08:25 DEBUG [http-nio-0.0.0.0-8080-exec-11] FilterChainProxy - Securing GET /api/questions
2026-10-06 09:08:25 DEBUG [http-nio-0.0.0.0-8080-exec-8] FilterChainProxy - Securing GET /api/dashboard
2026-10-06 09:08:25 DEBUG [http-nio-0.0.0.0-8080-exec-9] FilterChainProxy - Securing POST /api/activity-sessions
2026-10-06 09:08:25 DEBUG [http-nio-0.0.0.0-8080-exec-6] FilterChainProxy - Securing GET /api/notifications/mine?limit=12
2026-10-06 09:08:25 DEBUG [http-nio-0.0.0.0-8080-exec-4] FilterChainProxy - Securing GET /api/notifications/mine/unread-count
2026-10-06 09:08:25 INFO  [http-nio-0.0.0.0-8080-exec-11] JwtAuthenticationFilter - JWT AUTHENTICATION SUCCESS
2026-10-06 09:08:25 DEBUG [http-nio-0.0.0.0-8080-exec-11] FilterChainProxy - Secured GET /api/questions
2026-10-06 09:08:25 INFO  [http-nio-0.0.0.0-8080-exec-8] JwtAuthenticationFilter - JWT AUTHENTICATION SUCCESS
2026-10-06 09:08:25 DEBUG [http-nio-0.0.0.0-8080-exec-8] FilterChainProxy - Secured GET /api/dashboard
2026-10-06 09:08:25 INFO  [http-nio-0.0.0.0-8080-exec-8] DashboardController - Received request to fetch dashboard details.
2026-10-06 09:08:25 INFO  [http-nio-0.0.0.0-8080-exec-8] DashboardService - Fetching dashboard details.
2026-10-06 09:08:25 INFO  [http-nio-0.0.0.0-8080-exec-1] JwtAuthenticationFilter - JWT AUTHENTICATION SUCCESS
2026-10-06 09:08:25 INFO  [http-nio-0.0.0.0-8080-exec-9] JwtAuthenticationFilter - JWT AUTHENTICATION SUCCESS
2026-10-06 09:08:25 INFO  [http-nio-0.0.0.0-8080-exec-6] JwtAuthenticationFilter - JWT AUTHENTICATION SUCCESS
2026-10-06 09:08:25 DEBUG [http-nio-0.0.0.0-8080-exec-1] FilterChainProxy - Secured GET /api/exams
2026-10-06 09:08:25 DEBUG [http-nio-0.0.0.0-8080-exec-9] FilterChainProxy - Secured POST /api/activity-sessions
2026-10-06 09:08:25 DEBUG [http-nio-0.0.0.0-8080-exec-6] FilterChainProxy - Secured GET /api/notifications/mine?limit=12
2026-10-06 09:08:25 INFO  [http-nio-0.0.0.0-8080-exec-4] JwtAuthenticationFilter - JWT AUTHENTICATION SUCCESS
2026-10-06 09:08:25 DEBUG [http-nio-0.0.0.0-8080-exec-4] FilterChainProxy - Secured GET /api/notifications/mine/unread-count
2026-10-06 09:08:25 INFO  [http-nio-0.0.0.0-8080-exec-8] DashboardService - Dashboard details fetched successfully.
2026-10-06 09:08:25 INFO  [http-nio-0.0.0.0-8080-exec-8] DashboardController - Dashboard details fetched successfully.
2026-10-06 09:08:25 DEBUG [http-nio-0.0.0.0-8080-exec-7] FilterChainProxy - Securing GET /api/subjects
2026-10-06 09:08:25 DEBUG [http-nio-0.0.0.0-8080-exec-12] FilterChainProxy - Securing GET /api/course
2026-10-06 09:08:25 DEBUG [http-nio-0.0.0.0-8080-exec-2] FilterChainProxy - Securing GET /api/chapter
2026-10-06 09:08:25 DEBUG [http-nio-0.0.0.0-8080-exec-5] FilterChainProxy - Securing GET /api/topics
2026-10-06 09:08:25 INFO  [http-nio-0.0.0.0-8080-exec-12] JwtAuthenticationFilter - JWT AUTHENTICATION SUCCESS
2026-10-06 09:08:25 DEBUG [http-nio-0.0.0.0-8080-exec-12] FilterChainProxy - Secured GET /api/course
2026-10-06 09:08:25 INFO  [http-nio-0.0.0.0-8080-exec-2] JwtAuthenticationFilter - JWT AUTHENTICATION SUCCESS
2026-10-06 09:08:25 DEBUG [http-nio-0.0.0.0-8080-exec-2] FilterChainProxy - Secured GET /api/chapter
2026-10-06 09:08:25 INFO  [http-nio-0.0.0.0-8080-exec-12] CourseController - Received request to fetch all courses.
2026-10-06 09:08:25 INFO  [http-nio-0.0.0.0-8080-exec-2] ChapterController - Received request to fetch all chapters.
2026-10-06 09:08:25 INFO  [http-nio-0.0.0.0-8080-exec-12] CourseService - Fetching all courses.
2026-10-06 09:08:25 INFO  [http-nio-0.0.0.0-8080-exec-2] ChapterService - Fetching all chapters.
2026-10-06 09:08:25 INFO  [http-nio-0.0.0.0-8080-exec-7] JwtAuthenticationFilter - JWT AUTHENTICATION SUCCESS
2026-10-06 09:08:25 DEBUG [http-nio-0.0.0.0-8080-exec-7] FilterChainProxy - Secured GET /api/subjects
2026-10-06 09:08:25 INFO  [http-nio-0.0.0.0-8080-exec-12] CourseService - Fetched 1 courses.
2026-10-06 09:08:25 INFO  [http-nio-0.0.0.0-8080-exec-12] CourseController - Fetched 1 courses successfully.
2026-10-06 09:08:25 INFO  [http-nio-0.0.0.0-8080-exec-2] ChapterService - Fetched 6 chapters.
2026-10-06 09:08:25 INFO  [http-nio-0.0.0.0-8080-exec-2] ChapterController - Fetched 6 chapters successfully.
2026-10-06 09:08:25 DEBUG [http-nio-0.0.0.0-8080-exec-8] FilterChainProxy - Securing GET /api/dashboard
2026-10-06 09:08:25 DEBUG [http-nio-0.0.0.0-8080-exec-6] FilterChainProxy - Securing GET /api/exams
2026-10-06 09:08:25 INFO  [http-nio-0.0.0.0-8080-exec-5] JwtAuthenticationFilter - JWT AUTHENTICATION SUCCESS
2026-10-06 09:08:25 DEBUG [http-nio-0.0.0.0-8080-exec-5] FilterChainProxy - Secured GET /api/topics
2026-10-06 09:08:25 INFO  [http-nio-0.0.0.0-8080-exec-6] JwtAuthenticationFilter - JWT AUTHENTICATION SUCCESS
2026-10-06 09:08:25 INFO  [http-nio-0.0.0.0-8080-exec-8] JwtAuthenticationFilter - JWT AUTHENTICATION SUCCESS
2026-10-06 09:08:25 DEBUG [http-nio-0.0.0.0-8080-exec-4] FilterChainProxy - Securing OPTIONS /api/exams/1/questions
2026-10-06 09:08:25 DEBUG [http-nio-0.0.0.0-8080-exec-6] FilterChainProxy - Secured GET /api/exams
2026-10-06 09:08:25 DEBUG [http-nio-0.0.0.0-8080-exec-8] FilterChainProxy - Secured GET /api/dashboard
2026-10-06 09:08:25 INFO  [http-nio-0.0.0.0-8080-exec-8] DashboardController - Received request to fetch dashboard details.
2026-10-06 09:08:25 INFO  [http-nio-0.0.0.0-8080-exec-8] DashboardService - Fetching dashboard details.
2026-10-06 09:08:25 DEBUG [http-nio-0.0.0.0-8080-exec-9] FilterChainProxy - Securing GET /api/exams/1/questions
2026-10-06 09:08:25 INFO  [http-nio-0.0.0.0-8080-exec-8] DashboardService - Dashboard details fetched successfully.
2026-10-06 09:08:25 INFO  [http-nio-0.0.0.0-8080-exec-8] DashboardController - Dashboard details fetched successfully.
2026-10-06 09:08:25 INFO  [http-nio-0.0.0.0-8080-exec-9] JwtAuthenticationFilter - JWT AUTHENTICATION SUCCESS
2026-10-06 09:08:25 DEBUG [http-nio-0.0.0.0-8080-exec-9] FilterChainProxy - Secured GET /api/exams/1/questions
2026-10-06 09:08:25 DEBUG [http-nio-0.0.0.0-8080-exec-1] FilterChainProxy - Securing GET /api/exams/1/questions
2026-10-06 09:08:25 INFO  [http-nio-0.0.0.0-8080-exec-1] JwtAuthenticationFilter - JWT AUTHENTICATION SUCCESS
2026-10-06 09:08:25 DEBUG [http-nio-0.0.0.0-8080-exec-1] FilterChainProxy - Secured GET /api/exams/1/questions
2026-10-06 09:08:26 DEBUG [http-nio-0.0.0.0-8080-exec-7] FilterChainProxy - Securing GET /api/questions
2026-10-06 09:08:26 INFO  [http-nio-0.0.0.0-8080-exec-7] JwtAuthenticationFilter - JWT AUTHENTICATION SUCCESS
2026-10-06 09:08:26 DEBUG [http-nio-0.0.0.0-8080-exec-7] FilterChainProxy - Secured GET /api/questions
2026-10-06 09:08:30 DEBUG [http-nio-0.0.0.0-8080-exec-12] FilterChainProxy - Securing GET /api/exams
2026-10-06 09:08:30 DEBUG [http-nio-0.0.0.0-8080-exec-2] FilterChainProxy - Securing OPTIONS /api/exams/results/me
2026-10-06 09:08:30 DEBUG [http-nio-0.0.0.0-8080-exec-4] FilterChainProxy - Securing OPTIONS /api/activity-sessions/resume
2026-10-06 09:08:30 INFO  [http-nio-0.0.0.0-8080-exec-12] JwtAuthenticationFilter - JWT AUTHENTICATION SUCCESS
2026-10-06 09:08:30 DEBUG [http-nio-0.0.0.0-8080-exec-12] FilterChainProxy - Secured GET /api/exams
2026-10-06 09:08:30 DEBUG [http-nio-0.0.0.0-8080-exec-8] FilterChainProxy - Securing OPTIONS /api/exams/results/me
2026-10-06 09:08:30 DEBUG [http-nio-0.0.0.0-8080-exec-5] FilterChainProxy - Securing GET /api/exams/results/me
2026-10-06 09:08:30 DEBUG [http-nio-0.0.0.0-8080-exec-6] FilterChainProxy - Securing POST /api/activity-sessions/resume
2026-10-06 09:08:30 INFO  [http-nio-0.0.0.0-8080-exec-5] JwtAuthenticationFilter - JWT AUTHENTICATION SUCCESS
2026-10-06 09:08:30 DEBUG [http-nio-0.0.0.0-8080-exec-5] FilterChainProxy - Secured GET /api/exams/results/me
2026-10-06 09:08:30 DEBUG [http-nio-0.0.0.0-8080-exec-9] FilterChainProxy - Securing GET /api/exams
2026-10-06 09:08:30 INFO  [http-nio-0.0.0.0-8080-exec-6] JwtAuthenticationFilter - JWT AUTHENTICATION SUCCESS
2026-10-06 09:08:30 DEBUG [http-nio-0.0.0.0-8080-exec-6] FilterChainProxy - Secured POST /api/activity-sessions/resume
2026-10-06 09:08:30 DEBUG [http-nio-0.0.0.0-8080-exec-1] FilterChainProxy - Securing GET /api/exams/results/me
2026-10-06 09:08:30 INFO  [http-nio-0.0.0.0-8080-exec-9] JwtAuthenticationFilter - JWT AUTHENTICATION SUCCESS
2026-10-06 09:08:30 DEBUG [http-nio-0.0.0.0-8080-exec-9] FilterChainProxy - Secured GET /api/exams
2026-10-06 09:08:30 INFO  [http-nio-0.0.0.0-8080-exec-1] JwtAuthenticationFilter - JWT AUTHENTICATION SUCCESS
2026-10-06 09:08:30 DEBUG [http-nio-0.0.0.0-8080-exec-1] FilterChainProxy - Secured GET /api/exams/results/me
2026-10-06 09:08:31 DEBUG [http-nio-0.0.0.0-8080-exec-4] FilterChainProxy - Securing OPTIONS /api/exams
2026-10-06 09:08:31 DEBUG [http-nio-0.0.0.0-8080-exec-2] FilterChainProxy - Securing POST /api/activity-sessions/resume
2026-10-06 09:08:31 DEBUG [http-nio-0.0.0.0-8080-exec-7] FilterChainProxy - Securing GET /api/exams/results/me
2026-10-06 09:08:31 DEBUG [http-nio-0.0.0.0-8080-exec-11] FilterChainProxy - Securing OPTIONS /api/exams
2026-10-06 09:08:31 INFO  [http-nio-0.0.0.0-8080-exec-2] JwtAuthenticationFilter - JWT AUTHENTICATION SUCCESS
2026-10-06 09:08:31 INFO  [http-nio-0.0.0.0-8080-exec-7] JwtAuthenticationFilter - JWT AUTHENTICATION SUCCESS
2026-10-06 09:08:31 DEBUG [http-nio-0.0.0.0-8080-exec-2] FilterChainProxy - Secured POST /api/activity-sessions/resume
2026-10-06 09:08:31 DEBUG [http-nio-0.0.0.0-8080-exec-7] FilterChainProxy - Secured GET /api/exams/results/me
2026-10-06 09:08:31 DEBUG [http-nio-0.0.0.0-8080-exec-8] FilterChainProxy - Securing GET /api/exams
2026-10-06 09:08:31 INFO  [http-nio-0.0.0.0-8080-exec-8] JwtAuthenticationFilter - JWT AUTHENTICATION SUCCESS
2026-10-06 09:08:31 DEBUG [http-nio-0.0.0.0-8080-exec-7] FilterChainProxy - Securing GET /api/exams/results/me
2026-10-06 09:08:31 DEBUG [http-nio-0.0.0.0-8080-exec-8] FilterChainProxy - Secured GET /api/exams
2026-10-06 09:08:31 INFO  [http-nio-0.0.0.0-8080-exec-7] JwtAuthenticationFilter - JWT AUTHENTICATION SUCCESS
2026-10-06 09:08:31 DEBUG [http-nio-0.0.0.0-8080-exec-7] FilterChainProxy - Secured GET /api/exams/results/me
2026-10-06 09:08:31 DEBUG [http-nio-0.0.0.0-8080-exec-5] FilterChainProxy - Securing GET /api/exams
2026-10-06 09:08:31 INFO  [http-nio-0.0.0.0-8080-exec-5] JwtAuthenticationFilter - JWT AUTHENTICATION SUCCESS
2026-10-06 09:08:31 DEBUG [http-nio-0.0.0.0-8080-exec-5] FilterChainProxy - Secured GET /api/exams
2026-10-06 09:08:36 DEBUG [http-nio-0.0.0.0-8080-exec-6] FilterChainProxy - Securing OPTIONS /api/notifications/mine?limit=12
2026-10-06 09:08:36 DEBUG [http-nio-0.0.0.0-8080-exec-1] FilterChainProxy - Securing OPTIONS /api/notifications/mine/unread-count
2026-10-06 09:08:36 DEBUG [http-nio-0.0.0.0-8080-exec-9] FilterChainProxy - Securing GET /api/notifications/mine?limit=12
2026-10-06 09:08:36 DEBUG [http-nio-0.0.0.0-8080-exec-11] FilterChainProxy - Securing GET /api/notifications/mine/unread-count
2026-10-06 09:08:36 INFO  [http-nio-0.0.0.0-8080-exec-11] JwtAuthenticationFilter - JWT AUTHENTICATION SUCCESS
2026-10-06 09:08:36 INFO  [http-nio-0.0.0.0-8080-exec-9] JwtAuthenticationFilter - JWT AUTHENTICATION SUCCESS
2026-10-06 09:08:36 DEBUG [http-nio-0.0.0.0-8080-exec-11] FilterChainProxy - Secured GET /api/notifications/mine/unread-count
2026-10-06 09:08:36 DEBUG [http-nio-0.0.0.0-8080-exec-9] FilterChainProxy - Secured GET /api/notifications/mine?limit=12
2026-10-06 09:09:01 DEBUG [http-nio-0.0.0.0-8080-exec-4] FilterChainProxy - Securing OPTIONS /api/activity-sessions/heartbeat
2026-10-06 09:09:01 DEBUG [http-nio-0.0.0.0-8080-exec-2] FilterChainProxy - Securing POST /api/activity-sessions/heartbeat
2026-10-06 09:09:01 INFO  [http-nio-0.0.0.0-8080-exec-2] JwtAuthenticationFilter - JWT AUTHENTICATION SUCCESS
2026-10-06 09:09:01 DEBUG [http-nio-0.0.0.0-8080-exec-2] FilterChainProxy - Secured POST /api/activity-sessions/heartbeat
2026-10-06 09:09:10 DEBUG [http-nio-0.0.0.0-8080-exec-12] FilterChainProxy - Securing OPTIONS /api/notifications/mine?limit=12
2026-10-06 09:09:10 DEBUG [http-nio-0.0.0.0-8080-exec-7] FilterChainProxy - Securing OPTIONS /api/notifications/mine/unread-count
2026-10-06 09:09:10 DEBUG [http-nio-0.0.0.0-8080-exec-5] FilterChainProxy - Securing GET /api/notifications/mine?limit=12
2026-10-06 09:09:10 DEBUG [http-nio-0.0.0.0-8080-exec-8] FilterChainProxy - Securing GET /api/notifications/mine/unread-count
2026-10-06 09:09:10 INFO  [http-nio-0.0.0.0-8080-exec-8] JwtAuthenticationFilter - JWT AUTHENTICATION SUCCESS
2026-10-06 09:09:10 INFO  [http-nio-0.0.0.0-8080-exec-5] JwtAuthenticationFilter - JWT AUTHENTICATION SUCCESS
2026-10-06 09:09:10 DEBUG [http-nio-0.0.0.0-8080-exec-5] FilterChainProxy - Secured GET /api/notifications/mine?limit=12
2026-10-06 09:09:10 DEBUG [http-nio-0.0.0.0-8080-exec-8] FilterChainProxy - Secured GET /api/notifications/mine/unread-count
2026-10-06 09:09:20 DEBUG [http-nio-0.0.0.0-8080-exec-6] FilterChainProxy - Securing OPTIONS /api/notifications/mine?limit=12
2026-10-06 09:09:20 DEBUG [http-nio-0.0.0.0-8080-exec-1] FilterChainProxy - Securing OPTIONS /api/notifications/mine/unread-count
2026-10-06 09:09:20 DEBUG [http-nio-0.0.0.0-8080-exec-4] FilterChainProxy - Securing OPTIONS /api/chapter
2026-10-06 09:09:20 DEBUG [http-nio-0.0.0.0-8080-exec-11] FilterChainProxy - Securing OPTIONS /api/course
2026-10-06 09:09:20 DEBUG [http-nio-0.0.0.0-8080-exec-9] FilterChainProxy - Securing OPTIONS /api/subjects
2026-10-06 09:09:20 DEBUG [http-nio-0.0.0.0-8080-exec-2] FilterChainProxy - Securing GET /api/notifications/mine?limit=12
2026-10-06 09:09:20 DEBUG [http-nio-0.0.0.0-8080-exec-12] FilterChainProxy - Securing OPTIONS /api/topics
2026-10-06 09:09:20 INFO  [http-nio-0.0.0.0-8080-exec-2] JwtAuthenticationFilter - JWT AUTHENTICATION SUCCESS
2026-10-06 09:09:20 DEBUG [http-nio-0.0.0.0-8080-exec-2] FilterChainProxy - Secured GET /api/notifications/mine?limit=12
2026-10-06 09:09:20 DEBUG [http-nio-0.0.0.0-8080-exec-7] FilterChainProxy - Securing GET /api/notifications/mine/unread-count
2026-10-06 09:09:20 DEBUG [http-nio-0.0.0.0-8080-exec-8] FilterChainProxy - Securing OPTIONS /api/questions
2026-10-06 09:09:20 DEBUG [http-nio-0.0.0.0-8080-exec-5] FilterChainProxy - Securing OPTIONS /api/exams
2026-10-06 09:09:20 INFO  [http-nio-0.0.0.0-8080-exec-7] JwtAuthenticationFilter - JWT AUTHENTICATION SUCCESS
2026-10-06 09:09:20 DEBUG [http-nio-0.0.0.0-8080-exec-7] FilterChainProxy - Secured GET /api/notifications/mine/unread-count
2026-10-06 09:09:20 DEBUG [http-nio-0.0.0.0-8080-exec-6] FilterChainProxy - Securing OPTIONS /api/activity-sessions/resume
2026-10-06 09:09:20 DEBUG [http-nio-0.0.0.0-8080-exec-1] FilterChainProxy - Securing OPTIONS /api/course
2026-10-06 09:09:20 DEBUG [http-nio-0.0.0.0-8080-exec-11] FilterChainProxy - Securing GET /api/notifications/mine?limit=12
2026-10-06 09:09:20 DEBUG [http-nio-0.0.0.0-8080-exec-4] FilterChainProxy - Securing OPTIONS /api/subjects
2026-10-06 09:09:20 INFO  [http-nio-0.0.0.0-8080-exec-11] JwtAuthenticationFilter - JWT AUTHENTICATION SUCCESS
2026-10-06 09:09:20 DEBUG [http-nio-0.0.0.0-8080-exec-11] FilterChainProxy - Secured GET /api/notifications/mine?limit=12
2026-10-06 09:09:20 DEBUG [http-nio-0.0.0.0-8080-exec-9] FilterChainProxy - Securing GET /api/course
2026-10-06 09:09:20 DEBUG [http-nio-0.0.0.0-8080-exec-12] FilterChainProxy - Securing OPTIONS /api/exams/results/me
2026-10-06 09:09:20 DEBUG [http-nio-0.0.0.0-8080-exec-8] FilterChainProxy - Securing GET /api/subjects
2026-10-06 09:09:20 DEBUG [http-nio-0.0.0.0-8080-exec-2] FilterChainProxy - Securing GET /api/chapter
2026-10-06 09:09:20 INFO  [http-nio-0.0.0.0-8080-exec-9] JwtAuthenticationFilter - JWT AUTHENTICATION SUCCESS
2026-10-06 09:09:20 DEBUG [http-nio-0.0.0.0-8080-exec-9] FilterChainProxy - Secured GET /api/course
2026-10-06 09:09:20 DEBUG [http-nio-0.0.0.0-8080-exec-5] FilterChainProxy - Securing OPTIONS /api/chapter
2026-10-06 09:09:20 INFO  [http-nio-0.0.0.0-8080-exec-9] CourseController - Received request to fetch all courses.
2026-10-06 09:09:20 INFO  [http-nio-0.0.0.0-8080-exec-9] CourseService - Fetching all courses.
2026-10-06 09:09:20 INFO  [http-nio-0.0.0.0-8080-exec-2] JwtAuthenticationFilter - JWT AUTHENTICATION SUCCESS
2026-10-06 09:09:20 DEBUG [http-nio-0.0.0.0-8080-exec-2] FilterChainProxy - Secured GET /api/chapter
2026-10-06 09:09:20 INFO  [http-nio-0.0.0.0-8080-exec-2] ChapterController - Received request to fetch all chapters.
2026-10-06 09:09:20 INFO  [http-nio-0.0.0.0-8080-exec-2] ChapterService - Fetching all chapters.
2026-10-06 09:09:20 DEBUG [http-nio-0.0.0.0-8080-exec-6] FilterChainProxy - Securing OPTIONS /api/topics
2026-10-06 09:09:20 INFO  [http-nio-0.0.0.0-8080-exec-8] JwtAuthenticationFilter - JWT AUTHENTICATION SUCCESS
2026-10-06 09:09:20 INFO  [http-nio-0.0.0.0-8080-exec-9] CourseService - Fetched 1 courses.
2026-10-06 09:09:20 INFO  [http-nio-0.0.0.0-8080-exec-9] CourseController - Fetched 1 courses successfully.
2026-10-06 09:09:20 DEBUG [http-nio-0.0.0.0-8080-exec-8] FilterChainProxy - Secured GET /api/subjects
2026-10-06 09:09:20 INFO  [http-nio-0.0.0.0-8080-exec-2] ChapterService - Fetched 6 chapters.
2026-10-06 09:09:20 INFO  [http-nio-0.0.0.0-8080-exec-2] ChapterController - Fetched 6 chapters successfully.
2026-10-06 09:09:20 DEBUG [http-nio-0.0.0.0-8080-exec-7] FilterChainProxy - Securing GET /api/topics
2026-10-06 09:09:20 DEBUG [http-nio-0.0.0.0-8080-exec-9] FilterChainProxy - Securing OPTIONS /api/questions
2026-10-06 09:09:20 DEBUG [http-nio-0.0.0.0-8080-exec-9] FilterChainProxy - Securing OPTIONS /api/exams
2026-10-06 09:09:20 INFO  [http-nio-0.0.0.0-8080-exec-7] JwtAuthenticationFilter - JWT AUTHENTICATION SUCCESS
2026-10-06 09:09:20 DEBUG [http-nio-0.0.0.0-8080-exec-7] FilterChainProxy - Secured GET /api/topics
2026-10-06 09:09:20 DEBUG [http-nio-0.0.0.0-8080-exec-12] FilterChainProxy - Securing OPTIONS /api/exams/results/me
2026-10-06 09:09:20 DEBUG [http-nio-0.0.0.0-8080-exec-11] FilterChainProxy - Securing GET /api/notifications/mine/unread-count
2026-10-06 09:09:20 INFO  [http-nio-0.0.0.0-8080-exec-11] JwtAuthenticationFilter - JWT AUTHENTICATION SUCCESS
2026-10-06 09:09:20 DEBUG [http-nio-0.0.0.0-8080-exec-11] FilterChainProxy - Secured GET /api/notifications/mine/unread-count
2026-10-06 09:09:20 DEBUG [http-nio-0.0.0.0-8080-exec-5] FilterChainProxy - Securing GET /api/questions
2026-10-06 09:09:20 DEBUG [http-nio-0.0.0.0-8080-exec-1] FilterChainProxy - Securing POST /api/activity-sessions/resume
2026-10-06 09:09:20 DEBUG [http-nio-0.0.0.0-8080-exec-6] FilterChainProxy - Securing GET /api/exams
2026-10-06 09:09:20 INFO  [http-nio-0.0.0.0-8080-exec-5] JwtAuthenticationFilter - JWT AUTHENTICATION SUCCESS
2026-10-06 09:09:20 DEBUG [http-nio-0.0.0.0-8080-exec-5] FilterChainProxy - Secured GET /api/questions
2026-10-06 09:09:20 DEBUG [http-nio-0.0.0.0-8080-exec-2] FilterChainProxy - Securing GET /api/course
2026-10-06 09:09:20 DEBUG [http-nio-0.0.0.0-8080-exec-4] FilterChainProxy - Securing GET /api/subjects
2026-10-06 09:09:20 INFO  [http-nio-0.0.0.0-8080-exec-1] JwtAuthenticationFilter - JWT AUTHENTICATION SUCCESS
2026-10-06 09:09:20 DEBUG [http-nio-0.0.0.0-8080-exec-1] FilterChainProxy - Secured POST /api/activity-sessions/resume
2026-10-06 09:09:20 INFO  [http-nio-0.0.0.0-8080-exec-2] JwtAuthenticationFilter - JWT AUTHENTICATION SUCCESS
2026-10-06 09:09:20 INFO  [http-nio-0.0.0.0-8080-exec-6] JwtAuthenticationFilter - JWT AUTHENTICATION SUCCESS
2026-10-06 09:09:20 DEBUG [http-nio-0.0.0.0-8080-exec-2] FilterChainProxy - Secured GET /api/course
2026-10-06 09:09:20 DEBUG [http-nio-0.0.0.0-8080-exec-6] FilterChainProxy - Secured GET /api/exams
2026-10-06 09:09:20 INFO  [http-nio-0.0.0.0-8080-exec-2] CourseController - Received request to fetch all courses.
2026-10-06 09:09:20 INFO  [http-nio-0.0.0.0-8080-exec-2] CourseService - Fetching all courses.
2026-10-06 09:09:20 DEBUG [http-nio-0.0.0.0-8080-exec-9] FilterChainProxy - Securing GET /api/exams/results/me
2026-10-06 09:09:20 INFO  [http-nio-0.0.0.0-8080-exec-4] JwtAuthenticationFilter - JWT AUTHENTICATION SUCCESS
2026-10-06 09:09:20 DEBUG [http-nio-0.0.0.0-8080-exec-4] FilterChainProxy - Secured GET /api/subjects
2026-10-06 09:09:20 INFO  [http-nio-0.0.0.0-8080-exec-2] CourseService - Fetched 1 courses.
2026-10-06 09:09:20 INFO  [http-nio-0.0.0.0-8080-exec-2] CourseController - Fetched 1 courses successfully.
2026-10-06 09:09:20 INFO  [http-nio-0.0.0.0-8080-exec-9] JwtAuthenticationFilter - JWT AUTHENTICATION SUCCESS
2026-10-06 09:09:20 DEBUG [http-nio-0.0.0.0-8080-exec-9] FilterChainProxy - Secured GET /api/exams/results/me
2026-10-06 09:09:20 DEBUG [http-nio-0.0.0.0-8080-exec-8] FilterChainProxy - Securing GET /api/chapter
2026-10-06 09:09:20 DEBUG [http-nio-0.0.0.0-8080-exec-7] FilterChainProxy - Securing GET /api/exams
2026-10-06 09:09:20 DEBUG [http-nio-0.0.0.0-8080-exec-12] FilterChainProxy - Securing GET /api/topics
2026-10-06 09:09:20 INFO  [http-nio-0.0.0.0-8080-exec-12] JwtAuthenticationFilter - JWT AUTHENTICATION SUCCESS
2026-10-06 09:09:20 DEBUG [http-nio-0.0.0.0-8080-exec-12] FilterChainProxy - Secured GET /api/topics
2026-10-06 09:09:20 INFO  [http-nio-0.0.0.0-8080-exec-8] JwtAuthenticationFilter - JWT AUTHENTICATION SUCCESS
2026-10-06 09:09:20 INFO  [http-nio-0.0.0.0-8080-exec-7] JwtAuthenticationFilter - JWT AUTHENTICATION SUCCESS
2026-10-06 09:09:20 DEBUG [http-nio-0.0.0.0-8080-exec-8] FilterChainProxy - Secured GET /api/chapter
2026-10-06 09:09:20 DEBUG [http-nio-0.0.0.0-8080-exec-7] FilterChainProxy - Secured GET /api/exams
2026-10-06 09:09:20 INFO  [http-nio-0.0.0.0-8080-exec-8] ChapterController - Received request to fetch all chapters.
2026-10-06 09:09:20 INFO  [http-nio-0.0.0.0-8080-exec-8] ChapterService - Fetching all chapters.
2026-10-06 09:09:20 DEBUG [http-nio-0.0.0.0-8080-exec-11] FilterChainProxy - Securing GET /api/exams/results/me
2026-10-06 09:09:20 INFO  [http-nio-0.0.0.0-8080-exec-8] ChapterService - Fetched 6 chapters.
2026-10-06 09:09:20 INFO  [http-nio-0.0.0.0-8080-exec-8] ChapterController - Fetched 6 chapters successfully.
2026-10-06 09:09:20 INFO  [http-nio-0.0.0.0-8080-exec-11] JwtAuthenticationFilter - JWT AUTHENTICATION SUCCESS
2026-10-06 09:09:20 DEBUG [http-nio-0.0.0.0-8080-exec-11] FilterChainProxy - Secured GET /api/exams/results/me
2026-10-06 09:09:20 DEBUG [http-nio-0.0.0.0-8080-exec-1] FilterChainProxy - Securing GET /api/questions
2026-10-06 09:09:20 INFO  [http-nio-0.0.0.0-8080-exec-1] JwtAuthenticationFilter - JWT AUTHENTICATION SUCCESS
2026-10-06 09:09:20 DEBUG [http-nio-0.0.0.0-8080-exec-1] FilterChainProxy - Secured GET /api/questions
2026-10-06 09:09:21 DEBUG [http-nio-0.0.0.0-8080-exec-6] FilterChainProxy - Securing OPTIONS /api/exams/1/questions
2026-10-06 09:09:21 DEBUG [http-nio-0.0.0.0-8080-exec-2] FilterChainProxy - Securing OPTIONS /api/exams/1/questions
2026-10-06 09:09:21 DEBUG [http-nio-0.0.0.0-8080-exec-4] FilterChainProxy - Securing GET /api/exams/1/questions
2026-10-06 09:09:21 INFO  [http-nio-0.0.0.0-8080-exec-4] JwtAuthenticationFilter - JWT AUTHENTICATION SUCCESS
2026-10-06 09:09:21 DEBUG [http-nio-0.0.0.0-8080-exec-4] FilterChainProxy - Secured GET /api/exams/1/questions
2026-10-06 09:09:21 DEBUG [http-nio-0.0.0.0-8080-exec-9] FilterChainProxy - Securing GET /api/exams/1/questions
2026-10-06 09:09:21 INFO  [http-nio-0.0.0.0-8080-exec-9] JwtAuthenticationFilter - JWT AUTHENTICATION SUCCESS
2026-10-06 09:09:21 DEBUG [http-nio-0.0.0.0-8080-exec-9] FilterChainProxy - Secured GET /api/exams/1/questions
2026-10-06 09:09:34 DEBUG [http-nio-0.0.0.0-8080-exec-12] FilterChainProxy - Securing OPTIONS /api/exams/1/submit
2026-10-06 09:09:34 DEBUG [http-nio-0.0.0.0-8080-exec-8] FilterChainProxy - Securing POST /api/exams/1/submit
2026-10-06 09:09:34 INFO  [http-nio-0.0.0.0-8080-exec-8] JwtAuthenticationFilter - JWT AUTHENTICATION SUCCESS
2026-10-06 09:09:34 DEBUG [http-nio-0.0.0.0-8080-exec-8] FilterChainProxy - Secured POST /api/exams/1/submit
2026-10-06 09:09:37 DEBUG [http-nio-0.0.0.0-8080-exec-7] FilterChainProxy - Securing OPTIONS /api/notifications/mine?limit=12
2026-10-06 09:09:37 DEBUG [http-nio-0.0.0.0-8080-exec-11] FilterChainProxy - Securing OPTIONS /api/notifications/mine/unread-count
2026-10-06 09:09:37 DEBUG [http-nio-0.0.0.0-8080-exec-11] FilterChainProxy - Securing OPTIONS /api/course
2026-10-06 09:09:37 DEBUG [http-nio-0.0.0.0-8080-exec-1] FilterChainProxy - Securing OPTIONS /api/subjects
2026-10-06 09:09:37 DEBUG [http-nio-0.0.0.0-8080-exec-1] FilterChainProxy - Securing OPTIONS /api/chapter
2026-10-06 09:09:37 DEBUG [http-nio-0.0.0.0-8080-exec-2] FilterChainProxy - Securing OPTIONS /api/topics
2026-10-06 09:09:37 DEBUG [http-nio-0.0.0.0-8080-exec-4] FilterChainProxy - Securing OPTIONS /api/questions
2026-10-06 09:09:37 DEBUG [http-nio-0.0.0.0-8080-exec-9] FilterChainProxy - Securing GET /api/notifications/mine?limit=12
2026-10-06 09:09:37 DEBUG [http-nio-0.0.0.0-8080-exec-4] FilterChainProxy - Securing OPTIONS /api/exams
2026-10-06 09:09:37 DEBUG [http-nio-0.0.0.0-8080-exec-4] FilterChainProxy - Securing GET /api/notifications/mine/unread-count
2026-10-06 09:09:37 DEBUG [http-nio-0.0.0.0-8080-exec-12] FilterChainProxy - Securing GET /api/course
2026-10-06 09:09:37 DEBUG [http-nio-0.0.0.0-8080-exec-8] FilterChainProxy - Securing OPTIONS /api/exams/results/me
2026-10-06 09:09:37 DEBUG [http-nio-0.0.0.0-8080-exec-7] FilterChainProxy - Securing GET /api/subjects
2026-10-06 09:09:37 DEBUG [http-nio-0.0.0.0-8080-exec-5] FilterChainProxy - Securing OPTIONS /api/activity-sessions/resume
2026-10-06 09:09:37 DEBUG [http-nio-0.0.0.0-8080-exec-1] FilterChainProxy - Securing GET /api/topics
2026-10-06 09:09:37 INFO  [http-nio-0.0.0.0-8080-exec-4] JwtAuthenticationFilter - JWT AUTHENTICATION SUCCESS
2026-10-06 09:09:37 DEBUG [http-nio-0.0.0.0-8080-exec-11] FilterChainProxy - Securing GET /api/chapter
2026-10-06 09:09:37 DEBUG [http-nio-0.0.0.0-8080-exec-2] FilterChainProxy - Securing OPTIONS /api/notifications/mine/unread-count
2026-10-06 09:09:37 DEBUG [http-nio-0.0.0.0-8080-exec-4] FilterChainProxy - Secured GET /api/notifications/mine/unread-count
2026-10-06 09:09:37 DEBUG [http-nio-0.0.0.0-8080-exec-6] FilterChainProxy - Securing OPTIONS /api/notifications/mine?limit=12
2026-10-06 09:09:37 INFO  [http-nio-0.0.0.0-8080-exec-9] JwtAuthenticationFilter - JWT AUTHENTICATION SUCCESS
2026-10-06 09:09:37 DEBUG [http-nio-0.0.0.0-8080-exec-9] FilterChainProxy - Secured GET /api/notifications/mine?limit=12
2026-10-06 09:09:37 DEBUG [http-nio-0.0.0.0-8080-exec-6] FilterChainProxy - Securing OPTIONS /api/course
2026-10-06 09:09:37 INFO  [http-nio-0.0.0.0-8080-exec-12] JwtAuthenticationFilter - JWT AUTHENTICATION SUCCESS
2026-10-06 09:09:37 INFO  [http-nio-0.0.0.0-8080-exec-7] JwtAuthenticationFilter - JWT AUTHENTICATION SUCCESS
2026-10-06 09:09:37 INFO  [http-nio-0.0.0.0-8080-exec-11] JwtAuthenticationFilter - JWT AUTHENTICATION SUCCESS
2026-10-06 09:09:37 DEBUG [http-nio-0.0.0.0-8080-exec-12] FilterChainProxy - Secured GET /api/course
2026-10-06 09:09:37 DEBUG [http-nio-0.0.0.0-8080-exec-7] FilterChainProxy - Secured GET /api/subjects
2026-10-06 09:09:37 DEBUG [http-nio-0.0.0.0-8080-exec-11] FilterChainProxy - Secured GET /api/chapter
2026-10-06 09:09:37 INFO  [http-nio-0.0.0.0-8080-exec-11] ChapterController - Received request to fetch all chapters.
2026-10-06 09:09:37 INFO  [http-nio-0.0.0.0-8080-exec-12] CourseController - Received request to fetch all courses.
2026-10-06 09:09:37 INFO  [http-nio-0.0.0.0-8080-exec-11] ChapterService - Fetching all chapters.
2026-10-06 09:09:37 INFO  [http-nio-0.0.0.0-8080-exec-12] CourseService - Fetching all courses.
2026-10-06 09:09:37 INFO  [http-nio-0.0.0.0-8080-exec-1] JwtAuthenticationFilter - JWT AUTHENTICATION SUCCESS
2026-10-06 09:09:37 DEBUG [http-nio-0.0.0.0-8080-exec-1] FilterChainProxy - Secured GET /api/topics
2026-10-06 09:09:37 INFO  [http-nio-0.0.0.0-8080-exec-12] CourseService - Fetched 1 courses.
2026-10-06 09:09:37 INFO  [http-nio-0.0.0.0-8080-exec-12] CourseController - Fetched 1 courses successfully.
2026-10-06 09:09:37 INFO  [http-nio-0.0.0.0-8080-exec-11] ChapterService - Fetched 6 chapters.
2026-10-06 09:09:37 INFO  [http-nio-0.0.0.0-8080-exec-11] ChapterController - Fetched 6 chapters successfully.
2026-10-06 09:09:37 DEBUG [http-nio-0.0.0.0-8080-exec-8] FilterChainProxy - Securing OPTIONS /api/subjects
2026-10-06 09:09:37 DEBUG [http-nio-0.0.0.0-8080-exec-2] FilterChainProxy - Securing OPTIONS /api/chapter
2026-10-06 09:09:37 DEBUG [http-nio-0.0.0.0-8080-exec-4] FilterChainProxy - Securing OPTIONS /api/questions
2026-10-06 09:09:37 DEBUG [http-nio-0.0.0.0-8080-exec-5] FilterChainProxy - Securing OPTIONS /api/topics
2026-10-06 09:09:37 DEBUG [http-nio-0.0.0.0-8080-exec-6] FilterChainProxy - Securing OPTIONS /api/exams
2026-10-06 09:09:37 DEBUG [http-nio-0.0.0.0-8080-exec-7] FilterChainProxy - Securing OPTIONS /api/exams/results/me
2026-10-06 09:09:37 DEBUG [http-nio-0.0.0.0-8080-exec-12] FilterChainProxy - Securing GET /api/questions
2026-10-06 09:09:37 DEBUG [http-nio-0.0.0.0-8080-exec-9] FilterChainProxy - Securing GET /api/exams
2026-10-06 09:09:37 INFO  [http-nio-0.0.0.0-8080-exec-12] JwtAuthenticationFilter - JWT AUTHENTICATION SUCCESS
2026-10-06 09:09:37 DEBUG [http-nio-0.0.0.0-8080-exec-12] FilterChainProxy - Secured GET /api/questions
2026-10-06 09:09:37 DEBUG [http-nio-0.0.0.0-8080-exec-11] FilterChainProxy - Securing GET /api/exams/results/me
2026-10-06 09:09:37 INFO  [http-nio-0.0.0.0-8080-exec-9] JwtAuthenticationFilter - JWT AUTHENTICATION SUCCESS
2026-10-06 09:09:37 DEBUG [http-nio-0.0.0.0-8080-exec-1] FilterChainProxy - Securing GET /api/notifications/mine/unread-count
2026-10-06 09:09:37 DEBUG [http-nio-0.0.0.0-8080-exec-8] FilterChainProxy - Securing POST /api/activity-sessions/resume
2026-10-06 09:09:37 DEBUG [http-nio-0.0.0.0-8080-exec-9] FilterChainProxy - Secured GET /api/exams
2026-10-06 09:09:37 DEBUG [http-nio-0.0.0.0-8080-exec-2] FilterChainProxy - Securing GET /api/notifications/mine?limit=12
2026-10-06 09:09:37 INFO  [http-nio-0.0.0.0-8080-exec-2] JwtAuthenticationFilter - JWT AUTHENTICATION SUCCESS
2026-10-06 09:09:37 INFO  [http-nio-0.0.0.0-8080-exec-11] JwtAuthenticationFilter - JWT AUTHENTICATION SUCCESS
2026-10-06 09:09:37 DEBUG [http-nio-0.0.0.0-8080-exec-11] FilterChainProxy - Secured GET /api/exams/results/me
2026-10-06 09:09:37 DEBUG [http-nio-0.0.0.0-8080-exec-2] FilterChainProxy - Secured GET /api/notifications/mine?limit=12
2026-10-06 09:09:37 INFO  [http-nio-0.0.0.0-8080-exec-8] JwtAuthenticationFilter - JWT AUTHENTICATION SUCCESS
2026-10-06 09:09:37 INFO  [http-nio-0.0.0.0-8080-exec-1] JwtAuthenticationFilter - JWT AUTHENTICATION SUCCESS
2026-10-06 09:09:37 DEBUG [http-nio-0.0.0.0-8080-exec-1] FilterChainProxy - Secured GET /api/notifications/mine/unread-count
2026-10-06 09:09:37 DEBUG [http-nio-0.0.0.0-8080-exec-8] FilterChainProxy - Secured POST /api/activity-sessions/resume
2026-10-06 09:09:37 DEBUG [http-nio-0.0.0.0-8080-exec-4] FilterChainProxy - Securing GET /api/course
2026-10-06 09:09:37 DEBUG [http-nio-0.0.0.0-8080-exec-6] FilterChainProxy - Securing GET /api/subjects
2026-10-06 09:09:37 INFO  [http-nio-0.0.0.0-8080-exec-6] JwtAuthenticationFilter - JWT AUTHENTICATION SUCCESS
2026-10-06 09:09:37 DEBUG [http-nio-0.0.0.0-8080-exec-6] FilterChainProxy - Secured GET /api/subjects
2026-10-06 09:09:37 DEBUG [http-nio-0.0.0.0-8080-exec-5] FilterChainProxy - Securing GET /api/chapter
2026-10-06 09:09:37 DEBUG [http-nio-0.0.0.0-8080-exec-7] FilterChainProxy - Securing GET /api/topics
2026-10-06 09:09:37 INFO  [http-nio-0.0.0.0-8080-exec-4] JwtAuthenticationFilter - JWT AUTHENTICATION SUCCESS
2026-10-06 09:09:37 DEBUG [http-nio-0.0.0.0-8080-exec-4] FilterChainProxy - Secured GET /api/course
2026-10-06 09:09:37 INFO  [http-nio-0.0.0.0-8080-exec-4] CourseController - Received request to fetch all courses.
2026-10-06 09:09:37 INFO  [http-nio-0.0.0.0-8080-exec-4] CourseService - Fetching all courses.
2026-10-06 09:09:37 DEBUG [http-nio-0.0.0.0-8080-exec-9] FilterChainProxy - Securing GET /api/exams
2026-10-06 09:09:37 INFO  [http-nio-0.0.0.0-8080-exec-7] JwtAuthenticationFilter - JWT AUTHENTICATION SUCCESS
2026-10-06 09:09:37 INFO  [http-nio-0.0.0.0-8080-exec-5] JwtAuthenticationFilter - JWT AUTHENTICATION SUCCESS
2026-10-06 09:09:37 DEBUG [http-nio-0.0.0.0-8080-exec-7] FilterChainProxy - Secured GET /api/topics
2026-10-06 09:09:37 DEBUG [http-nio-0.0.0.0-8080-exec-5] FilterChainProxy - Secured GET /api/chapter
2026-10-06 09:09:37 INFO  [http-nio-0.0.0.0-8080-exec-5] ChapterController - Received request to fetch all chapters.
2026-10-06 09:09:37 INFO  [http-nio-0.0.0.0-8080-exec-5] ChapterService - Fetching all chapters.
2026-10-06 09:09:37 INFO  [http-nio-0.0.0.0-8080-exec-4] CourseService - Fetched 1 courses.
2026-10-06 09:09:37 INFO  [http-nio-0.0.0.0-8080-exec-4] CourseController - Fetched 1 courses successfully.
2026-10-06 09:09:37 INFO  [http-nio-0.0.0.0-8080-exec-9] JwtAuthenticationFilter - JWT AUTHENTICATION SUCCESS
2026-10-06 09:09:37 DEBUG [http-nio-0.0.0.0-8080-exec-9] FilterChainProxy - Secured GET /api/exams
2026-10-06 09:09:37 INFO  [http-nio-0.0.0.0-8080-exec-5] ChapterService - Fetched 6 chapters.
2026-10-06 09:09:37 INFO  [http-nio-0.0.0.0-8080-exec-5] ChapterController - Fetched 6 chapters successfully.
2026-10-06 09:09:37 DEBUG [http-nio-0.0.0.0-8080-exec-2] FilterChainProxy - Securing GET /api/exams/results/me
2026-10-06 09:09:37 INFO  [http-nio-0.0.0.0-8080-exec-2] JwtAuthenticationFilter - JWT AUTHENTICATION SUCCESS
2026-10-06 09:09:37 DEBUG [http-nio-0.0.0.0-8080-exec-2] FilterChainProxy - Secured GET /api/exams/results/me
2026-10-06 09:09:37 DEBUG [http-nio-0.0.0.0-8080-exec-1] FilterChainProxy - Securing GET /api/questions
2026-10-06 09:09:37 INFO  [http-nio-0.0.0.0-8080-exec-1] JwtAuthenticationFilter - JWT AUTHENTICATION SUCCESS
2026-10-06 09:09:37 DEBUG [http-nio-0.0.0.0-8080-exec-1] FilterChainProxy - Secured GET /api/questions
2026-10-06 09:09:40 DEBUG [http-nio-0.0.0.0-8080-exec-8] FilterChainProxy - Securing OPTIONS /api/activity-sessions/close
2026-10-06 09:09:40 DEBUG [http-nio-0.0.0.0-8080-exec-11] FilterChainProxy - Securing POST /api/activity-sessions/close
2026-10-06 09:09:40 INFO  [http-nio-0.0.0.0-8080-exec-11] JwtAuthenticationFilter - JWT AUTHENTICATION SUCCESS
2026-10-06 09:09:40 DEBUG [http-nio-0.0.0.0-8080-exec-11] FilterChainProxy - Secured POST /api/activity-sessions/close
2026-10-06 09:09:43 DEBUG [http-nio-0.0.0.0-8080-exec-6] FilterChainProxy - Securing OPTIONS /api/auth/login
2026-10-06 09:09:43 DEBUG [http-nio-0.0.0.0-8080-exec-4] FilterChainProxy - Securing POST /api/auth/login
2026-10-06 09:09:43 DEBUG [http-nio-0.0.0.0-8080-exec-4] AnonymousAuthenticationFilter - Set SecurityContextHolder to anonymous SecurityContext
2026-10-06 09:09:43 DEBUG [http-nio-0.0.0.0-8080-exec-4] FilterChainProxy - Secured POST /api/auth/login
2026-10-06 09:09:43 DEBUG [http-nio-0.0.0.0-8080-exec-4] DaoAuthenticationProvider - Authenticated user
2026-10-06 09:09:43 DEBUG [http-nio-0.0.0.0-8080-exec-5] FilterChainProxy - Securing OPTIONS /api/notifications/mine?limit=12
2026-10-06 09:09:43 DEBUG [http-nio-0.0.0.0-8080-exec-9] FilterChainProxy - Securing OPTIONS /api/course
2026-10-06 09:09:43 DEBUG [http-nio-0.0.0.0-8080-exec-7] FilterChainProxy - Securing OPTIONS /api/notifications/mine/unread-count
2026-10-06 09:09:43 DEBUG [http-nio-0.0.0.0-8080-exec-2] FilterChainProxy - Securing OPTIONS /api/subjects
2026-10-06 09:09:43 DEBUG [http-nio-0.0.0.0-8080-exec-12] FilterChainProxy - Securing OPTIONS /api/chapter
2026-10-06 09:09:43 DEBUG [http-nio-0.0.0.0-8080-exec-1] FilterChainProxy - Securing OPTIONS /api/topics
2026-10-06 09:09:43 DEBUG [http-nio-0.0.0.0-8080-exec-8] FilterChainProxy - Securing OPTIONS /api/questions
2026-10-06 09:09:43 DEBUG [http-nio-0.0.0.0-8080-exec-11] FilterChainProxy - Securing OPTIONS /api/college
2026-10-06 09:09:43 DEBUG [http-nio-0.0.0.0-8080-exec-6] FilterChainProxy - Securing OPTIONS /api/branch
2026-10-06 09:09:43 DEBUG [http-nio-0.0.0.0-8080-exec-4] FilterChainProxy - Securing GET /api/notifications/mine?limit=12
2026-10-06 09:09:43 DEBUG [http-nio-0.0.0.0-8080-exec-9] FilterChainProxy - Securing OPTIONS /api/section
2026-10-06 09:09:43 DEBUG [http-nio-0.0.0.0-8080-exec-2] FilterChainProxy - Securing OPTIONS /api/exams
2026-10-06 09:09:43 DEBUG [http-nio-0.0.0.0-8080-exec-5] FilterChainProxy - Securing GET /api/course
2026-10-06 09:09:43 DEBUG [http-nio-0.0.0.0-8080-exec-1] FilterChainProxy - Securing OPTIONS /api/activity-sessions
2026-10-06 09:09:43 DEBUG [http-nio-0.0.0.0-8080-exec-7] FilterChainProxy - Securing GET /api/notifications/mine/unread-count
2026-10-06 09:09:43 DEBUG [http-nio-0.0.0.0-8080-exec-12] FilterChainProxy - Securing OPTIONS /api/dashboard
2026-10-06 09:09:43 INFO  [http-nio-0.0.0.0-8080-exec-4] JwtAuthenticationFilter - JWT AUTHENTICATION SUCCESS
2026-10-06 09:09:43 DEBUG [http-nio-0.0.0.0-8080-exec-4] FilterChainProxy - Secured GET /api/notifications/mine?limit=12
2026-10-06 09:09:43 INFO  [http-nio-0.0.0.0-8080-exec-7] JwtAuthenticationFilter - JWT AUTHENTICATION SUCCESS
2026-10-06 09:09:43 DEBUG [http-nio-0.0.0.0-8080-exec-7] FilterChainProxy - Secured GET /api/notifications/mine/unread-count
2026-10-06 09:09:43 INFO  [http-nio-0.0.0.0-8080-exec-5] JwtAuthenticationFilter - JWT AUTHENTICATION SUCCESS
2026-10-06 09:09:43 DEBUG [http-nio-0.0.0.0-8080-exec-5] FilterChainProxy - Secured GET /api/course
2026-10-06 09:09:43 INFO  [http-nio-0.0.0.0-8080-exec-5] CourseController - Received request to fetch all courses.
2026-10-06 09:09:43 INFO  [http-nio-0.0.0.0-8080-exec-5] CourseService - Fetching all courses.
2026-10-06 09:09:43 DEBUG [http-nio-0.0.0.0-8080-exec-8] FilterChainProxy - Securing GET /api/subjects
2026-10-06 09:09:43 INFO  [http-nio-0.0.0.0-8080-exec-5] CourseService - Fetched 1 courses.
2026-10-06 09:09:43 INFO  [http-nio-0.0.0.0-8080-exec-5] CourseController - Fetched 1 courses successfully.
2026-10-06 09:09:43 INFO  [http-nio-0.0.0.0-8080-exec-8] JwtAuthenticationFilter - JWT AUTHENTICATION SUCCESS
2026-10-06 09:09:43 DEBUG [http-nio-0.0.0.0-8080-exec-8] FilterChainProxy - Secured GET /api/subjects
2026-10-06 09:09:43 DEBUG [http-nio-0.0.0.0-8080-exec-6] FilterChainProxy - Securing GET /api/topics
2026-10-06 09:09:43 DEBUG [http-nio-0.0.0.0-8080-exec-11] FilterChainProxy - Securing GET /api/chapter
2026-10-06 09:09:43 INFO  [http-nio-0.0.0.0-8080-exec-11] JwtAuthenticationFilter - JWT AUTHENTICATION SUCCESS
2026-10-06 09:09:43 DEBUG [http-nio-0.0.0.0-8080-exec-11] FilterChainProxy - Secured GET /api/chapter
2026-10-06 09:09:43 INFO  [http-nio-0.0.0.0-8080-exec-11] ChapterController - Received request to fetch all chapters.
2026-10-06 09:09:43 INFO  [http-nio-0.0.0.0-8080-exec-11] ChapterService - Fetching all chapters.
2026-10-06 09:09:43 DEBUG [http-nio-0.0.0.0-8080-exec-9] FilterChainProxy - Securing OPTIONS /api/subjects
2026-10-06 09:09:43 INFO  [http-nio-0.0.0.0-8080-exec-6] JwtAuthenticationFilter - JWT AUTHENTICATION SUCCESS
2026-10-06 09:09:43 DEBUG [http-nio-0.0.0.0-8080-exec-6] FilterChainProxy - Secured GET /api/topics
2026-10-06 09:09:43 INFO  [http-nio-0.0.0.0-8080-exec-11] ChapterService - Fetched 6 chapters.
2026-10-06 09:09:43 INFO  [http-nio-0.0.0.0-8080-exec-11] ChapterController - Fetched 6 chapters successfully.
2026-10-06 09:09:43 DEBUG [http-nio-0.0.0.0-8080-exec-2] FilterChainProxy - Securing OPTIONS /api/chapter
2026-10-06 09:09:43 DEBUG [http-nio-0.0.0.0-8080-exec-1] FilterChainProxy - Securing OPTIONS /api/topics
2026-10-06 09:09:43 DEBUG [http-nio-0.0.0.0-8080-exec-12] FilterChainProxy - Securing OPTIONS /api/questions
2026-10-06 09:09:43 DEBUG [http-nio-0.0.0.0-8080-exec-7] FilterChainProxy - Securing OPTIONS /api/branch
2026-10-06 09:09:43 DEBUG [http-nio-0.0.0.0-8080-exec-4] FilterChainProxy - Securing OPTIONS /api/college
2026-10-06 09:09:43 DEBUG [http-nio-0.0.0.0-8080-exec-5] FilterChainProxy - Securing OPTIONS /api/section
2026-10-06 09:09:43 DEBUG [http-nio-0.0.0.0-8080-exec-8] FilterChainProxy - Securing GET /api/college
2026-10-06 09:09:43 DEBUG [http-nio-0.0.0.0-8080-exec-11] FilterChainProxy - Securing GET /api/notifications/mine?limit=12
2026-10-06 09:09:43 DEBUG [http-nio-0.0.0.0-8080-exec-9] FilterChainProxy - Securing GET /api/questions
2026-10-06 09:09:43 DEBUG [http-nio-0.0.0.0-8080-exec-1] FilterChainProxy - Securing GET /api/notifications/mine/unread-count
2026-10-06 09:09:43 DEBUG [http-nio-0.0.0.0-8080-exec-2] FilterChainProxy - Securing GET /api/branch
2026-10-06 09:09:43 DEBUG [http-nio-0.0.0.0-8080-exec-6] FilterChainProxy - Securing OPTIONS /api/exams
2026-10-06 09:09:43 INFO  [http-nio-0.0.0.0-8080-exec-9] JwtAuthenticationFilter - JWT AUTHENTICATION SUCCESS
2026-10-06 09:09:43 INFO  [http-nio-0.0.0.0-8080-exec-11] JwtAuthenticationFilter - JWT AUTHENTICATION SUCCESS
2026-10-06 09:09:43 DEBUG [http-nio-0.0.0.0-8080-exec-12] FilterChainProxy - Securing OPTIONS /api/dashboard
2026-10-06 09:09:43 DEBUG [http-nio-0.0.0.0-8080-exec-7] FilterChainProxy - Securing GET /api/course
2026-10-06 09:09:43 DEBUG [http-nio-0.0.0.0-8080-exec-11] FilterChainProxy - Secured GET /api/notifications/mine?limit=12
2026-10-06 09:09:43 DEBUG [http-nio-0.0.0.0-8080-exec-9] FilterChainProxy - Secured GET /api/questions
2026-10-06 09:09:43 INFO  [http-nio-0.0.0.0-8080-exec-2] JwtAuthenticationFilter - JWT AUTHENTICATION SUCCESS
2026-10-06 09:09:43 INFO  [http-nio-0.0.0.0-8080-exec-1] JwtAuthenticationFilter - JWT AUTHENTICATION SUCCESS
2026-10-06 09:09:43 DEBUG [http-nio-0.0.0.0-8080-exec-2] FilterChainProxy - Secured GET /api/branch
2026-10-06 09:09:43 DEBUG [http-nio-0.0.0.0-8080-exec-1] FilterChainProxy - Secured GET /api/notifications/mine/unread-count
2026-10-06 09:09:43 INFO  [http-nio-0.0.0.0-8080-exec-8] JwtAuthenticationFilter - JWT AUTHENTICATION SUCCESS
2026-10-06 09:09:43 DEBUG [http-nio-0.0.0.0-8080-exec-8] FilterChainProxy - Secured GET /api/college
2026-10-06 09:09:43 INFO  [http-nio-0.0.0.0-8080-exec-2] BranchController - Received request to fetch all branches.
2026-10-06 09:09:43 INFO  [http-nio-0.0.0.0-8080-exec-2] BranchService - Fetching all branches.
2026-10-06 09:09:43 INFO  [http-nio-0.0.0.0-8080-exec-8] CollegeController - Received request to fetch all colleges.
2026-10-06 09:09:43 INFO  [http-nio-0.0.0.0-8080-exec-8] CollegeService - Fetching all colleges.
2026-10-06 09:09:43 INFO  [http-nio-0.0.0.0-8080-exec-7] JwtAuthenticationFilter - JWT AUTHENTICATION SUCCESS
2026-10-06 09:09:43 DEBUG [http-nio-0.0.0.0-8080-exec-7] FilterChainProxy - Secured GET /api/course
2026-10-06 09:09:43 INFO  [http-nio-0.0.0.0-8080-exec-8] CollegeService - Fetched 1 colleges.
2026-10-06 09:09:43 INFO  [http-nio-0.0.0.0-8080-exec-8] CollegeController - Fetched 1 colleges successfully.
2026-10-06 09:09:43 INFO  [http-nio-0.0.0.0-8080-exec-2] BranchService - Fetched 3 branches.
2026-10-06 09:09:43 INFO  [http-nio-0.0.0.0-8080-exec-2] BranchController - Fetched 3 branches successfully.
2026-10-06 09:09:43 INFO  [http-nio-0.0.0.0-8080-exec-7] CourseController - Received request to fetch all courses.
2026-10-06 09:09:43 INFO  [http-nio-0.0.0.0-8080-exec-7] CourseService - Fetching all courses.
2026-10-06 09:09:43 INFO  [http-nio-0.0.0.0-8080-exec-7] CourseService - Fetched 1 courses.
2026-10-06 09:09:43 INFO  [http-nio-0.0.0.0-8080-exec-7] CourseController - Fetched 1 courses successfully.
2026-10-06 09:09:43 DEBUG [http-nio-0.0.0.0-8080-exec-6] FilterChainProxy - Securing POST /api/activity-sessions
2026-10-06 09:09:43 DEBUG [http-nio-0.0.0.0-8080-exec-5] FilterChainProxy - Securing GET /api/section
2026-10-06 09:09:43 DEBUG [http-nio-0.0.0.0-8080-exec-12] FilterChainProxy - Securing GET /api/dashboard
2026-10-06 09:09:43 DEBUG [http-nio-0.0.0.0-8080-exec-11] FilterChainProxy - Securing GET /api/subjects
2026-10-06 09:09:43 DEBUG [http-nio-0.0.0.0-8080-exec-4] FilterChainProxy - Securing GET /api/exams
2026-10-06 09:09:43 INFO  [http-nio-0.0.0.0-8080-exec-5] JwtAuthenticationFilter - JWT AUTHENTICATION SUCCESS
2026-10-06 09:09:43 INFO  [http-nio-0.0.0.0-8080-exec-4] JwtAuthenticationFilter - JWT AUTHENTICATION SUCCESS
2026-10-06 09:09:43 INFO  [http-nio-0.0.0.0-8080-exec-11] JwtAuthenticationFilter - JWT AUTHENTICATION SUCCESS
2026-10-06 09:09:43 INFO  [http-nio-0.0.0.0-8080-exec-6] JwtAuthenticationFilter - JWT AUTHENTICATION SUCCESS
2026-10-06 09:09:43 DEBUG [http-nio-0.0.0.0-8080-exec-11] FilterChainProxy - Secured GET /api/subjects
2026-10-06 09:09:43 DEBUG [http-nio-0.0.0.0-8080-exec-5] FilterChainProxy - Secured GET /api/section
2026-10-06 09:09:43 DEBUG [http-nio-0.0.0.0-8080-exec-4] FilterChainProxy - Secured GET /api/exams
2026-10-06 09:09:43 DEBUG [http-nio-0.0.0.0-8080-exec-6] FilterChainProxy - Secured POST /api/activity-sessions
2026-10-06 09:09:43 INFO  [http-nio-0.0.0.0-8080-exec-5] SectionController - Received request to fetch all sections.
2026-10-06 09:09:43 INFO  [http-nio-0.0.0.0-8080-exec-12] JwtAuthenticationFilter - JWT AUTHENTICATION SUCCESS
2026-10-06 09:09:43 DEBUG [http-nio-0.0.0.0-8080-exec-12] FilterChainProxy - Secured GET /api/dashboard
2026-10-06 09:09:43 INFO  [http-nio-0.0.0.0-8080-exec-12] DashboardController - Received request to fetch dashboard details.
2026-10-06 09:09:43 INFO  [http-nio-0.0.0.0-8080-exec-12] DashboardService - Fetching dashboard details.
2026-10-06 09:09:43 INFO  [http-nio-0.0.0.0-8080-exec-5] SectionService - Fetching all sections.
2026-10-06 09:09:43 INFO  [http-nio-0.0.0.0-8080-exec-5] SectionService - Fetched 1 sections.
2026-10-06 09:09:43 INFO  [http-nio-0.0.0.0-8080-exec-5] SectionController - Fetched 1 sections successfully.
2026-10-06 09:09:43 INFO  [http-nio-0.0.0.0-8080-exec-12] DashboardService - Dashboard details fetched successfully.
2026-10-06 09:09:43 INFO  [http-nio-0.0.0.0-8080-exec-12] DashboardController - Dashboard details fetched successfully.
2026-10-06 09:09:43 DEBUG [http-nio-0.0.0.0-8080-exec-8] FilterChainProxy - Securing GET /api/topics
2026-10-06 09:09:43 DEBUG [http-nio-0.0.0.0-8080-exec-2] FilterChainProxy - Securing GET /api/chapter
2026-10-06 09:09:43 INFO  [http-nio-0.0.0.0-8080-exec-8] JwtAuthenticationFilter - JWT AUTHENTICATION SUCCESS
2026-10-06 09:09:43 DEBUG [http-nio-0.0.0.0-8080-exec-8] FilterChainProxy - Secured GET /api/topics
2026-10-06 09:09:43 DEBUG [http-nio-0.0.0.0-8080-exec-1] FilterChainProxy - Securing GET /api/college
2026-10-06 09:09:43 DEBUG [http-nio-0.0.0.0-8080-exec-7] FilterChainProxy - Securing GET /api/branch
2026-10-06 09:09:43 INFO  [http-nio-0.0.0.0-8080-exec-2] JwtAuthenticationFilter - JWT AUTHENTICATION SUCCESS
2026-10-06 09:09:43 DEBUG [http-nio-0.0.0.0-8080-exec-2] FilterChainProxy - Secured GET /api/chapter
2026-10-06 09:09:43 DEBUG [http-nio-0.0.0.0-8080-exec-11] FilterChainProxy - Securing GET /api/section
2026-10-06 09:09:43 INFO  [http-nio-0.0.0.0-8080-exec-2] ChapterController - Received request to fetch all chapters.
2026-10-06 09:09:43 INFO  [http-nio-0.0.0.0-8080-exec-2] ChapterService - Fetching all chapters.
2026-10-06 09:09:43 INFO  [http-nio-0.0.0.0-8080-exec-7] JwtAuthenticationFilter - JWT AUTHENTICATION SUCCESS
2026-10-06 09:09:43 DEBUG [http-nio-0.0.0.0-8080-exec-7] FilterChainProxy - Secured GET /api/branch
2026-10-06 09:09:43 INFO  [http-nio-0.0.0.0-8080-exec-1] JwtAuthenticationFilter - JWT AUTHENTICATION SUCCESS
2026-10-06 09:09:43 INFO  [http-nio-0.0.0.0-8080-exec-11] JwtAuthenticationFilter - JWT AUTHENTICATION SUCCESS
2026-10-06 09:09:43 INFO  [http-nio-0.0.0.0-8080-exec-7] BranchController - Received request to fetch all branches.
2026-10-06 09:09:43 DEBUG [http-nio-0.0.0.0-8080-exec-1] FilterChainProxy - Secured GET /api/college
2026-10-06 09:09:43 DEBUG [http-nio-0.0.0.0-8080-exec-11] FilterChainProxy - Secured GET /api/section
2026-10-06 09:09:43 INFO  [http-nio-0.0.0.0-8080-exec-2] ChapterService - Fetched 6 chapters.
2026-10-06 09:09:43 INFO  [http-nio-0.0.0.0-8080-exec-2] ChapterController - Fetched 6 chapters successfully.
2026-10-06 09:09:43 INFO  [http-nio-0.0.0.0-8080-exec-1] CollegeController - Received request to fetch all colleges.
2026-10-06 09:09:43 INFO  [http-nio-0.0.0.0-8080-exec-7] BranchService - Fetching all branches.
2026-10-06 09:09:43 INFO  [http-nio-0.0.0.0-8080-exec-1] CollegeService - Fetching all colleges.
2026-10-06 09:09:43 INFO  [http-nio-0.0.0.0-8080-exec-11] SectionController - Received request to fetch all sections.
2026-10-06 09:09:43 INFO  [http-nio-0.0.0.0-8080-exec-11] SectionService - Fetching all sections.
2026-10-06 09:09:43 INFO  [http-nio-0.0.0.0-8080-exec-1] CollegeService - Fetched 1 colleges.
2026-10-06 09:09:43 INFO  [http-nio-0.0.0.0-8080-exec-1] CollegeController - Fetched 1 colleges successfully.
2026-10-06 09:09:43 INFO  [http-nio-0.0.0.0-8080-exec-7] BranchService - Fetched 3 branches.
2026-10-06 09:09:43 INFO  [http-nio-0.0.0.0-8080-exec-7] BranchController - Fetched 3 branches successfully.
2026-10-06 09:09:43 INFO  [http-nio-0.0.0.0-8080-exec-11] SectionService - Fetched 1 sections.
2026-10-06 09:09:43 INFO  [http-nio-0.0.0.0-8080-exec-11] SectionController - Fetched 1 sections successfully.
2026-10-06 09:09:43 DEBUG [http-nio-0.0.0.0-8080-exec-5] FilterChainProxy - Securing GET /api/dashboard
2026-10-06 09:09:43 DEBUG [http-nio-0.0.0.0-8080-exec-12] FilterChainProxy - Securing GET /api/exams
2026-10-06 09:09:43 INFO  [http-nio-0.0.0.0-8080-exec-12] JwtAuthenticationFilter - JWT AUTHENTICATION SUCCESS
2026-10-06 09:09:43 INFO  [http-nio-0.0.0.0-8080-exec-5] JwtAuthenticationFilter - JWT AUTHENTICATION SUCCESS
2026-10-06 09:09:43 DEBUG [http-nio-0.0.0.0-8080-exec-5] FilterChainProxy - Secured GET /api/dashboard
2026-10-06 09:09:43 DEBUG [http-nio-0.0.0.0-8080-exec-12] FilterChainProxy - Secured GET /api/exams
2026-10-06 09:09:43 INFO  [http-nio-0.0.0.0-8080-exec-5] DashboardController - Received request to fetch dashboard details.
2026-10-06 09:09:43 INFO  [http-nio-0.0.0.0-8080-exec-5] DashboardService - Fetching dashboard details.
2026-10-06 09:09:43 INFO  [http-nio-0.0.0.0-8080-exec-5] DashboardService - Dashboard details fetched successfully.
2026-10-06 09:09:43 INFO  [http-nio-0.0.0.0-8080-exec-5] DashboardController - Dashboard details fetched successfully.
2026-10-06 09:09:43 DEBUG [http-nio-0.0.0.0-8080-exec-6] FilterChainProxy - Securing GET /api/questions
2026-10-06 09:09:43 INFO  [http-nio-0.0.0.0-8080-exec-6] JwtAuthenticationFilter - JWT AUTHENTICATION SUCCESS
2026-10-06 09:09:43 DEBUG [http-nio-0.0.0.0-8080-exec-6] FilterChainProxy - Secured GET /api/questions
2026-10-06 09:09:49 DEBUG [http-nio-0.0.0.0-8080-exec-4] FilterChainProxy - Securing OPTIONS /api/college
2026-10-06 09:09:49 DEBUG [http-nio-0.0.0.0-8080-exec-2] FilterChainProxy - Securing OPTIONS /api/branch
2026-10-06 09:09:49 DEBUG [http-nio-0.0.0.0-8080-exec-8] FilterChainProxy - Securing OPTIONS /api/section
2026-10-06 09:09:49 DEBUG [http-nio-0.0.0.0-8080-exec-1] FilterChainProxy - Securing OPTIONS /api/course
2026-10-06 09:09:49 DEBUG [http-nio-0.0.0.0-8080-exec-7] FilterChainProxy - Securing OPTIONS /api/exams
2026-10-06 09:09:49 DEBUG [http-nio-0.0.0.0-8080-exec-11] FilterChainProxy - Securing GET /api/college
2026-10-06 09:09:49 DEBUG [http-nio-0.0.0.0-8080-exec-5] FilterChainProxy - Securing OPTIONS /api/users/students_Guest
2026-10-06 09:09:49 INFO  [http-nio-0.0.0.0-8080-exec-11] JwtAuthenticationFilter - JWT AUTHENTICATION SUCCESS
2026-10-06 09:09:49 DEBUG [http-nio-0.0.0.0-8080-exec-11] FilterChainProxy - Secured GET /api/college
2026-10-06 09:09:49 INFO  [http-nio-0.0.0.0-8080-exec-11] CollegeController - Received request to fetch all colleges.
2026-10-06 09:09:49 INFO  [http-nio-0.0.0.0-8080-exec-11] CollegeService - Fetching all colleges.
2026-10-06 09:09:49 DEBUG [http-nio-0.0.0.0-8080-exec-12] FilterChainProxy - Securing OPTIONS /api/performance/super-admin
2026-10-06 09:09:49 DEBUG [http-nio-0.0.0.0-8080-exec-9] FilterChainProxy - Securing GET /api/branch
2026-10-06 09:09:49 DEBUG [http-nio-0.0.0.0-8080-exec-12] FilterChainProxy - Securing OPTIONS /api/activity-sessions/resume
2026-10-06 09:09:49 INFO  [http-nio-0.0.0.0-8080-exec-11] CollegeService - Fetched 1 colleges.
2026-10-06 09:09:49 INFO  [http-nio-0.0.0.0-8080-exec-11] CollegeController - Fetched 1 colleges successfully.
2026-10-06 09:09:49 INFO  [http-nio-0.0.0.0-8080-exec-9] JwtAuthenticationFilter - JWT AUTHENTICATION SUCCESS
2026-10-06 09:09:49 DEBUG [http-nio-0.0.0.0-8080-exec-9] FilterChainProxy - Secured GET /api/branch
2026-10-06 09:09:49 INFO  [http-nio-0.0.0.0-8080-exec-9] BranchController - Received request to fetch all branches.
2026-10-06 09:09:49 INFO  [http-nio-0.0.0.0-8080-exec-9] BranchService - Fetching all branches.
2026-10-06 09:09:49 INFO  [http-nio-0.0.0.0-8080-exec-9] BranchService - Fetched 3 branches.
2026-10-06 09:09:49 INFO  [http-nio-0.0.0.0-8080-exec-9] BranchController - Fetched 3 branches successfully.
2026-10-06 09:09:49 DEBUG [http-nio-0.0.0.0-8080-exec-4] FilterChainProxy - Securing OPTIONS /api/course
2026-10-06 09:09:49 DEBUG [http-nio-0.0.0.0-8080-exec-2] FilterChainProxy - Securing GET /api/section
2026-10-06 09:09:49 DEBUG [http-nio-0.0.0.0-8080-exec-8] FilterChainProxy - Securing GET /api/college
2026-10-06 09:09:49 INFO  [http-nio-0.0.0.0-8080-exec-2] JwtAuthenticationFilter - JWT AUTHENTICATION SUCCESS
2026-10-06 09:09:49 DEBUG [http-nio-0.0.0.0-8080-exec-2] FilterChainProxy - Secured GET /api/section
2026-10-06 09:09:49 DEBUG [http-nio-0.0.0.0-8080-exec-7] FilterChainProxy - Securing GET /api/exams
2026-10-06 09:09:49 DEBUG [http-nio-0.0.0.0-8080-exec-6] FilterChainProxy - Securing OPTIONS /api/exams
2026-10-06 09:09:49 INFO  [http-nio-0.0.0.0-8080-exec-2] SectionController - Received request to fetch all sections.
2026-10-06 09:09:49 INFO  [http-nio-0.0.0.0-8080-exec-2] SectionService - Fetching all sections.
2026-10-06 09:09:49 DEBUG [http-nio-0.0.0.0-8080-exec-1] FilterChainProxy - Securing GET /api/course
2026-10-06 09:09:49 DEBUG [http-nio-0.0.0.0-8080-exec-12] FilterChainProxy - Securing OPTIONS /api/users/students_Guest
2026-10-06 09:09:49 DEBUG [http-nio-0.0.0.0-8080-exec-11] FilterChainProxy - Securing OPTIONS /api/performance/super-admin
2026-10-06 09:09:49 DEBUG [http-nio-0.0.0.0-8080-exec-5] FilterChainProxy - Securing OPTIONS /api/section
2026-10-06 09:09:49 INFO  [http-nio-0.0.0.0-8080-exec-8] JwtAuthenticationFilter - JWT AUTHENTICATION SUCCESS
2026-10-06 09:09:49 DEBUG [http-nio-0.0.0.0-8080-exec-8] FilterChainProxy - Secured GET /api/college
2026-10-06 09:09:49 DEBUG [http-nio-0.0.0.0-8080-exec-5] FilterChainProxy - Securing GET /api/users/students_Guest
2026-10-06 09:09:49 INFO  [http-nio-0.0.0.0-8080-exec-8] CollegeController - Received request to fetch all colleges.
2026-10-06 09:09:49 INFO  [http-nio-0.0.0.0-8080-exec-8] CollegeService - Fetching all colleges.
2026-10-06 09:09:49 DEBUG [http-nio-0.0.0.0-8080-exec-9] FilterChainProxy - Securing GET /api/performance/super-admin
2026-10-06 09:09:49 INFO  [http-nio-0.0.0.0-8080-exec-1] JwtAuthenticationFilter - JWT AUTHENTICATION SUCCESS
2026-10-06 09:09:49 DEBUG [http-nio-0.0.0.0-8080-exec-1] FilterChainProxy - Secured GET /api/course
2026-10-06 09:09:49 INFO  [http-nio-0.0.0.0-8080-exec-1] CourseController - Received request to fetch all courses.
2026-10-06 09:09:49 INFO  [http-nio-0.0.0.0-8080-exec-1] CourseService - Fetching all courses.
2026-10-06 09:09:49 INFO  [http-nio-0.0.0.0-8080-exec-8] CollegeService - Fetched 1 colleges.
2026-10-06 09:09:49 INFO  [http-nio-0.0.0.0-8080-exec-8] CollegeController - Fetched 1 colleges successfully.
2026-10-06 09:09:49 INFO  [http-nio-0.0.0.0-8080-exec-7] JwtAuthenticationFilter - JWT AUTHENTICATION SUCCESS
2026-10-06 09:09:49 INFO  [http-nio-0.0.0.0-8080-exec-2] SectionService - Fetched 1 sections.
2026-10-06 09:09:49 DEBUG [http-nio-0.0.0.0-8080-exec-7] FilterChainProxy - Secured GET /api/exams
2026-10-06 09:09:49 INFO  [http-nio-0.0.0.0-8080-exec-9] JwtAuthenticationFilter - JWT AUTHENTICATION SUCCESS
2026-10-06 09:09:49 INFO  [http-nio-0.0.0.0-8080-exec-2] SectionController - Fetched 1 sections successfully.
2026-10-06 09:09:49 INFO  [http-nio-0.0.0.0-8080-exec-5] JwtAuthenticationFilter - JWT AUTHENTICATION SUCCESS
2026-10-06 09:09:49 DEBUG [http-nio-0.0.0.0-8080-exec-9] FilterChainProxy - Secured GET /api/performance/super-admin
2026-10-06 09:09:49 DEBUG [http-nio-0.0.0.0-8080-exec-5] FilterChainProxy - Secured GET /api/users/students_Guest
2026-10-06 09:09:49 INFO  [http-nio-0.0.0.0-8080-exec-1] CourseService - Fetched 1 courses.
2026-10-06 09:09:49 INFO  [http-nio-0.0.0.0-8080-exec-1] CourseController - Fetched 1 courses successfully.
2026-10-06 09:09:49 DEBUG [http-nio-0.0.0.0-8080-exec-12] FilterChainProxy - Securing GET /api/course
2026-10-06 09:09:49 DEBUG [http-nio-0.0.0.0-8080-exec-4] FilterChainProxy - Securing GET /api/users/students_Guest
2026-10-06 09:09:49 DEBUG [http-nio-0.0.0.0-8080-exec-8] FilterChainProxy - Securing GET /api/performance/super-admin
2026-10-06 09:09:49 DEBUG [http-nio-0.0.0.0-8080-exec-2] FilterChainProxy - Securing GET /api/exams
2026-10-06 09:09:49 DEBUG [http-nio-0.0.0.0-8080-exec-6] FilterChainProxy - Securing GET /api/branch
2026-10-06 09:09:49 DEBUG [http-nio-0.0.0.0-8080-exec-11] FilterChainProxy - Securing POST /api/activity-sessions/resume
2026-10-06 09:09:49 INFO  [http-nio-0.0.0.0-8080-exec-12] JwtAuthenticationFilter - JWT AUTHENTICATION SUCCESS
2026-10-06 09:09:49 DEBUG [http-nio-0.0.0.0-8080-exec-12] FilterChainProxy - Secured GET /api/course
2026-10-06 09:09:49 INFO  [http-nio-0.0.0.0-8080-exec-12] CourseController - Received request to fetch all courses.
2026-10-06 09:09:49 INFO  [http-nio-0.0.0.0-8080-exec-2] JwtAuthenticationFilter - JWT AUTHENTICATION SUCCESS
2026-10-06 09:09:49 INFO  [http-nio-0.0.0.0-8080-exec-12] CourseService - Fetching all courses.
2026-10-06 09:09:49 DEBUG [http-nio-0.0.0.0-8080-exec-2] FilterChainProxy - Secured GET /api/exams
2026-10-06 09:09:49 INFO  [http-nio-0.0.0.0-8080-exec-4] JwtAuthenticationFilter - JWT AUTHENTICATION SUCCESS
2026-10-06 09:09:49 DEBUG [http-nio-0.0.0.0-8080-exec-4] FilterChainProxy - Secured GET /api/users/students_Guest
2026-10-06 09:09:49 INFO  [http-nio-0.0.0.0-8080-exec-6] JwtAuthenticationFilter - JWT AUTHENTICATION SUCCESS
2026-10-06 09:09:49 DEBUG [http-nio-0.0.0.0-8080-exec-6] FilterChainProxy - Secured GET /api/branch
2026-10-06 09:09:49 INFO  [http-nio-0.0.0.0-8080-exec-6] BranchController - Received request to fetch all branches.
2026-10-06 09:09:49 INFO  [http-nio-0.0.0.0-8080-exec-6] BranchService - Fetching all branches.
2026-10-06 09:09:49 INFO  [http-nio-0.0.0.0-8080-exec-11] JwtAuthenticationFilter - JWT AUTHENTICATION SUCCESS
2026-10-06 09:09:49 INFO  [http-nio-0.0.0.0-8080-exec-12] CourseService - Fetched 1 courses.
2026-10-06 09:09:49 INFO  [http-nio-0.0.0.0-8080-exec-12] CourseController - Fetched 1 courses successfully.
2026-10-06 09:09:49 DEBUG [http-nio-0.0.0.0-8080-exec-11] FilterChainProxy - Secured POST /api/activity-sessions/resume
2026-10-06 09:09:49 INFO  [http-nio-0.0.0.0-8080-exec-8] JwtAuthenticationFilter - JWT AUTHENTICATION SUCCESS
2026-10-06 09:09:49 DEBUG [http-nio-0.0.0.0-8080-exec-8] FilterChainProxy - Secured GET /api/performance/super-admin
2026-10-06 09:09:49 DEBUG [http-nio-0.0.0.0-8080-exec-1] FilterChainProxy - Securing GET /api/section
2026-10-06 09:09:49 INFO  [http-nio-0.0.0.0-8080-exec-6] BranchService - Fetched 3 branches.
2026-10-06 09:09:49 INFO  [http-nio-0.0.0.0-8080-exec-6] BranchController - Fetched 3 branches successfully.
2026-10-06 09:09:49 INFO  [http-nio-0.0.0.0-8080-exec-1] JwtAuthenticationFilter - JWT AUTHENTICATION SUCCESS
2026-10-06 09:09:49 DEBUG [http-nio-0.0.0.0-8080-exec-1] FilterChainProxy - Secured GET /api/section
2026-10-06 09:09:49 INFO  [http-nio-0.0.0.0-8080-exec-1] SectionController - Received request to fetch all sections.
2026-10-06 09:09:49 INFO  [http-nio-0.0.0.0-8080-exec-1] SectionService - Fetching all sections.
2026-10-06 09:09:49 INFO  [http-nio-0.0.0.0-8080-exec-1] SectionService - Fetched 1 sections.
2026-10-06 09:09:49 INFO  [http-nio-0.0.0.0-8080-exec-1] SectionController - Fetched 1 sections successfully.
2026-10-06 09:10:00 DEBUG [http-nio-0.0.0.0-8080-exec-5] FilterChainProxy - Securing OPTIONS /api/performance/super-admin?examId=1&studentId=10
2026-10-06 09:10:00 DEBUG [http-nio-0.0.0.0-8080-exec-7] FilterChainProxy - Securing GET /api/performance/super-admin?examId=1&studentId=10
2026-10-06 09:10:00 INFO  [http-nio-0.0.0.0-8080-exec-7] JwtAuthenticationFilter - JWT AUTHENTICATION SUCCESS
2026-10-06 09:10:00 DEBUG [http-nio-0.0.0.0-8080-exec-7] FilterChainProxy - Secured GET /api/performance/super-admin?examId=1&studentId=10
2026-10-06 09:10:01 DEBUG [http-nio-0.0.0.0-8080-exec-9] FilterChainProxy - Securing OPTIONS /api/performance/exam-results/1/chapters
2026-10-06 09:10:01 DEBUG [http-nio-0.0.0.0-8080-exec-12] FilterChainProxy - Securing GET /api/performance/exam-results/1/chapters
2026-10-06 09:10:01 INFO  [http-nio-0.0.0.0-8080-exec-12] JwtAuthenticationFilter - JWT AUTHENTICATION SUCCESS
2026-10-06 09:10:01 DEBUG [http-nio-0.0.0.0-8080-exec-12] FilterChainProxy - Secured GET /api/performance/exam-results/1/chapters
2026-10-06 09:10:07 DEBUG [http-nio-0.0.0.0-8080-exec-6] FilterChainProxy - Securing OPTIONS /api/exams/1/results/1
2026-10-06 09:10:07 DEBUG [http-nio-0.0.0.0-8080-exec-2] FilterChainProxy - Securing OPTIONS /api/exams/1/results/1
2026-10-06 09:10:07 DEBUG [http-nio-0.0.0.0-8080-exec-11] FilterChainProxy - Securing OPTIONS /api/exams/1/questions
2026-10-06 09:10:07 DEBUG [http-nio-0.0.0.0-8080-exec-4] FilterChainProxy - Securing OPTIONS /api/exams/1/questions
2026-10-06 09:10:07 DEBUG [http-nio-0.0.0.0-8080-exec-8] FilterChainProxy - Securing GET /api/exams/1/questions
2026-10-06 09:10:07 DEBUG [http-nio-0.0.0.0-8080-exec-1] FilterChainProxy - Securing GET /api/exams/1/results/1
2026-10-06 09:10:07 INFO  [http-nio-0.0.0.0-8080-exec-8] JwtAuthenticationFilter - JWT AUTHENTICATION SUCCESS
2026-10-06 09:10:07 INFO  [http-nio-0.0.0.0-8080-exec-1] JwtAuthenticationFilter - JWT AUTHENTICATION SUCCESS
2026-10-06 09:10:07 DEBUG [http-nio-0.0.0.0-8080-exec-8] FilterChainProxy - Secured GET /api/exams/1/questions
2026-10-06 09:10:07 DEBUG [http-nio-0.0.0.0-8080-exec-1] FilterChainProxy - Secured GET /api/exams/1/results/1
2026-10-06 09:10:07 DEBUG [http-nio-0.0.0.0-8080-exec-5] FilterChainProxy - Securing GET /api/exams/1/questions
2026-10-06 09:10:07 INFO  [http-nio-0.0.0.0-8080-exec-5] JwtAuthenticationFilter - JWT AUTHENTICATION SUCCESS
2026-10-06 09:10:07 DEBUG [http-nio-0.0.0.0-8080-exec-5] FilterChainProxy - Secured GET /api/exams/1/questions
2026-10-06 09:10:07 DEBUG [http-nio-0.0.0.0-8080-exec-7] FilterChainProxy - Securing GET /api/exams/1/results/1
2026-10-06 09:10:07 INFO  [http-nio-0.0.0.0-8080-exec-7] JwtAuthenticationFilter - JWT AUTHENTICATION SUCCESS
2026-10-06 09:10:07 DEBUG [http-nio-0.0.0.0-8080-exec-7] FilterChainProxy - Secured GET /api/exams/1/results/1
2026-10-06 09:10:25 DEBUG [http-nio-0.0.0.0-8080-exec-9] FilterChainProxy - Securing OPTIONS /api/exams/1/results/1/attributes/75/review-detail?questionId=35
2026-10-06 09:10:25 DEBUG [http-nio-0.0.0.0-8080-exec-12] FilterChainProxy - Securing GET /api/exams/1/results/1/attributes/75/review-detail?questionId=35
2026-10-06 09:10:25 INFO  [http-nio-0.0.0.0-8080-exec-12] JwtAuthenticationFilter - JWT AUTHENTICATION SUCCESS
2026-10-06 09:10:25 DEBUG [http-nio-0.0.0.0-8080-exec-12] FilterChainProxy - Secured GET /api/exams/1/results/1/attributes/75/review-detail?questionId=35
2026-10-06 09:10:25 DEBUG [http-nio-0.0.0.0-8080-exec-6] FilterChainProxy - Securing OPTIONS /api/exams/1/results/1/attributes/76/review-detail?questionId=35
2026-10-06 09:10:25 DEBUG [http-nio-0.0.0.0-8080-exec-11] FilterChainProxy - Securing GET /api/exams/1/results/1/attributes/76/review-detail?questionId=35
2026-10-06 09:10:25 INFO  [http-nio-0.0.0.0-8080-exec-11] JwtAuthenticationFilter - JWT AUTHENTICATION SUCCESS
2026-10-06 09:10:25 DEBUG [http-nio-0.0.0.0-8080-exec-11] FilterChainProxy - Secured GET /api/exams/1/results/1/attributes/76/review-detail?questionId=35
2026-10-06 09:10:37 DEBUG [http-nio-0.0.0.0-8080-exec-2] FilterChainProxy - Securing OPTIONS /api/notifications/mine?limit=12
2026-10-06 09:10:37 DEBUG [http-nio-0.0.0.0-8080-exec-4] FilterChainProxy - Securing OPTIONS /api/notifications/mine/unread-count
2026-10-06 09:10:37 DEBUG [http-nio-0.0.0.0-8080-exec-1] FilterChainProxy - Securing OPTIONS /api/chapter
2026-10-06 09:10:37 DEBUG [http-nio-0.0.0.0-8080-exec-8] FilterChainProxy - Securing OPTIONS /api/course
2026-10-06 09:10:37 DEBUG [http-nio-0.0.0.0-8080-exec-5] FilterChainProxy - Securing OPTIONS /api/subjects
2026-10-06 09:10:37 DEBUG [http-nio-0.0.0.0-8080-exec-7] FilterChainProxy - Securing OPTIONS /api/topics
2026-10-06 09:10:37 DEBUG [http-nio-0.0.0.0-8080-exec-9] FilterChainProxy - Securing OPTIONS /api/questions
2026-10-06 09:10:37 DEBUG [http-nio-0.0.0.0-8080-exec-2] FilterChainProxy - Securing OPTIONS /api/exams
2026-10-06 09:10:37 DEBUG [http-nio-0.0.0.0-8080-exec-11] FilterChainProxy - Securing OPTIONS /api/branch
2026-10-06 09:10:37 DEBUG [http-nio-0.0.0.0-8080-exec-12] FilterChainProxy - Securing GET /api/notifications/mine?limit=12
2026-10-06 09:10:37 DEBUG [http-nio-0.0.0.0-8080-exec-7] FilterChainProxy - Securing OPTIONS /api/section
2026-10-06 09:10:37 DEBUG [http-nio-0.0.0.0-8080-exec-4] FilterChainProxy - Securing GET /api/topics
2026-10-06 09:10:37 DEBUG [http-nio-0.0.0.0-8080-exec-8] FilterChainProxy - Securing OPTIONS /api/dashboard
2026-10-06 09:10:37 DEBUG [http-nio-0.0.0.0-8080-exec-5] FilterChainProxy - Securing GET /api/chapter
2026-10-06 09:10:37 DEBUG [http-nio-0.0.0.0-8080-exec-1] FilterChainProxy - Securing GET /api/notifications/mine/unread-count
2026-10-06 09:10:37 DEBUG [http-nio-0.0.0.0-8080-exec-9] FilterChainProxy - Securing GET /api/course
2026-10-06 09:10:37 DEBUG [http-nio-0.0.0.0-8080-exec-6] FilterChainProxy - Securing OPTIONS /api/college
2026-10-06 09:10:37 DEBUG [http-nio-0.0.0.0-8080-exec-7] FilterChainProxy - Securing GET /api/subjects
2026-10-06 09:10:37 DEBUG [http-nio-0.0.0.0-8080-exec-11] FilterChainProxy - Securing OPTIONS /api/notifications/mine/unread-count
2026-10-06 09:10:37 DEBUG [http-nio-0.0.0.0-8080-exec-8] FilterChainProxy - Securing OPTIONS /api/notifications/mine?limit=12
2026-10-06 09:10:37 DEBUG [http-nio-0.0.0.0-8080-exec-6] FilterChainProxy - Securing OPTIONS /api/course
2026-10-06 09:10:37 DEBUG [http-nio-0.0.0.0-8080-exec-2] FilterChainProxy - Securing OPTIONS /api/activity-sessions/resume
2026-10-06 09:10:37 DEBUG [http-nio-0.0.0.0-8080-exec-11] FilterChainProxy - Securing OPTIONS /api/subjects
2026-10-06 09:10:37 DEBUG [http-nio-0.0.0.0-8080-exec-8] FilterChainProxy - Securing OPTIONS /api/chapter
2026-10-06 09:10:37 DEBUG [http-nio-0.0.0.0-8080-exec-2] FilterChainProxy - Securing OPTIONS /api/topics
2026-10-06 09:10:37 DEBUG [http-nio-0.0.0.0-8080-exec-2] FilterChainProxy - Securing OPTIONS /api/branch
2026-10-06 09:10:37 DEBUG [http-nio-0.0.0.0-8080-exec-6] FilterChainProxy - Securing OPTIONS /api/questions
2026-10-06 09:10:37 DEBUG [http-nio-0.0.0.0-8080-exec-6] FilterChainProxy - Securing OPTIONS /api/college
2026-10-06 09:10:37 DEBUG [http-nio-0.0.0.0-8080-exec-2] FilterChainProxy - Securing OPTIONS /api/section
2026-10-06 09:10:37 DEBUG [http-nio-0.0.0.0-8080-exec-6] FilterChainProxy - Securing OPTIONS /api/exams
2026-10-06 09:10:37 DEBUG [http-nio-0.0.0.0-8080-exec-11] FilterChainProxy - Securing OPTIONS /api/dashboard
2026-10-06 09:10:37 INFO  [http-nio-0.0.0.0-8080-exec-12] JwtAuthenticationFilter - JWT AUTHENTICATION SUCCESS
2026-10-06 09:10:37 INFO  [http-nio-0.0.0.0-8080-exec-7] JwtAuthenticationFilter - JWT AUTHENTICATION SUCCESS
2026-10-06 09:10:37 INFO  [http-nio-0.0.0.0-8080-exec-9] JwtAuthenticationFilter - JWT AUTHENTICATION SUCCESS
2026-10-06 09:10:37 INFO  [http-nio-0.0.0.0-8080-exec-4] JwtAuthenticationFilter - JWT AUTHENTICATION SUCCESS
2026-10-06 09:10:37 INFO  [http-nio-0.0.0.0-8080-exec-1] JwtAuthenticationFilter - JWT AUTHENTICATION SUCCESS
2026-10-06 09:10:37 INFO  [http-nio-0.0.0.0-8080-exec-5] JwtAuthenticationFilter - JWT AUTHENTICATION SUCCESS
2026-10-06 09:10:37 DEBUG [http-nio-0.0.0.0-8080-exec-12] FilterChainProxy - Secured GET /api/notifications/mine?limit=12
2026-10-06 09:10:37 DEBUG [http-nio-0.0.0.0-8080-exec-1] FilterChainProxy - Secured GET /api/notifications/mine/unread-count
2026-10-06 09:10:37 DEBUG [http-nio-0.0.0.0-8080-exec-9] FilterChainProxy - Secured GET /api/course
2026-10-06 09:10:37 DEBUG [http-nio-0.0.0.0-8080-exec-4] FilterChainProxy - Secured GET /api/topics
2026-10-06 09:10:37 DEBUG [http-nio-0.0.0.0-8080-exec-7] FilterChainProxy - Secured GET /api/subjects
2026-10-06 09:10:37 DEBUG [http-nio-0.0.0.0-8080-exec-5] FilterChainProxy - Secured GET /api/chapter
2026-10-06 09:10:37 INFO  [http-nio-0.0.0.0-8080-exec-5] ChapterController - Received request to fetch all chapters.
2026-10-06 09:10:37 INFO  [http-nio-0.0.0.0-8080-exec-9] CourseController - Received request to fetch all courses.
2026-10-06 09:10:37 INFO  [http-nio-0.0.0.0-8080-exec-5] ChapterService - Fetching all chapters.
2026-10-06 09:10:37 INFO  [http-nio-0.0.0.0-8080-exec-9] CourseService - Fetching all courses.
2026-10-06 09:10:37 INFO  [http-nio-0.0.0.0-8080-exec-9] CourseService - Fetched 1 courses.
2026-10-06 09:10:37 INFO  [http-nio-0.0.0.0-8080-exec-9] CourseController - Fetched 1 courses successfully.
2026-10-06 09:10:37 INFO  [http-nio-0.0.0.0-8080-exec-5] ChapterService - Fetched 6 chapters.
2026-10-06 09:10:37 INFO  [http-nio-0.0.0.0-8080-exec-5] ChapterController - Fetched 6 chapters successfully.
2026-10-06 09:10:37 DEBUG [http-nio-0.0.0.0-8080-exec-8] FilterChainProxy - Securing GET /api/questions
2026-10-06 09:10:37 DEBUG [http-nio-0.0.0.0-8080-exec-7] FilterChainProxy - Securing GET /api/college
2026-10-06 09:10:37 DEBUG [http-nio-0.0.0.0-8080-exec-12] FilterChainProxy - Securing GET /api/dashboard
2026-10-06 09:10:37 DEBUG [http-nio-0.0.0.0-8080-exec-2] FilterChainProxy - Securing GET /api/exams
2026-10-06 09:10:37 DEBUG [http-nio-0.0.0.0-8080-exec-11] FilterChainProxy - Securing GET /api/section
2026-10-06 09:10:37 DEBUG [http-nio-0.0.0.0-8080-exec-6] FilterChainProxy - Securing GET /api/branch
2026-10-06 09:10:37 INFO  [http-nio-0.0.0.0-8080-exec-7] JwtAuthenticationFilter - JWT AUTHENTICATION SUCCESS
2026-10-06 09:10:37 INFO  [http-nio-0.0.0.0-8080-exec-12] JwtAuthenticationFilter - JWT AUTHENTICATION SUCCESS
2026-10-06 09:10:37 DEBUG [http-nio-0.0.0.0-8080-exec-7] FilterChainProxy - Secured GET /api/college
2026-10-06 09:10:37 DEBUG [http-nio-0.0.0.0-8080-exec-12] FilterChainProxy - Secured GET /api/dashboard
2026-10-06 09:10:37 INFO  [http-nio-0.0.0.0-8080-exec-7] CollegeController - Received request to fetch all colleges.
2026-10-06 09:10:37 INFO  [http-nio-0.0.0.0-8080-exec-7] CollegeService - Fetching all colleges.
2026-10-06 09:10:37 INFO  [http-nio-0.0.0.0-8080-exec-12] DashboardController - Received request to fetch dashboard details.
2026-10-06 09:10:37 INFO  [http-nio-0.0.0.0-8080-exec-12] DashboardService - Fetching dashboard details.
2026-10-06 09:10:37 INFO  [http-nio-0.0.0.0-8080-exec-2] JwtAuthenticationFilter - JWT AUTHENTICATION SUCCESS
2026-10-06 09:10:37 DEBUG [http-nio-0.0.0.0-8080-exec-2] FilterChainProxy - Secured GET /api/exams
2026-10-06 09:10:37 INFO  [http-nio-0.0.0.0-8080-exec-6] JwtAuthenticationFilter - JWT AUTHENTICATION SUCCESS
2026-10-06 09:10:37 INFO  [http-nio-0.0.0.0-8080-exec-8] JwtAuthenticationFilter - JWT AUTHENTICATION SUCCESS
2026-10-06 09:10:37 DEBUG [http-nio-0.0.0.0-8080-exec-6] FilterChainProxy - Secured GET /api/branch
2026-10-06 09:10:37 DEBUG [http-nio-0.0.0.0-8080-exec-8] FilterChainProxy - Secured GET /api/questions
2026-10-06 09:10:37 INFO  [http-nio-0.0.0.0-8080-exec-6] BranchController - Received request to fetch all branches.
2026-10-06 09:10:37 INFO  [http-nio-0.0.0.0-8080-exec-7] CollegeService - Fetched 1 colleges.
2026-10-06 09:10:37 INFO  [http-nio-0.0.0.0-8080-exec-7] CollegeController - Fetched 1 colleges successfully.
2026-10-06 09:10:37 INFO  [http-nio-0.0.0.0-8080-exec-6] BranchService - Fetching all branches.
2026-10-06 09:10:37 INFO  [http-nio-0.0.0.0-8080-exec-11] JwtAuthenticationFilter - JWT AUTHENTICATION SUCCESS
2026-10-06 09:10:37 DEBUG [http-nio-0.0.0.0-8080-exec-11] FilterChainProxy - Secured GET /api/section
2026-10-06 09:10:37 INFO  [http-nio-0.0.0.0-8080-exec-11] SectionController - Received request to fetch all sections.
2026-10-06 09:10:37 INFO  [http-nio-0.0.0.0-8080-exec-11] SectionService - Fetching all sections.
2026-10-06 09:10:37 DEBUG [http-nio-0.0.0.0-8080-exec-4] FilterChainProxy - Securing POST /api/activity-sessions/resume
2026-10-06 09:10:37 INFO  [http-nio-0.0.0.0-8080-exec-6] BranchService - Fetched 3 branches.
2026-10-06 09:10:37 INFO  [http-nio-0.0.0.0-8080-exec-6] BranchController - Fetched 3 branches successfully.
2026-10-06 09:10:37 INFO  [http-nio-0.0.0.0-8080-exec-12] DashboardService - Dashboard details fetched successfully.
2026-10-06 09:10:37 INFO  [http-nio-0.0.0.0-8080-exec-4] JwtAuthenticationFilter - JWT AUTHENTICATION SUCCESS
2026-10-06 09:10:37 INFO  [http-nio-0.0.0.0-8080-exec-12] DashboardController - Dashboard details fetched successfully.
2026-10-06 09:10:37 DEBUG [http-nio-0.0.0.0-8080-exec-4] FilterChainProxy - Secured POST /api/activity-sessions/resume
2026-10-06 09:10:37 INFO  [http-nio-0.0.0.0-8080-exec-11] SectionService - Fetched 1 sections.
2026-10-06 09:10:37 INFO  [http-nio-0.0.0.0-8080-exec-11] SectionController - Fetched 1 sections successfully.
2026-10-06 09:10:37 DEBUG [http-nio-0.0.0.0-8080-exec-9] FilterChainProxy - Securing GET /api/notifications/mine?limit=12
2026-10-06 09:10:37 DEBUG [http-nio-0.0.0.0-8080-exec-1] FilterChainProxy - Securing GET /api/notifications/mine/unread-count
2026-10-06 09:10:37 DEBUG [http-nio-0.0.0.0-8080-exec-5] FilterChainProxy - Securing GET /api/subjects
2026-10-06 09:10:37 INFO  [http-nio-0.0.0.0-8080-exec-9] JwtAuthenticationFilter - JWT AUTHENTICATION SUCCESS
2026-10-06 09:10:37 INFO  [http-nio-0.0.0.0-8080-exec-1] JwtAuthenticationFilter - JWT AUTHENTICATION SUCCESS
2026-10-06 09:10:37 DEBUG [http-nio-0.0.0.0-8080-exec-9] FilterChainProxy - Secured GET /api/notifications/mine?limit=12
2026-10-06 09:10:37 DEBUG [http-nio-0.0.0.0-8080-exec-1] FilterChainProxy - Secured GET /api/notifications/mine/unread-count
2026-10-06 09:10:37 INFO  [http-nio-0.0.0.0-8080-exec-5] JwtAuthenticationFilter - JWT AUTHENTICATION SUCCESS
2026-10-06 09:10:37 DEBUG [http-nio-0.0.0.0-8080-exec-5] FilterChainProxy - Secured GET /api/subjects
2026-10-06 09:10:37 DEBUG [http-nio-0.0.0.0-8080-exec-7] FilterChainProxy - Securing GET /api/chapter
2026-10-06 09:10:37 DEBUG [http-nio-0.0.0.0-8080-exec-6] FilterChainProxy - Securing GET /api/topics
2026-10-06 09:10:37 DEBUG [http-nio-0.0.0.0-8080-exec-11] FilterChainProxy - Securing GET /api/course
2026-10-06 09:10:37 INFO  [http-nio-0.0.0.0-8080-exec-11] JwtAuthenticationFilter - JWT AUTHENTICATION SUCCESS
2026-10-06 09:10:37 INFO  [http-nio-0.0.0.0-8080-exec-7] JwtAuthenticationFilter - JWT AUTHENTICATION SUCCESS
2026-10-06 09:10:37 INFO  [http-nio-0.0.0.0-8080-exec-6] JwtAuthenticationFilter - JWT AUTHENTICATION SUCCESS
2026-10-06 09:10:37 DEBUG [http-nio-0.0.0.0-8080-exec-7] FilterChainProxy - Secured GET /api/chapter
2026-10-06 09:10:37 DEBUG [http-nio-0.0.0.0-8080-exec-6] FilterChainProxy - Secured GET /api/topics
2026-10-06 09:10:37 DEBUG [http-nio-0.0.0.0-8080-exec-11] FilterChainProxy - Secured GET /api/course
2026-10-06 09:10:37 INFO  [http-nio-0.0.0.0-8080-exec-7] ChapterController - Received request to fetch all chapters.
2026-10-06 09:10:37 INFO  [http-nio-0.0.0.0-8080-exec-7] ChapterService - Fetching all chapters.
2026-10-06 09:10:37 INFO  [http-nio-0.0.0.0-8080-exec-11] CourseController - Received request to fetch all courses.
2026-10-06 09:10:37 INFO  [http-nio-0.0.0.0-8080-exec-11] CourseService - Fetching all courses.
2026-10-06 09:10:37 DEBUG [http-nio-0.0.0.0-8080-exec-12] FilterChainProxy - Securing GET /api/college
2026-10-06 09:10:37 INFO  [http-nio-0.0.0.0-8080-exec-11] CourseService - Fetched 1 courses.
2026-10-06 09:10:37 INFO  [http-nio-0.0.0.0-8080-exec-11] CourseController - Fetched 1 courses successfully.
2026-10-06 09:10:37 INFO  [http-nio-0.0.0.0-8080-exec-12] JwtAuthenticationFilter - JWT AUTHENTICATION SUCCESS
2026-10-06 09:10:37 DEBUG [http-nio-0.0.0.0-8080-exec-12] FilterChainProxy - Secured GET /api/college
2026-10-06 09:10:37 INFO  [http-nio-0.0.0.0-8080-exec-12] CollegeController - Received request to fetch all colleges.
2026-10-06 09:10:37 INFO  [http-nio-0.0.0.0-8080-exec-12] CollegeService - Fetching all colleges.
2026-10-06 09:10:37 INFO  [http-nio-0.0.0.0-8080-exec-12] CollegeService - Fetched 1 colleges.
2026-10-06 09:10:37 INFO  [http-nio-0.0.0.0-8080-exec-12] CollegeController - Fetched 1 colleges successfully.
2026-10-06 09:10:37 DEBUG [http-nio-0.0.0.0-8080-exec-1] FilterChainProxy - Securing GET /api/branch
2026-10-06 09:10:37 INFO  [http-nio-0.0.0.0-8080-exec-1] JwtAuthenticationFilter - JWT AUTHENTICATION SUCCESS
2026-10-06 09:10:37 DEBUG [http-nio-0.0.0.0-8080-exec-1] FilterChainProxy - Secured GET /api/branch
2026-10-06 09:10:37 INFO  [http-nio-0.0.0.0-8080-exec-1] BranchController - Received request to fetch all branches.
2026-10-06 09:10:37 INFO  [http-nio-0.0.0.0-8080-exec-1] BranchService - Fetching all branches.
2026-10-06 09:10:37 INFO  [http-nio-0.0.0.0-8080-exec-7] ChapterService - Fetched 6 chapters.
2026-10-06 09:10:37 INFO  [http-nio-0.0.0.0-8080-exec-7] ChapterController - Fetched 6 chapters successfully.
2026-10-06 09:10:37 INFO  [http-nio-0.0.0.0-8080-exec-1] BranchService - Fetched 3 branches.
2026-10-06 09:10:37 INFO  [http-nio-0.0.0.0-8080-exec-1] BranchController - Fetched 3 branches successfully.
2026-10-06 09:10:37 DEBUG [http-nio-0.0.0.0-8080-exec-9] FilterChainProxy - Securing GET /api/section
2026-10-06 09:10:37 DEBUG [http-nio-0.0.0.0-8080-exec-2] FilterChainProxy - Securing GET /api/exams
2026-10-06 09:10:37 DEBUG [http-nio-0.0.0.0-8080-exec-5] FilterChainProxy - Securing GET /api/dashboard
2026-10-06 09:10:37 INFO  [http-nio-0.0.0.0-8080-exec-9] JwtAuthenticationFilter - JWT AUTHENTICATION SUCCESS
2026-10-06 09:10:37 DEBUG [http-nio-0.0.0.0-8080-exec-9] FilterChainProxy - Secured GET /api/section
2026-10-06 09:10:37 INFO  [http-nio-0.0.0.0-8080-exec-5] JwtAuthenticationFilter - JWT AUTHENTICATION SUCCESS
2026-10-06 09:10:37 INFO  [http-nio-0.0.0.0-8080-exec-9] SectionController - Received request to fetch all sections.
2026-10-06 09:10:37 DEBUG [http-nio-0.0.0.0-8080-exec-5] FilterChainProxy - Secured GET /api/dashboard
2026-10-06 09:10:37 INFO  [http-nio-0.0.0.0-8080-exec-9] SectionService - Fetching all sections.
2026-10-06 09:10:37 INFO  [http-nio-0.0.0.0-8080-exec-5] DashboardController - Received request to fetch dashboard details.
2026-10-06 09:10:37 INFO  [http-nio-0.0.0.0-8080-exec-5] DashboardService - Fetching dashboard details.
2026-10-06 09:10:37 INFO  [http-nio-0.0.0.0-8080-exec-2] JwtAuthenticationFilter - JWT AUTHENTICATION SUCCESS
2026-10-06 09:10:37 DEBUG [http-nio-0.0.0.0-8080-exec-2] FilterChainProxy - Secured GET /api/exams
2026-10-06 09:10:37 INFO  [http-nio-0.0.0.0-8080-exec-9] SectionService - Fetched 1 sections.
2026-10-06 09:10:37 INFO  [http-nio-0.0.0.0-8080-exec-9] SectionController - Fetched 1 sections successfully.
2026-10-06 09:10:37 INFO  [http-nio-0.0.0.0-8080-exec-5] DashboardService - Dashboard details fetched successfully.
2026-10-06 09:10:37 INFO  [http-nio-0.0.0.0-8080-exec-5] DashboardController - Dashboard details fetched successfully.
2026-10-06 09:10:37 DEBUG [http-nio-0.0.0.0-8080-exec-11] FilterChainProxy - Securing GET /api/questions
2026-10-06 09:10:37 INFO  [http-nio-0.0.0.0-8080-exec-11] JwtAuthenticationFilter - JWT AUTHENTICATION SUCCESS
2026-10-06 09:10:37 DEBUG [http-nio-0.0.0.0-8080-exec-11] FilterChainProxy - Secured GET /api/questions
2026-10-06 09:10:41 DEBUG [http-nio-0.0.0.0-8080-exec-12] FilterChainProxy - Securing GET /api/college
2026-10-06 09:10:41 DEBUG [http-nio-0.0.0.0-8080-exec-6] FilterChainProxy - Securing GET /api/branch
2026-10-06 09:10:41 DEBUG [http-nio-0.0.0.0-8080-exec-4] FilterChainProxy - Securing GET /api/course
2026-10-06 09:10:41 INFO  [http-nio-0.0.0.0-8080-exec-6] JwtAuthenticationFilter - JWT AUTHENTICATION SUCCESS
2026-10-06 09:10:41 INFO  [http-nio-0.0.0.0-8080-exec-12] JwtAuthenticationFilter - JWT AUTHENTICATION SUCCESS
2026-10-06 09:10:41 DEBUG [http-nio-0.0.0.0-8080-exec-12] FilterChainProxy - Secured GET /api/college
2026-10-06 09:10:41 DEBUG [http-nio-0.0.0.0-8080-exec-7] FilterChainProxy - Securing GET /api/section
2026-10-06 09:10:41 INFO  [http-nio-0.0.0.0-8080-exec-12] CollegeController - Received request to fetch all colleges.
2026-10-06 09:10:41 INFO  [http-nio-0.0.0.0-8080-exec-12] CollegeService - Fetching all colleges.
2026-10-06 09:10:41 DEBUG [http-nio-0.0.0.0-8080-exec-6] FilterChainProxy - Secured GET /api/branch
2026-10-06 09:10:41 INFO  [http-nio-0.0.0.0-8080-exec-6] BranchController - Received request to fetch all branches.
2026-10-06 09:10:41 INFO  [http-nio-0.0.0.0-8080-exec-6] BranchService - Fetching all branches.
2026-10-06 09:10:41 DEBUG [http-nio-0.0.0.0-8080-exec-1] FilterChainProxy - Securing GET /api/exams
2026-10-06 09:10:41 INFO  [http-nio-0.0.0.0-8080-exec-12] CollegeService - Fetched 1 colleges.
2026-10-06 09:10:41 INFO  [http-nio-0.0.0.0-8080-exec-12] CollegeController - Fetched 1 colleges successfully.
2026-10-06 09:10:41 INFO  [http-nio-0.0.0.0-8080-exec-6] BranchService - Fetched 3 branches.
2026-10-06 09:10:41 INFO  [http-nio-0.0.0.0-8080-exec-6] BranchController - Fetched 3 branches successfully.
2026-10-06 09:10:41 DEBUG [http-nio-0.0.0.0-8080-exec-9] FilterChainProxy - Securing OPTIONS /api/users/students_Guest
2026-10-06 09:10:41 INFO  [http-nio-0.0.0.0-8080-exec-1] JwtAuthenticationFilter - JWT AUTHENTICATION SUCCESS
2026-10-06 09:10:41 DEBUG [http-nio-0.0.0.0-8080-exec-6] FilterChainProxy - Securing OPTIONS /api/performance/super-admin
2026-10-06 09:10:41 DEBUG [http-nio-0.0.0.0-8080-exec-1] FilterChainProxy - Secured GET /api/exams
2026-10-06 09:10:41 INFO  [http-nio-0.0.0.0-8080-exec-7] JwtAuthenticationFilter - JWT AUTHENTICATION SUCCESS
2026-10-06 09:10:41 DEBUG [http-nio-0.0.0.0-8080-exec-7] FilterChainProxy - Secured GET /api/section
2026-10-06 09:10:41 DEBUG [http-nio-0.0.0.0-8080-exec-2] FilterChainProxy - Securing POST /api/activity-sessions/resume
2026-10-06 09:10:41 INFO  [http-nio-0.0.0.0-8080-exec-7] SectionController - Received request to fetch all sections.
2026-10-06 09:10:41 INFO  [http-nio-0.0.0.0-8080-exec-4] JwtAuthenticationFilter - JWT AUTHENTICATION SUCCESS
2026-10-06 09:10:41 INFO  [http-nio-0.0.0.0-8080-exec-7] SectionService - Fetching all sections.
2026-10-06 09:10:41 DEBUG [http-nio-0.0.0.0-8080-exec-4] FilterChainProxy - Secured GET /api/course
2026-10-06 09:10:41 INFO  [http-nio-0.0.0.0-8080-exec-4] CourseController - Received request to fetch all courses.
2026-10-06 09:10:41 INFO  [http-nio-0.0.0.0-8080-exec-4] CourseService - Fetching all courses.
2026-10-06 09:10:41 INFO  [http-nio-0.0.0.0-8080-exec-7] SectionService - Fetched 1 sections.
2026-10-06 09:10:41 INFO  [http-nio-0.0.0.0-8080-exec-4] CourseService - Fetched 1 courses.
2026-10-06 09:10:41 INFO  [http-nio-0.0.0.0-8080-exec-4] CourseController - Fetched 1 courses successfully.
2026-10-06 09:10:41 INFO  [http-nio-0.0.0.0-8080-exec-7] SectionController - Fetched 1 sections successfully.
2026-10-06 09:10:41 INFO  [http-nio-0.0.0.0-8080-exec-2] JwtAuthenticationFilter - JWT AUTHENTICATION SUCCESS
2026-10-06 09:10:41 DEBUG [http-nio-0.0.0.0-8080-exec-2] FilterChainProxy - Secured POST /api/activity-sessions/resume
2026-10-06 09:10:41 DEBUG [http-nio-0.0.0.0-8080-exec-11] FilterChainProxy - Securing OPTIONS /api/performance/super-admin
2026-10-06 09:10:41 DEBUG [http-nio-0.0.0.0-8080-exec-8] FilterChainProxy - Securing OPTIONS /api/users/students_Guest
2026-10-06 09:10:41 DEBUG [http-nio-0.0.0.0-8080-exec-9] FilterChainProxy - Securing GET /api/college
2026-10-06 09:10:41 DEBUG [http-nio-0.0.0.0-8080-exec-12] FilterChainProxy - Securing GET /api/branch
2026-10-06 09:10:41 DEBUG [http-nio-0.0.0.0-8080-exec-5] FilterChainProxy - Securing GET /api/section
2026-10-06 09:10:41 DEBUG [http-nio-0.0.0.0-8080-exec-6] FilterChainProxy - Securing GET /api/course
2026-10-06 09:10:41 DEBUG [http-nio-0.0.0.0-8080-exec-7] FilterChainProxy - Securing GET /api/users/students_Guest
2026-10-06 09:10:41 DEBUG [http-nio-0.0.0.0-8080-exec-4] FilterChainProxy - Securing GET /api/performance/super-admin
2026-10-06 09:10:41 INFO  [http-nio-0.0.0.0-8080-exec-12] JwtAuthenticationFilter - JWT AUTHENTICATION SUCCESS
2026-10-06 09:10:41 INFO  [http-nio-0.0.0.0-8080-exec-9] JwtAuthenticationFilter - JWT AUTHENTICATION SUCCESS
2026-10-06 09:10:41 INFO  [http-nio-0.0.0.0-8080-exec-5] JwtAuthenticationFilter - JWT AUTHENTICATION SUCCESS
2026-10-06 09:10:41 INFO  [http-nio-0.0.0.0-8080-exec-6] JwtAuthenticationFilter - JWT AUTHENTICATION SUCCESS
2026-10-06 09:10:41 DEBUG [http-nio-0.0.0.0-8080-exec-9] FilterChainProxy - Secured GET /api/college
2026-10-06 09:10:41 DEBUG [http-nio-0.0.0.0-8080-exec-12] FilterChainProxy - Secured GET /api/branch
2026-10-06 09:10:41 INFO  [http-nio-0.0.0.0-8080-exec-7] JwtAuthenticationFilter - JWT AUTHENTICATION SUCCESS
2026-10-06 09:10:41 INFO  [http-nio-0.0.0.0-8080-exec-4] JwtAuthenticationFilter - JWT AUTHENTICATION SUCCESS
2026-10-06 09:10:41 DEBUG [http-nio-0.0.0.0-8080-exec-6] FilterChainProxy - Secured GET /api/course
2026-10-06 09:10:41 DEBUG [http-nio-0.0.0.0-8080-exec-5] FilterChainProxy - Secured GET /api/section
2026-10-06 09:10:41 DEBUG [http-nio-0.0.0.0-8080-exec-7] FilterChainProxy - Secured GET /api/users/students_Guest
2026-10-06 09:10:41 INFO  [http-nio-0.0.0.0-8080-exec-12] BranchController - Received request to fetch all branches.
2026-10-06 09:10:41 INFO  [http-nio-0.0.0.0-8080-exec-9] CollegeController - Received request to fetch all colleges.
2026-10-06 09:10:41 INFO  [http-nio-0.0.0.0-8080-exec-12] BranchService - Fetching all branches.
2026-10-06 09:10:41 INFO  [http-nio-0.0.0.0-8080-exec-9] CollegeService - Fetching all colleges.
2026-10-06 09:10:41 INFO  [http-nio-0.0.0.0-8080-exec-6] CourseController - Received request to fetch all courses.
2026-10-06 09:10:41 DEBUG [http-nio-0.0.0.0-8080-exec-4] FilterChainProxy - Secured GET /api/performance/super-admin
2026-10-06 09:10:41 INFO  [http-nio-0.0.0.0-8080-exec-6] CourseService - Fetching all courses.
2026-10-06 09:10:41 INFO  [http-nio-0.0.0.0-8080-exec-5] SectionController - Received request to fetch all sections.
2026-10-06 09:10:41 INFO  [http-nio-0.0.0.0-8080-exec-5] SectionService - Fetching all sections.
2026-10-06 09:10:41 INFO  [http-nio-0.0.0.0-8080-exec-9] CollegeService - Fetched 1 colleges.
2026-10-06 09:10:41 INFO  [http-nio-0.0.0.0-8080-exec-9] CollegeController - Fetched 1 colleges successfully.
2026-10-06 09:10:41 INFO  [http-nio-0.0.0.0-8080-exec-12] BranchService - Fetched 3 branches.
2026-10-06 09:10:41 INFO  [http-nio-0.0.0.0-8080-exec-12] BranchController - Fetched 3 branches successfully.
2026-10-06 09:10:41 INFO  [http-nio-0.0.0.0-8080-exec-6] CourseService - Fetched 1 courses.
2026-10-06 09:10:41 INFO  [http-nio-0.0.0.0-8080-exec-6] CourseController - Fetched 1 courses successfully.
2026-10-06 09:10:41 INFO  [http-nio-0.0.0.0-8080-exec-5] SectionService - Fetched 1 sections.
2026-10-06 09:10:41 INFO  [http-nio-0.0.0.0-8080-exec-5] SectionController - Fetched 1 sections successfully.
2026-10-06 09:10:41 DEBUG [http-nio-0.0.0.0-8080-exec-8] FilterChainProxy - Securing GET /api/exams
2026-10-06 09:10:41 DEBUG [http-nio-0.0.0.0-8080-exec-1] FilterChainProxy - Securing GET /api/users/students_Guest
2026-10-06 09:10:41 INFO  [http-nio-0.0.0.0-8080-exec-8] JwtAuthenticationFilter - JWT AUTHENTICATION SUCCESS
2026-10-06 09:10:41 DEBUG [http-nio-0.0.0.0-8080-exec-8] FilterChainProxy - Secured GET /api/exams
2026-10-06 09:10:41 INFO  [http-nio-0.0.0.0-8080-exec-1] JwtAuthenticationFilter - JWT AUTHENTICATION SUCCESS
2026-10-06 09:10:41 DEBUG [http-nio-0.0.0.0-8080-exec-1] FilterChainProxy - Secured GET /api/users/students_Guest
2026-10-06 09:10:41 DEBUG [http-nio-0.0.0.0-8080-exec-11] FilterChainProxy - Securing GET /api/performance/super-admin
2026-10-06 09:10:41 INFO  [http-nio-0.0.0.0-8080-exec-11] JwtAuthenticationFilter - JWT AUTHENTICATION SUCCESS
2026-10-06 09:10:41 DEBUG [http-nio-0.0.0.0-8080-exec-11] FilterChainProxy - Secured GET /api/performance/super-admin
2026-10-06 09:11:04 DEBUG [http-nio-0.0.0.0-8080-exec-2] FilterChainProxy - Securing OPTIONS /api/performance/super-admin?examId=1&studentId=11
2026-10-06 09:11:04 DEBUG [http-nio-0.0.0.0-8080-exec-9] FilterChainProxy - Securing GET /api/performance/super-admin?examId=1&studentId=11
2026-10-06 09:11:04 INFO  [http-nio-0.0.0.0-8080-exec-9] JwtAuthenticationFilter - JWT AUTHENTICATION SUCCESS
2026-10-06 09:11:04 DEBUG [http-nio-0.0.0.0-8080-exec-9] FilterChainProxy - Secured GET /api/performance/super-admin?examId=1&studentId=11
2026-10-06 09:11:10 DEBUG [http-nio-0.0.0.0-8080-exec-6] FilterChainProxy - Securing OPTIONS /api/performance/super-admin?studentId=11
2026-10-06 09:11:10 DEBUG [http-nio-0.0.0.0-8080-exec-12] FilterChainProxy - Securing GET /api/performance/super-admin?studentId=11
2026-10-06 09:11:10 INFO  [http-nio-0.0.0.0-8080-exec-12] JwtAuthenticationFilter - JWT AUTHENTICATION SUCCESS
2026-10-06 09:11:10 DEBUG [http-nio-0.0.0.0-8080-exec-12] FilterChainProxy - Secured GET /api/performance/super-admin?studentId=11
2026-10-06 09:11:11 DEBUG [http-nio-0.0.0.0-8080-exec-5] FilterChainProxy - Securing OPTIONS /api/activity-sessions/heartbeat
2026-10-06 09:11:11 DEBUG [http-nio-0.0.0.0-8080-exec-7] FilterChainProxy - Securing POST /api/activity-sessions/heartbeat
2026-10-06 09:11:11 INFO  [http-nio-0.0.0.0-8080-exec-7] JwtAuthenticationFilter - JWT AUTHENTICATION SUCCESS
2026-10-06 09:11:11 DEBUG [http-nio-0.0.0.0-8080-exec-7] FilterChainProxy - Secured POST /api/activity-sessions/heartbeat
2026-10-06 09:11:12 DEBUG [http-nio-0.0.0.0-8080-exec-4] FilterChainProxy - Securing OPTIONS /api/performance/super-admin
2026-10-06 09:11:12 DEBUG [http-nio-0.0.0.0-8080-exec-1] FilterChainProxy - Securing GET /api/performance/super-admin
2026-10-06 09:11:13 INFO  [http-nio-0.0.0.0-8080-exec-1] JwtAuthenticationFilter - JWT AUTHENTICATION SUCCESS
2026-10-06 09:11:13 DEBUG [http-nio-0.0.0.0-8080-exec-1] FilterChainProxy - Secured GET /api/performance/super-admin
2026-10-06 09:11:15 DEBUG [http-nio-0.0.0.0-8080-exec-8] FilterChainProxy - Securing OPTIONS /api/performance/exam-results/1/chapters
2026-10-06 09:11:15 DEBUG [http-nio-0.0.0.0-8080-exec-11] FilterChainProxy - Securing GET /api/performance/exam-results/1/chapters
2026-10-06 09:11:15 INFO  [http-nio-0.0.0.0-8080-exec-11] JwtAuthenticationFilter - JWT AUTHENTICATION SUCCESS
2026-10-06 09:11:15 DEBUG [http-nio-0.0.0.0-8080-exec-11] FilterChainProxy - Secured GET /api/performance/exam-results/1/chapters
2026-10-06 09:11:22 DEBUG [http-nio-0.0.0.0-8080-exec-2] FilterChainProxy - Securing OPTIONS /api/notifications/mine?limit=12
2026-10-06 09:11:22 DEBUG [http-nio-0.0.0.0-8080-exec-9] FilterChainProxy - Securing OPTIONS /api/notifications/mine/unread-count
2026-10-06 09:11:22 DEBUG [http-nio-0.0.0.0-8080-exec-6] FilterChainProxy - Securing GET /api/notifications/mine?limit=12
2026-10-06 09:11:22 DEBUG [http-nio-0.0.0.0-8080-exec-12] FilterChainProxy - Securing GET /api/notifications/mine/unread-count
2026-10-06 09:11:22 INFO  [http-nio-0.0.0.0-8080-exec-12] JwtAuthenticationFilter - JWT AUTHENTICATION SUCCESS
2026-10-06 09:11:22 INFO  [http-nio-0.0.0.0-8080-exec-6] JwtAuthenticationFilter - JWT AUTHENTICATION SUCCESS
2026-10-06 09:11:22 DEBUG [http-nio-0.0.0.0-8080-exec-12] FilterChainProxy - Secured GET /api/notifications/mine/unread-count
2026-10-06 09:11:22 DEBUG [http-nio-0.0.0.0-8080-exec-6] FilterChainProxy - Secured GET /api/notifications/mine?limit=12
2026-10-06 09:11:27 DEBUG [http-nio-0.0.0.0-8080-exec-5] FilterChainProxy - Securing OPTIONS /api/activity-sessions/close
2026-10-06 09:11:27 DEBUG [http-nio-0.0.0.0-8080-exec-7] FilterChainProxy - Securing POST /api/activity-sessions/close
2026-10-06 09:11:27 INFO  [http-nio-0.0.0.0-8080-exec-7] JwtAuthenticationFilter - JWT AUTHENTICATION SUCCESS
2026-10-06 09:11:27 DEBUG [http-nio-0.0.0.0-8080-exec-7] FilterChainProxy - Secured POST /api/activity-sessions/close
2026-10-06 09:11:38 DEBUG [http-nio-0.0.0.0-8080-exec-8] FilterChainProxy - Securing OPTIONS /api/auth/login
2026-10-06 09:11:38 DEBUG [http-nio-0.0.0.0-8080-exec-11] FilterChainProxy - Securing POST /api/auth/login
2026-10-06 09:11:38 DEBUG [http-nio-0.0.0.0-8080-exec-11] AnonymousAuthenticationFilter - Set SecurityContextHolder to anonymous SecurityContext
2026-10-06 09:11:38 DEBUG [http-nio-0.0.0.0-8080-exec-11] FilterChainProxy - Secured POST /api/auth/login
2026-10-06 09:11:39 DEBUG [http-nio-0.0.0.0-8080-exec-11] DaoAuthenticationProvider - Authenticated user
2026-10-06 09:11:39 DEBUG [http-nio-0.0.0.0-8080-exec-2] FilterChainProxy - Securing OPTIONS /api/notifications/mine?limit=12
2026-10-06 09:11:39 DEBUG [http-nio-0.0.0.0-8080-exec-9] FilterChainProxy - Securing OPTIONS /api/notifications/mine/unread-count
2026-10-06 09:11:39 DEBUG [http-nio-0.0.0.0-8080-exec-12] FilterChainProxy - Securing OPTIONS /api/course
2026-10-06 09:11:39 DEBUG [http-nio-0.0.0.0-8080-exec-6] FilterChainProxy - Securing OPTIONS /api/subjects
2026-10-06 09:11:39 DEBUG [http-nio-0.0.0.0-8080-exec-5] FilterChainProxy - Securing GET /api/notifications/mine?limit=12
2026-10-06 09:11:39 DEBUG [http-nio-0.0.0.0-8080-exec-1] FilterChainProxy - Securing OPTIONS /api/questions
2026-10-06 09:11:39 DEBUG [http-nio-0.0.0.0-8080-exec-4] FilterChainProxy - Securing OPTIONS /api/topics
2026-10-06 09:11:39 DEBUG [http-nio-0.0.0.0-8080-exec-7] FilterChainProxy - Securing OPTIONS /api/chapter
2026-10-06 09:11:39 DEBUG [http-nio-0.0.0.0-8080-exec-8] FilterChainProxy - Securing GET /api/notifications/mine/unread-count
2026-10-06 09:11:39 DEBUG [http-nio-0.0.0.0-8080-exec-11] FilterChainProxy - Securing OPTIONS /api/exams
2026-10-06 09:11:39 INFO  [http-nio-0.0.0.0-8080-exec-5] JwtAuthenticationFilter - JWT AUTHENTICATION SUCCESS
2026-10-06 09:11:39 DEBUG [http-nio-0.0.0.0-8080-exec-5] FilterChainProxy - Secured GET /api/notifications/mine?limit=12
2026-10-06 09:11:39 DEBUG [http-nio-0.0.0.0-8080-exec-9] FilterChainProxy - Securing OPTIONS /api/dashboard
2026-10-06 09:11:39 DEBUG [http-nio-0.0.0.0-8080-exec-2] FilterChainProxy - Securing GET /api/course
2026-10-06 09:11:39 INFO  [http-nio-0.0.0.0-8080-exec-8] JwtAuthenticationFilter - JWT AUTHENTICATION SUCCESS
2026-10-06 09:11:39 DEBUG [http-nio-0.0.0.0-8080-exec-12] FilterChainProxy - Securing GET /api/subjects
2026-10-06 09:11:39 INFO  [http-nio-0.0.0.0-8080-exec-2] JwtAuthenticationFilter - JWT AUTHENTICATION SUCCESS
2026-10-06 09:11:39 DEBUG [http-nio-0.0.0.0-8080-exec-2] FilterChainProxy - Secured GET /api/course
2026-10-06 09:11:39 DEBUG [http-nio-0.0.0.0-8080-exec-8] FilterChainProxy - Secured GET /api/notifications/mine/unread-count
2026-10-06 09:11:39 INFO  [http-nio-0.0.0.0-8080-exec-2] CourseController - Received request to fetch all courses.
2026-10-06 09:11:39 INFO  [http-nio-0.0.0.0-8080-exec-2] CourseService - Fetching all courses.
2026-10-06 09:11:39 DEBUG [http-nio-0.0.0.0-8080-exec-6] FilterChainProxy - Securing OPTIONS /api/activity-sessions
2026-10-06 09:11:39 INFO  [http-nio-0.0.0.0-8080-exec-12] JwtAuthenticationFilter - JWT AUTHENTICATION SUCCESS
2026-10-06 09:11:39 DEBUG [http-nio-0.0.0.0-8080-exec-12] FilterChainProxy - Secured GET /api/subjects
2026-10-06 09:11:39 INFO  [http-nio-0.0.0.0-8080-exec-2] CourseService - Fetched 1 courses.
2026-10-06 09:11:39 INFO  [http-nio-0.0.0.0-8080-exec-2] CourseController - Fetched 1 courses successfully.
2026-10-06 09:11:39 DEBUG [http-nio-0.0.0.0-8080-exec-1] FilterChainProxy - Securing OPTIONS /api/notifications/mine?limit=12
2026-10-06 09:11:39 DEBUG [http-nio-0.0.0.0-8080-exec-4] FilterChainProxy - Securing GET /api/chapter
2026-10-06 09:11:39 DEBUG [http-nio-0.0.0.0-8080-exec-7] FilterChainProxy - Securing GET /api/questions
2026-10-06 09:11:39 DEBUG [http-nio-0.0.0.0-8080-exec-11] FilterChainProxy - Securing OPTIONS /api/notifications/mine/unread-count
2026-10-06 09:11:39 INFO  [http-nio-0.0.0.0-8080-exec-7] JwtAuthenticationFilter - JWT AUTHENTICATION SUCCESS
2026-10-06 09:11:39 INFO  [http-nio-0.0.0.0-8080-exec-4] JwtAuthenticationFilter - JWT AUTHENTICATION SUCCESS
2026-10-06 09:11:39 DEBUG [http-nio-0.0.0.0-8080-exec-9] FilterChainProxy - Securing OPTIONS /api/course
2026-10-06 09:11:39 DEBUG [http-nio-0.0.0.0-8080-exec-4] FilterChainProxy - Secured GET /api/chapter
2026-10-06 09:11:39 DEBUG [http-nio-0.0.0.0-8080-exec-7] FilterChainProxy - Secured GET /api/questions
2026-10-06 09:11:39 INFO  [http-nio-0.0.0.0-8080-exec-4] ChapterController - Received request to fetch all chapters.
2026-10-06 09:11:39 INFO  [http-nio-0.0.0.0-8080-exec-4] ChapterService - Fetching all chapters.
2026-10-06 09:11:39 DEBUG [http-nio-0.0.0.0-8080-exec-5] FilterChainProxy - Securing OPTIONS /api/subjects
2026-10-06 09:11:39 DEBUG [http-nio-0.0.0.0-8080-exec-6] FilterChainProxy - Securing OPTIONS /api/chapter
2026-10-06 09:11:39 INFO  [http-nio-0.0.0.0-8080-exec-4] ChapterService - Fetched 6 chapters.
2026-10-06 09:11:39 INFO  [http-nio-0.0.0.0-8080-exec-4] ChapterController - Fetched 6 chapters successfully.
2026-10-06 09:11:39 DEBUG [http-nio-0.0.0.0-8080-exec-8] FilterChainProxy - Securing OPTIONS /api/topics
2026-10-06 09:11:39 DEBUG [http-nio-0.0.0.0-8080-exec-2] FilterChainProxy - Securing GET /api/topics
2026-10-06 09:11:39 DEBUG [http-nio-0.0.0.0-8080-exec-12] FilterChainProxy - Securing GET /api/exams
2026-10-06 09:11:39 DEBUG [http-nio-0.0.0.0-8080-exec-1] FilterChainProxy - Securing OPTIONS /api/questions
2026-10-06 09:11:39 DEBUG [http-nio-0.0.0.0-8080-exec-11] FilterChainProxy - Securing OPTIONS /api/exams
2026-10-06 09:11:39 DEBUG [http-nio-0.0.0.0-8080-exec-9] FilterChainProxy - Securing GET /api/dashboard
2026-10-06 09:11:39 DEBUG [http-nio-0.0.0.0-8080-exec-6] FilterChainProxy - Securing OPTIONS /api/dashboard
2026-10-06 09:11:39 DEBUG [http-nio-0.0.0.0-8080-exec-11] FilterChainProxy - Securing GET /api/notifications/mine?limit=12
2026-10-06 09:11:39 INFO  [http-nio-0.0.0.0-8080-exec-2] JwtAuthenticationFilter - JWT AUTHENTICATION SUCCESS
2026-10-06 09:11:39 DEBUG [http-nio-0.0.0.0-8080-exec-5] FilterChainProxy - Securing POST /api/activity-sessions
2026-10-06 09:11:39 DEBUG [http-nio-0.0.0.0-8080-exec-2] FilterChainProxy - Secured GET /api/topics
2026-10-06 09:11:39 INFO  [http-nio-0.0.0.0-8080-exec-12] JwtAuthenticationFilter - JWT AUTHENTICATION SUCCESS
2026-10-06 09:11:39 DEBUG [http-nio-0.0.0.0-8080-exec-12] FilterChainProxy - Secured GET /api/exams
2026-10-06 09:11:39 INFO  [http-nio-0.0.0.0-8080-exec-9] JwtAuthenticationFilter - JWT AUTHENTICATION SUCCESS
2026-10-06 09:11:39 DEBUG [http-nio-0.0.0.0-8080-exec-9] FilterChainProxy - Secured GET /api/dashboard
2026-10-06 09:11:39 INFO  [http-nio-0.0.0.0-8080-exec-11] JwtAuthenticationFilter - JWT AUTHENTICATION SUCCESS
2026-10-06 09:11:39 INFO  [http-nio-0.0.0.0-8080-exec-9] DashboardController - Received request to fetch dashboard details.
2026-10-06 09:11:39 INFO  [http-nio-0.0.0.0-8080-exec-9] DashboardService - Fetching dashboard details.
2026-10-06 09:11:39 DEBUG [http-nio-0.0.0.0-8080-exec-11] FilterChainProxy - Secured GET /api/notifications/mine?limit=12
2026-10-06 09:11:39 INFO  [http-nio-0.0.0.0-8080-exec-5] JwtAuthenticationFilter - JWT AUTHENTICATION SUCCESS
2026-10-06 09:11:39 DEBUG [http-nio-0.0.0.0-8080-exec-5] FilterChainProxy - Secured POST /api/activity-sessions
2026-10-06 09:11:39 INFO  [http-nio-0.0.0.0-8080-exec-9] DashboardService - Dashboard details fetched successfully.
2026-10-06 09:11:39 INFO  [http-nio-0.0.0.0-8080-exec-9] DashboardController - Dashboard details fetched successfully.
2026-10-06 09:11:39 DEBUG [http-nio-0.0.0.0-8080-exec-6] FilterChainProxy - Securing GET /api/notifications/mine/unread-count
2026-10-06 09:11:39 DEBUG [http-nio-0.0.0.0-8080-exec-8] FilterChainProxy - Securing GET /api/subjects
2026-10-06 09:11:39 DEBUG [http-nio-0.0.0.0-8080-exec-1] FilterChainProxy - Securing GET /api/course
2026-10-06 09:11:39 DEBUG [http-nio-0.0.0.0-8080-exec-4] FilterChainProxy - Securing GET /api/chapter
2026-10-06 09:11:39 INFO  [http-nio-0.0.0.0-8080-exec-1] JwtAuthenticationFilter - JWT AUTHENTICATION SUCCESS
2026-10-06 09:11:39 INFO  [http-nio-0.0.0.0-8080-exec-8] JwtAuthenticationFilter - JWT AUTHENTICATION SUCCESS
2026-10-06 09:11:39 DEBUG [http-nio-0.0.0.0-8080-exec-1] FilterChainProxy - Secured GET /api/course
2026-10-06 09:11:39 DEBUG [http-nio-0.0.0.0-8080-exec-8] FilterChainProxy - Secured GET /api/subjects
2026-10-06 09:11:39 INFO  [http-nio-0.0.0.0-8080-exec-1] CourseController - Received request to fetch all courses.
2026-10-06 09:11:39 INFO  [http-nio-0.0.0.0-8080-exec-1] CourseService - Fetching all courses.
2026-10-06 09:11:39 INFO  [http-nio-0.0.0.0-8080-exec-4] JwtAuthenticationFilter - JWT AUTHENTICATION SUCCESS
2026-10-06 09:11:39 DEBUG [http-nio-0.0.0.0-8080-exec-4] FilterChainProxy - Secured GET /api/chapter
2026-10-06 09:11:39 INFO  [http-nio-0.0.0.0-8080-exec-6] JwtAuthenticationFilter - JWT AUTHENTICATION SUCCESS
2026-10-06 09:11:39 DEBUG [http-nio-0.0.0.0-8080-exec-6] FilterChainProxy - Secured GET /api/notifications/mine/unread-count
2026-10-06 09:11:39 INFO  [http-nio-0.0.0.0-8080-exec-4] ChapterController - Received request to fetch all chapters.
2026-10-06 09:11:39 INFO  [http-nio-0.0.0.0-8080-exec-4] ChapterService - Fetching all chapters.
2026-10-06 09:11:39 INFO  [http-nio-0.0.0.0-8080-exec-1] CourseService - Fetched 1 courses.
2026-10-06 09:11:39 INFO  [http-nio-0.0.0.0-8080-exec-1] CourseController - Fetched 1 courses successfully.
2026-10-06 09:11:39 DEBUG [http-nio-0.0.0.0-8080-exec-2] FilterChainProxy - Securing GET /api/topics
2026-10-06 09:11:39 INFO  [http-nio-0.0.0.0-8080-exec-4] ChapterService - Fetched 6 chapters.
2026-10-06 09:11:39 INFO  [http-nio-0.0.0.0-8080-exec-4] ChapterController - Fetched 6 chapters successfully.
2026-10-06 09:11:39 INFO  [http-nio-0.0.0.0-8080-exec-2] JwtAuthenticationFilter - JWT AUTHENTICATION SUCCESS
2026-10-06 09:11:39 DEBUG [http-nio-0.0.0.0-8080-exec-9] FilterChainProxy - Securing GET /api/exams
2026-10-06 09:11:39 DEBUG [http-nio-0.0.0.0-8080-exec-2] FilterChainProxy - Secured GET /api/topics
2026-10-06 09:11:39 DEBUG [http-nio-0.0.0.0-8080-exec-11] FilterChainProxy - Securing GET /api/dashboard
2026-10-06 09:11:39 INFO  [http-nio-0.0.0.0-8080-exec-11] JwtAuthenticationFilter - JWT AUTHENTICATION SUCCESS
2026-10-06 09:11:39 INFO  [http-nio-0.0.0.0-8080-exec-9] JwtAuthenticationFilter - JWT AUTHENTICATION SUCCESS
2026-10-06 09:11:39 DEBUG [http-nio-0.0.0.0-8080-exec-11] FilterChainProxy - Secured GET /api/dashboard
2026-10-06 09:11:39 DEBUG [http-nio-0.0.0.0-8080-exec-9] FilterChainProxy - Secured GET /api/exams
2026-10-06 09:11:39 INFO  [http-nio-0.0.0.0-8080-exec-11] DashboardController - Received request to fetch dashboard details.
2026-10-06 09:11:39 INFO  [http-nio-0.0.0.0-8080-exec-11] DashboardService - Fetching dashboard details.
2026-10-06 09:11:39 INFO  [http-nio-0.0.0.0-8080-exec-11] DashboardService - Dashboard details fetched successfully.
2026-10-06 09:11:39 INFO  [http-nio-0.0.0.0-8080-exec-11] DashboardController - Dashboard details fetched successfully.
2026-10-06 09:11:39 DEBUG [http-nio-0.0.0.0-8080-exec-12] FilterChainProxy - Securing GET /api/questions
2026-10-06 09:11:39 INFO  [http-nio-0.0.0.0-8080-exec-12] JwtAuthenticationFilter - JWT AUTHENTICATION SUCCESS
2026-10-06 09:11:39 DEBUG [http-nio-0.0.0.0-8080-exec-12] FilterChainProxy - Secured GET /api/questions
2026-10-06 09:11:44 DEBUG [http-nio-0.0.0.0-8080-exec-5] FilterChainProxy - Securing GET /api/exams
2026-10-06 09:11:44 DEBUG [http-nio-0.0.0.0-8080-exec-1] FilterChainProxy - Securing OPTIONS /api/exams/results/me
2026-10-06 09:11:44 DEBUG [http-nio-0.0.0.0-8080-exec-8] FilterChainProxy - Securing OPTIONS /api/activity-sessions/resume
2026-10-06 09:11:44 INFO  [http-nio-0.0.0.0-8080-exec-5] JwtAuthenticationFilter - JWT AUTHENTICATION SUCCESS
2026-10-06 09:11:44 DEBUG [http-nio-0.0.0.0-8080-exec-5] FilterChainProxy - Secured GET /api/exams
2026-10-06 09:11:44 DEBUG [http-nio-0.0.0.0-8080-exec-4] FilterChainProxy - Securing OPTIONS /api/exams/results/me
2026-10-06 09:11:44 DEBUG [http-nio-0.0.0.0-8080-exec-2] FilterChainProxy - Securing GET /api/exams/results/me
2026-10-06 09:11:44 DEBUG [http-nio-0.0.0.0-8080-exec-6] FilterChainProxy - Securing POST /api/activity-sessions/resume
2026-10-06 09:11:44 INFO  [http-nio-0.0.0.0-8080-exec-2] JwtAuthenticationFilter - JWT AUTHENTICATION SUCCESS
2026-10-06 09:11:44 DEBUG [http-nio-0.0.0.0-8080-exec-2] FilterChainProxy - Secured GET /api/exams/results/me
2026-10-06 09:11:44 INFO  [http-nio-0.0.0.0-8080-exec-6] JwtAuthenticationFilter - JWT AUTHENTICATION SUCCESS
2026-10-06 09:11:44 DEBUG [http-nio-0.0.0.0-8080-exec-11] FilterChainProxy - Securing GET /api/exams
2026-10-06 09:11:44 DEBUG [http-nio-0.0.0.0-8080-exec-6] FilterChainProxy - Secured POST /api/activity-sessions/resume
2026-10-06 09:11:44 DEBUG [http-nio-0.0.0.0-8080-exec-2] FilterChainProxy - Securing GET /api/exams/results/me
2026-10-06 09:11:44 INFO  [http-nio-0.0.0.0-8080-exec-11] JwtAuthenticationFilter - JWT AUTHENTICATION SUCCESS
2026-10-06 09:11:44 DEBUG [http-nio-0.0.0.0-8080-exec-11] FilterChainProxy - Secured GET /api/exams
2026-10-06 09:11:44 INFO  [http-nio-0.0.0.0-8080-exec-2] JwtAuthenticationFilter - JWT AUTHENTICATION SUCCESS
2026-10-06 09:11:44 DEBUG [http-nio-0.0.0.0-8080-exec-2] FilterChainProxy - Secured GET /api/exams/results/me
2026-10-06 09:11:45 DEBUG [http-nio-0.0.0.0-8080-exec-7] FilterChainProxy - Securing OPTIONS /api/exams
2026-10-06 09:11:45 DEBUG [http-nio-0.0.0.0-8080-exec-1] FilterChainProxy - Securing POST /api/activity-sessions/resume
2026-10-06 09:11:45 DEBUG [http-nio-0.0.0.0-8080-exec-12] FilterChainProxy - Securing GET /api/exams/results/me
2026-10-06 09:11:45 DEBUG [http-nio-0.0.0.0-8080-exec-8] FilterChainProxy - Securing OPTIONS /api/exams
2026-10-06 09:11:45 INFO  [http-nio-0.0.0.0-8080-exec-12] JwtAuthenticationFilter - JWT AUTHENTICATION SUCCESS
2026-10-06 09:11:45 DEBUG [http-nio-0.0.0.0-8080-exec-12] FilterChainProxy - Secured GET /api/exams/results/me
2026-10-06 09:11:45 DEBUG [http-nio-0.0.0.0-8080-exec-4] FilterChainProxy - Securing GET /api/exams
2026-10-06 09:11:45 INFO  [http-nio-0.0.0.0-8080-exec-1] JwtAuthenticationFilter - JWT AUTHENTICATION SUCCESS
2026-10-06 09:11:45 DEBUG [http-nio-0.0.0.0-8080-exec-1] FilterChainProxy - Secured POST /api/activity-sessions/resume
2026-10-06 09:11:45 DEBUG [http-nio-0.0.0.0-8080-exec-5] FilterChainProxy - Securing GET /api/exams/results/me
2026-10-06 09:11:45 INFO  [http-nio-0.0.0.0-8080-exec-4] JwtAuthenticationFilter - JWT AUTHENTICATION SUCCESS
2026-10-06 09:11:45 DEBUG [http-nio-0.0.0.0-8080-exec-4] FilterChainProxy - Secured GET /api/exams
2026-10-06 09:11:45 INFO  [http-nio-0.0.0.0-8080-exec-5] JwtAuthenticationFilter - JWT AUTHENTICATION SUCCESS
2026-10-06 09:11:45 DEBUG [http-nio-0.0.0.0-8080-exec-5] FilterChainProxy - Secured GET /api/exams/results/me
2026-10-06 09:11:45 DEBUG [http-nio-0.0.0.0-8080-exec-9] FilterChainProxy - Securing GET /api/exams
2026-10-06 09:11:45 INFO  [http-nio-0.0.0.0-8080-exec-9] JwtAuthenticationFilter - JWT AUTHENTICATION SUCCESS
2026-10-06 09:11:45 DEBUG [http-nio-0.0.0.0-8080-exec-9] FilterChainProxy - Secured GET /api/exams
2026-10-06 09:11:46 DEBUG [http-nio-0.0.0.0-8080-exec-6] FilterChainProxy - Securing OPTIONS /api/exams/1/questions
2026-10-06 09:11:46 DEBUG [http-nio-0.0.0.0-8080-exec-2] FilterChainProxy - Securing OPTIONS /api/exams/1/questions
2026-10-06 09:11:46 DEBUG [http-nio-0.0.0.0-8080-exec-11] FilterChainProxy - Securing GET /api/exams/1/questions
2026-10-06 09:11:46 INFO  [http-nio-0.0.0.0-8080-exec-11] JwtAuthenticationFilter - JWT AUTHENTICATION SUCCESS
2026-10-06 09:11:46 DEBUG [http-nio-0.0.0.0-8080-exec-11] FilterChainProxy - Secured GET /api/exams/1/questions
2026-10-06 09:11:46 DEBUG [http-nio-0.0.0.0-8080-exec-7] FilterChainProxy - Securing GET /api/exams/1/questions
2026-10-06 09:11:46 INFO  [http-nio-0.0.0.0-8080-exec-7] JwtAuthenticationFilter - JWT AUTHENTICATION SUCCESS
2026-10-06 09:11:46 DEBUG [http-nio-0.0.0.0-8080-exec-7] FilterChainProxy - Secured GET /api/exams/1/questions
2026-10-06 09:12:22 DEBUG [http-nio-0.0.0.0-8080-exec-12] FilterChainProxy - Securing OPTIONS /api/rule-engines/attribute/76
2026-10-06 09:12:22 DEBUG [http-nio-0.0.0.0-8080-exec-8] FilterChainProxy - Securing OPTIONS /api/rule-engines/attribute/75
2026-10-06 09:12:22 DEBUG [http-nio-0.0.0.0-8080-exec-1] FilterChainProxy - Securing OPTIONS /api/rule-engines/attribute/77
2026-10-06 09:12:22 DEBUG [http-nio-0.0.0.0-8080-exec-5] FilterChainProxy - Securing OPTIONS /api/rule-engines/attribute/78
2026-10-06 09:12:22 DEBUG [http-nio-0.0.0.0-8080-exec-4] FilterChainProxy - Securing OPTIONS /api/rule-engines/attribute/79
2026-10-06 09:12:22 DEBUG [http-nio-0.0.0.0-8080-exec-4] FilterChainProxy - Securing OPTIONS /api/rule-engines/attribute/75
2026-10-06 09:12:22 DEBUG [http-nio-0.0.0.0-8080-exec-2] FilterChainProxy - Securing OPTIONS /api/rule-engines/attribute/76
2026-10-06 09:12:22 DEBUG [http-nio-0.0.0.0-8080-exec-6] FilterChainProxy - Securing OPTIONS /api/rule-engines/attribute/78
2026-10-06 09:12:22 DEBUG [http-nio-0.0.0.0-8080-exec-11] FilterChainProxy - Securing GET /api/rule-engines/attribute/76
2026-10-06 09:12:22 DEBUG [http-nio-0.0.0.0-8080-exec-7] FilterChainProxy - Securing OPTIONS /api/rule-engines/attribute/79
2026-10-06 09:12:22 DEBUG [http-nio-0.0.0.0-8080-exec-12] FilterChainProxy - Securing GET /api/rule-engines/attribute/75
2026-10-06 09:12:22 INFO  [http-nio-0.0.0.0-8080-exec-11] JwtAuthenticationFilter - JWT AUTHENTICATION SUCCESS
2026-10-06 09:12:22 DEBUG [http-nio-0.0.0.0-8080-exec-11] FilterChainProxy - Secured GET /api/rule-engines/attribute/76
2026-10-06 09:12:22 DEBUG [http-nio-0.0.0.0-8080-exec-8] FilterChainProxy - Securing OPTIONS /api/rule-engines/attribute/77
2026-10-06 09:12:22 DEBUG [http-nio-0.0.0.0-8080-exec-1] FilterChainProxy - Securing GET /api/rule-engines/attribute/77
2026-10-06 09:12:22 DEBUG [http-nio-0.0.0.0-8080-exec-8] FilterChainProxy - Securing GET /api/rule-engines/attribute/78
2026-10-06 09:12:22 DEBUG [http-nio-0.0.0.0-8080-exec-5] FilterChainProxy - Securing GET /api/rule-engines/attribute/79
2026-10-06 09:12:22 INFO  [http-nio-0.0.0.0-8080-exec-12] JwtAuthenticationFilter - JWT AUTHENTICATION SUCCESS
2026-10-06 09:12:22 DEBUG [http-nio-0.0.0.0-8080-exec-12] FilterChainProxy - Secured GET /api/rule-engines/attribute/75
2026-10-06 09:12:22 INFO  [http-nio-0.0.0.0-8080-exec-1] JwtAuthenticationFilter - JWT AUTHENTICATION SUCCESS
2026-10-06 09:12:22 DEBUG [http-nio-0.0.0.0-8080-exec-1] FilterChainProxy - Secured GET /api/rule-engines/attribute/77
2026-10-06 09:12:22 INFO  [http-nio-0.0.0.0-8080-exec-8] JwtAuthenticationFilter - JWT AUTHENTICATION SUCCESS
2026-10-06 09:12:22 INFO  [http-nio-0.0.0.0-8080-exec-5] JwtAuthenticationFilter - JWT AUTHENTICATION SUCCESS
2026-10-06 09:12:22 DEBUG [http-nio-0.0.0.0-8080-exec-8] FilterChainProxy - Secured GET /api/rule-engines/attribute/78
2026-10-06 09:12:22 DEBUG [http-nio-0.0.0.0-8080-exec-5] FilterChainProxy - Secured GET /api/rule-engines/attribute/79
2026-10-06 09:12:22 DEBUG [http-nio-0.0.0.0-8080-exec-9] FilterChainProxy - Securing GET /api/rule-engines/attribute/78
2026-10-06 09:12:22 INFO  [http-nio-0.0.0.0-8080-exec-9] JwtAuthenticationFilter - JWT AUTHENTICATION SUCCESS
2026-10-06 09:12:22 DEBUG [http-nio-0.0.0.0-8080-exec-9] FilterChainProxy - Secured GET /api/rule-engines/attribute/78
2026-10-06 09:12:22 DEBUG [http-nio-0.0.0.0-8080-exec-2] FilterChainProxy - Securing GET /api/rule-engines/attribute/76
2026-10-06 09:12:22 INFO  [http-nio-0.0.0.0-8080-exec-2] JwtAuthenticationFilter - JWT AUTHENTICATION SUCCESS
2026-10-06 09:12:22 DEBUG [http-nio-0.0.0.0-8080-exec-2] FilterChainProxy - Secured GET /api/rule-engines/attribute/76
2026-10-06 09:12:22 DEBUG [http-nio-0.0.0.0-8080-exec-6] FilterChainProxy - Securing GET /api/rule-engines/attribute/75
2026-10-06 09:12:22 DEBUG [http-nio-0.0.0.0-8080-exec-7] FilterChainProxy - Securing GET /api/rule-engines/attribute/77
2026-10-06 09:12:22 DEBUG [http-nio-0.0.0.0-8080-exec-4] FilterChainProxy - Securing GET /api/rule-engines/attribute/79
2026-10-06 09:12:22 INFO  [http-nio-0.0.0.0-8080-exec-7] JwtAuthenticationFilter - JWT AUTHENTICATION SUCCESS
2026-10-06 09:12:22 DEBUG [http-nio-0.0.0.0-8080-exec-7] FilterChainProxy - Secured GET /api/rule-engines/attribute/77
2026-10-06 09:12:22 INFO  [http-nio-0.0.0.0-8080-exec-6] JwtAuthenticationFilter - JWT AUTHENTICATION SUCCESS
2026-10-06 09:12:22 DEBUG [http-nio-0.0.0.0-8080-exec-6] FilterChainProxy - Secured GET /api/rule-engines/attribute/75
2026-10-06 09:12:22 INFO  [http-nio-0.0.0.0-8080-exec-4] JwtAuthenticationFilter - JWT AUTHENTICATION SUCCESS
2026-10-06 09:12:22 DEBUG [http-nio-0.0.0.0-8080-exec-4] FilterChainProxy - Secured GET /api/rule-engines/attribute/79
2026-10-06 09:12:28 DEBUG [http-nio-0.0.0.0-8080-exec-8] FilterChainProxy - Securing OPTIONS /api/exams/1/submit
2026-10-06 09:12:28 DEBUG [http-nio-0.0.0.0-8080-exec-11] FilterChainProxy - Securing POST /api/exams/1/submit
2026-10-06 09:12:28 INFO  [http-nio-0.0.0.0-8080-exec-11] JwtAuthenticationFilter - JWT AUTHENTICATION SUCCESS
2026-10-06 09:12:28 DEBUG [http-nio-0.0.0.0-8080-exec-11] FilterChainProxy - Secured POST /api/exams/1/submit
2026-10-06 09:12:29 DEBUG [http-nio-0.0.0.0-8080-exec-12] FilterChainProxy - Securing OPTIONS /api/notifications/mine?limit=12
2026-10-06 09:12:29 DEBUG [http-nio-0.0.0.0-8080-exec-1] FilterChainProxy - Securing OPTIONS /api/notifications/mine/unread-count
2026-10-06 09:12:29 DEBUG [http-nio-0.0.0.0-8080-exec-9] FilterChainProxy - Securing OPTIONS /api/course
2026-10-06 09:12:29 DEBUG [http-nio-0.0.0.0-8080-exec-5] FilterChainProxy - Securing OPTIONS /api/subjects
2026-10-06 09:12:29 DEBUG [http-nio-0.0.0.0-8080-exec-2] FilterChainProxy - Securing OPTIONS /api/topics
2026-10-06 09:12:29 DEBUG [http-nio-0.0.0.0-8080-exec-6] FilterChainProxy - Securing OPTIONS /api/chapter
2026-10-06 09:12:29 DEBUG [http-nio-0.0.0.0-8080-exec-4] FilterChainProxy - Securing GET /api/notifications/mine?limit=12
2026-10-06 09:12:29 DEBUG [http-nio-0.0.0.0-8080-exec-7] FilterChainProxy - Securing OPTIONS /api/questions
2026-10-06 09:12:29 DEBUG [http-nio-0.0.0.0-8080-exec-8] FilterChainProxy - Securing OPTIONS /api/exams
2026-10-06 09:12:29 DEBUG [http-nio-0.0.0.0-8080-exec-12] FilterChainProxy - Securing OPTIONS /api/exams/results/me
2026-10-06 09:12:29 DEBUG [http-nio-0.0.0.0-8080-exec-11] FilterChainProxy - Securing GET /api/notifications/mine/unread-count
2026-10-06 09:12:29 DEBUG [http-nio-0.0.0.0-8080-exec-8] FilterChainProxy - Securing GET /api/course
2026-10-06 09:12:29 INFO  [http-nio-0.0.0.0-8080-exec-4] JwtAuthenticationFilter - JWT AUTHENTICATION SUCCESS
2026-10-06 09:12:29 DEBUG [http-nio-0.0.0.0-8080-exec-12] FilterChainProxy - Securing GET /api/subjects
2026-10-06 09:12:29 DEBUG [http-nio-0.0.0.0-8080-exec-4] FilterChainProxy - Secured GET /api/notifications/mine?limit=12
2026-10-06 09:12:29 DEBUG [http-nio-0.0.0.0-8080-exec-1] FilterChainProxy - Securing OPTIONS /api/activity-sessions/resume
2026-10-06 09:12:29 DEBUG [http-nio-0.0.0.0-8080-exec-9] FilterChainProxy - Securing OPTIONS /api/notifications/mine?limit=12
2026-10-06 09:12:29 DEBUG [http-nio-0.0.0.0-8080-exec-9] FilterChainProxy - Securing GET /api/topics
2026-10-06 09:12:29 INFO  [http-nio-0.0.0.0-8080-exec-11] JwtAuthenticationFilter - JWT AUTHENTICATION SUCCESS
2026-10-06 09:12:29 DEBUG [http-nio-0.0.0.0-8080-exec-11] FilterChainProxy - Secured GET /api/notifications/mine/unread-count
2026-10-06 09:12:29 DEBUG [http-nio-0.0.0.0-8080-exec-4] FilterChainProxy - Securing OPTIONS /api/notifications/mine/unread-count
2026-10-06 09:12:29 DEBUG [http-nio-0.0.0.0-8080-exec-1] FilterChainProxy - Securing GET /api/chapter
2026-10-06 09:12:29 DEBUG [http-nio-0.0.0.0-8080-exec-5] FilterChainProxy - Securing OPTIONS /api/course
2026-10-06 09:12:29 INFO  [http-nio-0.0.0.0-8080-exec-8] JwtAuthenticationFilter - JWT AUTHENTICATION SUCCESS
2026-10-06 09:12:29 DEBUG [http-nio-0.0.0.0-8080-exec-8] FilterChainProxy - Secured GET /api/course
2026-10-06 09:12:29 INFO  [http-nio-0.0.0.0-8080-exec-8] CourseController - Received request to fetch all courses.
2026-10-06 09:12:29 INFO  [http-nio-0.0.0.0-8080-exec-8] CourseService - Fetching all courses.
2026-10-06 09:12:29 INFO  [http-nio-0.0.0.0-8080-exec-12] JwtAuthenticationFilter - JWT AUTHENTICATION SUCCESS
2026-10-06 09:12:29 INFO  [http-nio-0.0.0.0-8080-exec-9] JwtAuthenticationFilter - JWT AUTHENTICATION SUCCESS
2026-10-06 09:12:29 DEBUG [http-nio-0.0.0.0-8080-exec-12] FilterChainProxy - Secured GET /api/subjects
2026-10-06 09:12:29 DEBUG [http-nio-0.0.0.0-8080-exec-9] FilterChainProxy - Secured GET /api/topics
2026-10-06 09:12:29 INFO  [http-nio-0.0.0.0-8080-exec-1] JwtAuthenticationFilter - JWT AUTHENTICATION SUCCESS
2026-10-06 09:12:29 DEBUG [http-nio-0.0.0.0-8080-exec-1] FilterChainProxy - Secured GET /api/chapter
2026-10-06 09:12:29 INFO  [http-nio-0.0.0.0-8080-exec-1] ChapterController - Received request to fetch all chapters.
2026-10-06 09:12:29 INFO  [http-nio-0.0.0.0-8080-exec-1] ChapterService - Fetching all chapters.
2026-10-06 09:12:29 INFO  [http-nio-0.0.0.0-8080-exec-8] CourseService - Fetched 1 courses.
2026-10-06 09:12:29 INFO  [http-nio-0.0.0.0-8080-exec-8] CourseController - Fetched 1 courses successfully.
2026-10-06 09:12:29 INFO  [http-nio-0.0.0.0-8080-exec-1] ChapterService - Fetched 6 chapters.
2026-10-06 09:12:29 INFO  [http-nio-0.0.0.0-8080-exec-1] ChapterController - Fetched 6 chapters successfully.
2026-10-06 09:12:29 DEBUG [http-nio-0.0.0.0-8080-exec-2] FilterChainProxy - Securing OPTIONS /api/subjects
2026-10-06 09:12:29 DEBUG [http-nio-0.0.0.0-8080-exec-6] FilterChainProxy - Securing OPTIONS /api/chapter
2026-10-06 09:12:29 DEBUG [http-nio-0.0.0.0-8080-exec-7] FilterChainProxy - Securing OPTIONS /api/topics
2026-10-06 09:12:29 DEBUG [http-nio-0.0.0.0-8080-exec-4] FilterChainProxy - Securing OPTIONS /api/questions
2026-10-06 09:12:29 DEBUG [http-nio-0.0.0.0-8080-exec-5] FilterChainProxy - Securing OPTIONS /api/exams
2026-10-06 09:12:29 DEBUG [http-nio-0.0.0.0-8080-exec-11] FilterChainProxy - Securing OPTIONS /api/exams/results/me
2026-10-06 09:12:29 DEBUG [http-nio-0.0.0.0-8080-exec-12] FilterChainProxy - Securing GET /api/questions
2026-10-06 09:12:29 INFO  [http-nio-0.0.0.0-8080-exec-12] JwtAuthenticationFilter - JWT AUTHENTICATION SUCCESS
2026-10-06 09:12:29 DEBUG [http-nio-0.0.0.0-8080-exec-12] FilterChainProxy - Secured GET /api/questions
2026-10-06 09:12:29 DEBUG [http-nio-0.0.0.0-8080-exec-2] FilterChainProxy - Securing POST /api/activity-sessions/resume
2026-10-06 09:12:29 DEBUG [http-nio-0.0.0.0-8080-exec-1] FilterChainProxy - Securing GET /api/exams/results/me
2026-10-06 09:12:29 DEBUG [http-nio-0.0.0.0-8080-exec-6] FilterChainProxy - Securing GET /api/notifications/mine/unread-count
2026-10-06 09:12:29 DEBUG [http-nio-0.0.0.0-8080-exec-9] FilterChainProxy - Securing GET /api/notifications/mine?limit=12
2026-10-06 09:12:29 DEBUG [http-nio-0.0.0.0-8080-exec-8] FilterChainProxy - Securing GET /api/exams
2026-10-06 09:12:29 INFO  [http-nio-0.0.0.0-8080-exec-1] JwtAuthenticationFilter - JWT AUTHENTICATION SUCCESS
2026-10-06 09:12:29 INFO  [http-nio-0.0.0.0-8080-exec-8] JwtAuthenticationFilter - JWT AUTHENTICATION SUCCESS
2026-10-06 09:12:29 DEBUG [http-nio-0.0.0.0-8080-exec-1] FilterChainProxy - Secured GET /api/exams/results/me
2026-10-06 09:12:29 DEBUG [http-nio-0.0.0.0-8080-exec-8] FilterChainProxy - Secured GET /api/exams
2026-10-06 09:12:29 INFO  [http-nio-0.0.0.0-8080-exec-6] JwtAuthenticationFilter - JWT AUTHENTICATION SUCCESS
2026-10-06 09:12:29 INFO  [http-nio-0.0.0.0-8080-exec-2] JwtAuthenticationFilter - JWT AUTHENTICATION SUCCESS
2026-10-06 09:12:29 INFO  [http-nio-0.0.0.0-8080-exec-9] JwtAuthenticationFilter - JWT AUTHENTICATION SUCCESS
2026-10-06 09:12:29 DEBUG [http-nio-0.0.0.0-8080-exec-6] FilterChainProxy - Secured GET /api/notifications/mine/unread-count
2026-10-06 09:12:29 DEBUG [http-nio-0.0.0.0-8080-exec-2] FilterChainProxy - Secured POST /api/activity-sessions/resume
2026-10-06 09:12:29 DEBUG [http-nio-0.0.0.0-8080-exec-9] FilterChainProxy - Secured GET /api/notifications/mine?limit=12
2026-10-06 09:12:29 DEBUG [http-nio-0.0.0.0-8080-exec-4] FilterChainProxy - Securing GET /api/course
2026-10-06 09:12:29 DEBUG [http-nio-0.0.0.0-8080-exec-7] FilterChainProxy - Securing GET /api/topics
2026-10-06 09:12:29 DEBUG [http-nio-0.0.0.0-8080-exec-5] FilterChainProxy - Securing GET /api/exams
2026-10-06 09:12:29 DEBUG [http-nio-0.0.0.0-8080-exec-11] FilterChainProxy - Securing GET /api/chapter
2026-10-06 09:12:29 DEBUG [http-nio-0.0.0.0-8080-exec-6] FilterChainProxy - Securing GET /api/subjects
2026-10-06 09:12:29 INFO  [http-nio-0.0.0.0-8080-exec-4] JwtAuthenticationFilter - JWT AUTHENTICATION SUCCESS
2026-10-06 09:12:29 DEBUG [http-nio-0.0.0.0-8080-exec-4] FilterChainProxy - Secured GET /api/course
2026-10-06 09:12:29 INFO  [http-nio-0.0.0.0-8080-exec-4] CourseController - Received request to fetch all courses.
2026-10-06 09:12:29 INFO  [http-nio-0.0.0.0-8080-exec-4] CourseService - Fetching all courses.
2026-10-06 09:12:29 INFO  [http-nio-0.0.0.0-8080-exec-7] JwtAuthenticationFilter - JWT AUTHENTICATION SUCCESS
2026-10-06 09:12:29 INFO  [http-nio-0.0.0.0-8080-exec-6] JwtAuthenticationFilter - JWT AUTHENTICATION SUCCESS
2026-10-06 09:12:29 DEBUG [http-nio-0.0.0.0-8080-exec-7] FilterChainProxy - Secured GET /api/topics
2026-10-06 09:12:29 INFO  [http-nio-0.0.0.0-8080-exec-5] JwtAuthenticationFilter - JWT AUTHENTICATION SUCCESS
2026-10-06 09:12:29 INFO  [http-nio-0.0.0.0-8080-exec-11] JwtAuthenticationFilter - JWT AUTHENTICATION SUCCESS
2026-10-06 09:12:29 DEBUG [http-nio-0.0.0.0-8080-exec-11] FilterChainProxy - Secured GET /api/chapter
2026-10-06 09:12:29 DEBUG [http-nio-0.0.0.0-8080-exec-5] FilterChainProxy - Secured GET /api/exams
2026-10-06 09:12:29 DEBUG [http-nio-0.0.0.0-8080-exec-6] FilterChainProxy - Secured GET /api/subjects
2026-10-06 09:12:29 INFO  [http-nio-0.0.0.0-8080-exec-11] ChapterController - Received request to fetch all chapters.
2026-10-06 09:12:29 INFO  [http-nio-0.0.0.0-8080-exec-11] ChapterService - Fetching all chapters.
2026-10-06 09:12:29 INFO  [http-nio-0.0.0.0-8080-exec-4] CourseService - Fetched 1 courses.
2026-10-06 09:12:29 INFO  [http-nio-0.0.0.0-8080-exec-4] CourseController - Fetched 1 courses successfully.
2026-10-06 09:12:29 INFO  [http-nio-0.0.0.0-8080-exec-11] ChapterService - Fetched 6 chapters.
2026-10-06 09:12:29 INFO  [http-nio-0.0.0.0-8080-exec-11] ChapterController - Fetched 6 chapters successfully.
2026-10-06 09:12:29 DEBUG [http-nio-0.0.0.0-8080-exec-8] FilterChainProxy - Securing GET /api/exams/results/me
2026-10-06 09:12:29 INFO  [http-nio-0.0.0.0-8080-exec-8] JwtAuthenticationFilter - JWT AUTHENTICATION SUCCESS
2026-10-06 09:12:29 DEBUG [http-nio-0.0.0.0-8080-exec-8] FilterChainProxy - Secured GET /api/exams/results/me
2026-10-06 09:12:30 DEBUG [http-nio-0.0.0.0-8080-exec-9] FilterChainProxy - Securing GET /api/questions
2026-10-06 09:12:30 INFO  [http-nio-0.0.0.0-8080-exec-9] JwtAuthenticationFilter - JWT AUTHENTICATION SUCCESS
2026-10-06 09:12:30 DEBUG [http-nio-0.0.0.0-8080-exec-9] FilterChainProxy - Secured GET /api/questions
2026-10-06 09:12:32 DEBUG [http-nio-0.0.0.0-8080-exec-1] FilterChainProxy - Securing OPTIONS /api/activity-sessions/close
2026-10-06 09:12:32 DEBUG [http-nio-0.0.0.0-8080-exec-2] FilterChainProxy - Securing POST /api/activity-sessions/close
2026-10-06 09:12:32 INFO  [http-nio-0.0.0.0-8080-exec-2] JwtAuthenticationFilter - JWT AUTHENTICATION SUCCESS
2026-10-06 09:12:32 DEBUG [http-nio-0.0.0.0-8080-exec-2] FilterChainProxy - Secured POST /api/activity-sessions/close
2026-10-06 09:12:36 DEBUG [http-nio-0.0.0.0-8080-exec-4] FilterChainProxy - Securing OPTIONS /api/auth/login
2026-10-06 09:12:36 DEBUG [http-nio-0.0.0.0-8080-exec-6] FilterChainProxy - Securing POST /api/auth/login
2026-10-06 09:12:36 DEBUG [http-nio-0.0.0.0-8080-exec-6] AnonymousAuthenticationFilter - Set SecurityContextHolder to anonymous SecurityContext
2026-10-06 09:12:36 DEBUG [http-nio-0.0.0.0-8080-exec-6] FilterChainProxy - Secured POST /api/auth/login
2026-10-06 09:12:36 DEBUG [http-nio-0.0.0.0-8080-exec-6] DaoAuthenticationProvider - Authenticated user
2026-10-06 09:12:36 DEBUG [http-nio-0.0.0.0-8080-exec-5] FilterChainProxy - Securing OPTIONS /api/notifications/mine?limit=12
2026-10-06 09:12:36 DEBUG [http-nio-0.0.0.0-8080-exec-11] FilterChainProxy - Securing OPTIONS /api/notifications/mine/unread-count
2026-10-06 09:12:36 DEBUG [http-nio-0.0.0.0-8080-exec-7] FilterChainProxy - Securing GET /api/notifications/mine?limit=12
2026-10-06 09:12:36 INFO  [http-nio-0.0.0.0-8080-exec-7] JwtAuthenticationFilter - JWT AUTHENTICATION SUCCESS
2026-10-06 09:12:36 DEBUG [http-nio-0.0.0.0-8080-exec-8] FilterChainProxy - Securing OPTIONS /api/course
2026-10-06 09:12:37 DEBUG [http-nio-0.0.0.0-8080-exec-7] FilterChainProxy - Secured GET /api/notifications/mine?limit=12
2026-10-06 09:12:37 DEBUG [http-nio-0.0.0.0-8080-exec-9] FilterChainProxy - Securing OPTIONS /api/subjects
2026-10-06 09:12:37 DEBUG [http-nio-0.0.0.0-8080-exec-12] FilterChainProxy - Securing GET /api/notifications/mine/unread-count
2026-10-06 09:12:37 DEBUG [http-nio-0.0.0.0-8080-exec-1] FilterChainProxy - Securing OPTIONS /api/chapter
2026-10-06 09:12:37 DEBUG [http-nio-0.0.0.0-8080-exec-2] FilterChainProxy - Securing OPTIONS /api/topics
2026-10-06 09:12:37 DEBUG [http-nio-0.0.0.0-8080-exec-4] FilterChainProxy - Securing OPTIONS /api/questions
2026-10-06 09:12:37 INFO  [http-nio-0.0.0.0-8080-exec-12] JwtAuthenticationFilter - JWT AUTHENTICATION SUCCESS
2026-10-06 09:12:37 DEBUG [http-nio-0.0.0.0-8080-exec-12] FilterChainProxy - Secured GET /api/notifications/mine/unread-count
2026-10-06 09:12:37 DEBUG [http-nio-0.0.0.0-8080-exec-6] FilterChainProxy - Securing OPTIONS /api/college
2026-10-06 09:12:37 DEBUG [http-nio-0.0.0.0-8080-exec-5] FilterChainProxy - Securing GET /api/notifications/mine?limit=12
2026-10-06 09:12:37 DEBUG [http-nio-0.0.0.0-8080-exec-8] FilterChainProxy - Securing OPTIONS /api/branch
2026-10-06 09:12:37 DEBUG [http-nio-0.0.0.0-8080-exec-11] FilterChainProxy - Securing GET /api/notifications/mine/unread-count
2026-10-06 09:12:37 INFO  [http-nio-0.0.0.0-8080-exec-5] JwtAuthenticationFilter - JWT AUTHENTICATION SUCCESS
2026-10-06 09:12:37 DEBUG [http-nio-0.0.0.0-8080-exec-9] FilterChainProxy - Securing GET /api/course
2026-10-06 09:12:37 DEBUG [http-nio-0.0.0.0-8080-exec-5] FilterChainProxy - Secured GET /api/notifications/mine?limit=12
2026-10-06 09:12:37 INFO  [http-nio-0.0.0.0-8080-exec-11] JwtAuthenticationFilter - JWT AUTHENTICATION SUCCESS
2026-10-06 09:12:37 INFO  [http-nio-0.0.0.0-8080-exec-9] JwtAuthenticationFilter - JWT AUTHENTICATION SUCCESS
2026-10-06 09:12:37 DEBUG [http-nio-0.0.0.0-8080-exec-9] FilterChainProxy - Secured GET /api/course
2026-10-06 09:12:37 DEBUG [http-nio-0.0.0.0-8080-exec-1] FilterChainProxy - Securing OPTIONS /api/section
2026-10-06 09:12:37 DEBUG [http-nio-0.0.0.0-8080-exec-11] FilterChainProxy - Secured GET /api/notifications/mine/unread-count
2026-10-06 09:12:37 DEBUG [http-nio-0.0.0.0-8080-exec-5] FilterChainProxy - Securing OPTIONS /api/exams
2026-10-06 09:12:37 INFO  [http-nio-0.0.0.0-8080-exec-9] CourseController - Received request to fetch all courses.
2026-10-06 09:12:37 INFO  [http-nio-0.0.0.0-8080-exec-9] CourseService - Fetching all courses.
2026-10-06 09:12:37 DEBUG [http-nio-0.0.0.0-8080-exec-7] FilterChainProxy - Securing GET /api/subjects
2026-10-06 09:12:37 DEBUG [http-nio-0.0.0.0-8080-exec-2] FilterChainProxy - Securing OPTIONS /api/dashboard
2026-10-06 09:12:37 DEBUG [http-nio-0.0.0.0-8080-exec-2] FilterChainProxy - Securing OPTIONS /api/activity-sessions
2026-10-06 09:12:37 INFO  [http-nio-0.0.0.0-8080-exec-7] JwtAuthenticationFilter - JWT AUTHENTICATION SUCCESS
2026-10-06 09:12:37 DEBUG [http-nio-0.0.0.0-8080-exec-7] FilterChainProxy - Secured GET /api/subjects
2026-10-06 09:12:37 INFO  [http-nio-0.0.0.0-8080-exec-9] CourseService - Fetched 1 courses.
2026-10-06 09:12:37 INFO  [http-nio-0.0.0.0-8080-exec-9] CourseController - Fetched 1 courses successfully.
2026-10-06 09:12:37 DEBUG [http-nio-0.0.0.0-8080-exec-12] FilterChainProxy - Securing OPTIONS /api/course
2026-10-06 09:12:37 DEBUG [http-nio-0.0.0.0-8080-exec-8] FilterChainProxy - Securing GET /api/chapter
2026-10-06 09:12:37 INFO  [http-nio-0.0.0.0-8080-exec-8] JwtAuthenticationFilter - JWT AUTHENTICATION SUCCESS
2026-10-06 09:12:37 DEBUG [http-nio-0.0.0.0-8080-exec-8] FilterChainProxy - Secured GET /api/chapter
2026-10-06 09:12:37 INFO  [http-nio-0.0.0.0-8080-exec-8] ChapterController - Received request to fetch all chapters.
2026-10-06 09:12:37 INFO  [http-nio-0.0.0.0-8080-exec-8] ChapterService - Fetching all chapters.
2026-10-06 09:12:37 DEBUG [http-nio-0.0.0.0-8080-exec-1] FilterChainProxy - Securing OPTIONS /api/subjects
2026-10-06 09:12:37 INFO  [http-nio-0.0.0.0-8080-exec-8] ChapterService - Fetched 6 chapters.
2026-10-06 09:12:37 INFO  [http-nio-0.0.0.0-8080-exec-8] ChapterController - Fetched 6 chapters successfully.
2026-10-06 09:12:37 DEBUG [http-nio-0.0.0.0-8080-exec-5] FilterChainProxy - Securing GET /api/topics
2026-10-06 09:12:37 DEBUG [http-nio-0.0.0.0-8080-exec-2] FilterChainProxy - Securing OPTIONS /api/chapter
2026-10-06 09:12:37 DEBUG [http-nio-0.0.0.0-8080-exec-4] FilterChainProxy - Securing OPTIONS /api/topics
2026-10-06 09:12:37 DEBUG [http-nio-0.0.0.0-8080-exec-6] FilterChainProxy - Securing OPTIONS /api/questions
2026-10-06 09:12:37 INFO  [http-nio-0.0.0.0-8080-exec-5] JwtAuthenticationFilter - JWT AUTHENTICATION SUCCESS
2026-10-06 09:12:37 DEBUG [http-nio-0.0.0.0-8080-exec-5] FilterChainProxy - Secured GET /api/topics
2026-10-06 09:12:37 DEBUG [http-nio-0.0.0.0-8080-exec-11] FilterChainProxy - Securing OPTIONS /api/college
2026-10-06 09:12:37 DEBUG [http-nio-0.0.0.0-8080-exec-9] FilterChainProxy - Securing GET /api/questions
2026-10-06 09:12:37 DEBUG [http-nio-0.0.0.0-8080-exec-7] FilterChainProxy - Securing OPTIONS /api/branch
2026-10-06 09:12:37 INFO  [http-nio-0.0.0.0-8080-exec-9] JwtAuthenticationFilter - JWT AUTHENTICATION SUCCESS
2026-10-06 09:12:37 DEBUG [http-nio-0.0.0.0-8080-exec-9] FilterChainProxy - Secured GET /api/questions
2026-10-06 09:12:37 DEBUG [http-nio-0.0.0.0-8080-exec-12] FilterChainProxy - Securing GET /api/college
2026-10-06 09:12:37 DEBUG [http-nio-0.0.0.0-8080-exec-1] FilterChainProxy - Securing OPTIONS /api/section
2026-10-06 09:12:37 DEBUG [http-nio-0.0.0.0-8080-exec-2] FilterChainProxy - Securing GET /api/section
2026-10-06 09:12:37 DEBUG [http-nio-0.0.0.0-8080-exec-8] FilterChainProxy - Securing GET /api/branch
2026-10-06 09:12:37 DEBUG [http-nio-0.0.0.0-8080-exec-4] FilterChainProxy - Securing OPTIONS /api/exams
2026-10-06 09:12:37 INFO  [http-nio-0.0.0.0-8080-exec-12] JwtAuthenticationFilter - JWT AUTHENTICATION SUCCESS
2026-10-06 09:12:37 INFO  [http-nio-0.0.0.0-8080-exec-2] JwtAuthenticationFilter - JWT AUTHENTICATION SUCCESS
2026-10-06 09:12:37 INFO  [http-nio-0.0.0.0-8080-exec-8] JwtAuthenticationFilter - JWT AUTHENTICATION SUCCESS
2026-10-06 09:12:37 DEBUG [http-nio-0.0.0.0-8080-exec-12] FilterChainProxy - Secured GET /api/college
2026-10-06 09:12:37 DEBUG [http-nio-0.0.0.0-8080-exec-8] FilterChainProxy - Secured GET /api/branch
2026-10-06 09:12:37 DEBUG [http-nio-0.0.0.0-8080-exec-2] FilterChainProxy - Secured GET /api/section
2026-10-06 09:12:37 INFO  [http-nio-0.0.0.0-8080-exec-2] SectionController - Received request to fetch all sections.
2026-10-06 09:12:37 INFO  [http-nio-0.0.0.0-8080-exec-8] BranchController - Received request to fetch all branches.
2026-10-06 09:12:37 INFO  [http-nio-0.0.0.0-8080-exec-12] CollegeController - Received request to fetch all colleges.
2026-10-06 09:12:37 INFO  [http-nio-0.0.0.0-8080-exec-2] SectionService - Fetching all sections.
2026-10-06 09:12:37 INFO  [http-nio-0.0.0.0-8080-exec-8] BranchService - Fetching all branches.
2026-10-06 09:12:37 INFO  [http-nio-0.0.0.0-8080-exec-12] CollegeService - Fetching all colleges.
2026-10-06 09:12:37 DEBUG [http-nio-0.0.0.0-8080-exec-6] FilterChainProxy - Securing OPTIONS /api/dashboard
2026-10-06 09:12:37 INFO  [http-nio-0.0.0.0-8080-exec-12] CollegeService - Fetched 1 colleges.
2026-10-06 09:12:37 INFO  [http-nio-0.0.0.0-8080-exec-12] CollegeController - Fetched 1 colleges successfully.
2026-10-06 09:12:37 DEBUG [http-nio-0.0.0.0-8080-exec-11] FilterChainProxy - Securing GET /api/exams
2026-10-06 09:12:37 INFO  [http-nio-0.0.0.0-8080-exec-8] BranchService - Fetched 3 branches.
2026-10-06 09:12:37 INFO  [http-nio-0.0.0.0-8080-exec-8] BranchController - Fetched 3 branches successfully.
2026-10-06 09:12:37 INFO  [http-nio-0.0.0.0-8080-exec-2] SectionService - Fetched 1 sections.
2026-10-06 09:12:37 INFO  [http-nio-0.0.0.0-8080-exec-2] SectionController - Fetched 1 sections successfully.
2026-10-06 09:12:37 INFO  [http-nio-0.0.0.0-8080-exec-11] JwtAuthenticationFilter - JWT AUTHENTICATION SUCCESS
2026-10-06 09:12:37 DEBUG [http-nio-0.0.0.0-8080-exec-11] FilterChainProxy - Secured GET /api/exams
2026-10-06 09:12:37 DEBUG [http-nio-0.0.0.0-8080-exec-5] FilterChainProxy - Securing GET /api/dashboard
2026-10-06 09:12:37 DEBUG [http-nio-0.0.0.0-8080-exec-1] FilterChainProxy - Securing GET /api/course
2026-10-06 09:12:37 DEBUG [http-nio-0.0.0.0-8080-exec-4] FilterChainProxy - Securing GET /api/subjects
2026-10-06 09:12:37 DEBUG [http-nio-0.0.0.0-8080-exec-7] FilterChainProxy - Securing POST /api/activity-sessions
2026-10-06 09:12:37 INFO  [http-nio-0.0.0.0-8080-exec-5] JwtAuthenticationFilter - JWT AUTHENTICATION SUCCESS
2026-10-06 09:12:37 DEBUG [http-nio-0.0.0.0-8080-exec-5] FilterChainProxy - Secured GET /api/dashboard
2026-10-06 09:12:37 INFO  [http-nio-0.0.0.0-8080-exec-5] DashboardController - Received request to fetch dashboard details.
2026-10-06 09:12:37 INFO  [http-nio-0.0.0.0-8080-exec-5] DashboardService - Fetching dashboard details.
2026-10-06 09:12:37 INFO  [http-nio-0.0.0.0-8080-exec-1] JwtAuthenticationFilter - JWT AUTHENTICATION SUCCESS
2026-10-06 09:12:37 DEBUG [http-nio-0.0.0.0-8080-exec-1] FilterChainProxy - Secured GET /api/course
2026-10-06 09:12:37 INFO  [http-nio-0.0.0.0-8080-exec-1] CourseController - Received request to fetch all courses.
2026-10-06 09:12:37 INFO  [http-nio-0.0.0.0-8080-exec-1] CourseService - Fetching all courses.
2026-10-06 09:12:37 INFO  [http-nio-0.0.0.0-8080-exec-7] JwtAuthenticationFilter - JWT AUTHENTICATION SUCCESS
2026-10-06 09:12:37 INFO  [http-nio-0.0.0.0-8080-exec-4] JwtAuthenticationFilter - JWT AUTHENTICATION SUCCESS
2026-10-06 09:12:37 DEBUG [http-nio-0.0.0.0-8080-exec-4] FilterChainProxy - Secured GET /api/subjects
2026-10-06 09:12:37 DEBUG [http-nio-0.0.0.0-8080-exec-7] FilterChainProxy - Secured POST /api/activity-sessions
2026-10-06 09:12:37 INFO  [http-nio-0.0.0.0-8080-exec-1] CourseService - Fetched 1 courses.
2026-10-06 09:12:37 INFO  [http-nio-0.0.0.0-8080-exec-1] CourseController - Fetched 1 courses successfully.
2026-10-06 09:12:37 DEBUG [http-nio-0.0.0.0-8080-exec-6] FilterChainProxy - Securing GET /api/chapter
2026-10-06 09:12:37 INFO  [http-nio-0.0.0.0-8080-exec-5] DashboardService - Dashboard details fetched successfully.
2026-10-06 09:12:37 INFO  [http-nio-0.0.0.0-8080-exec-5] DashboardController - Dashboard details fetched successfully.
2026-10-06 09:12:37 INFO  [http-nio-0.0.0.0-8080-exec-6] JwtAuthenticationFilter - JWT AUTHENTICATION SUCCESS
2026-10-06 09:12:37 DEBUG [http-nio-0.0.0.0-8080-exec-6] FilterChainProxy - Secured GET /api/chapter
2026-10-06 09:12:37 INFO  [http-nio-0.0.0.0-8080-exec-6] ChapterController - Received request to fetch all chapters.
2026-10-06 09:12:37 INFO  [http-nio-0.0.0.0-8080-exec-6] ChapterService - Fetching all chapters.
2026-10-06 09:12:37 INFO  [http-nio-0.0.0.0-8080-exec-6] ChapterService - Fetched 6 chapters.
2026-10-06 09:12:37 INFO  [http-nio-0.0.0.0-8080-exec-6] ChapterController - Fetched 6 chapters successfully.
2026-10-06 09:12:37 DEBUG [http-nio-0.0.0.0-8080-exec-2] FilterChainProxy - Securing GET /api/topics
2026-10-06 09:12:37 DEBUG [http-nio-0.0.0.0-8080-exec-8] FilterChainProxy - Securing GET /api/section
2026-10-06 09:12:37 DEBUG [http-nio-0.0.0.0-8080-exec-11] FilterChainProxy - Securing GET /api/college
2026-10-06 09:12:37 DEBUG [http-nio-0.0.0.0-8080-exec-12] FilterChainProxy - Securing GET /api/branch
2026-10-06 09:12:37 INFO  [http-nio-0.0.0.0-8080-exec-2] JwtAuthenticationFilter - JWT AUTHENTICATION SUCCESS
2026-10-06 09:12:37 INFO  [http-nio-0.0.0.0-8080-exec-12] JwtAuthenticationFilter - JWT AUTHENTICATION SUCCESS
2026-10-06 09:12:37 INFO  [http-nio-0.0.0.0-8080-exec-11] JwtAuthenticationFilter - JWT AUTHENTICATION SUCCESS
2026-10-06 09:12:37 DEBUG [http-nio-0.0.0.0-8080-exec-2] FilterChainProxy - Secured GET /api/topics
2026-10-06 09:12:37 DEBUG [http-nio-0.0.0.0-8080-exec-11] FilterChainProxy - Secured GET /api/college
2026-10-06 09:12:37 DEBUG [http-nio-0.0.0.0-8080-exec-1] FilterChainProxy - Securing GET /api/exams
2026-10-06 09:12:37 INFO  [http-nio-0.0.0.0-8080-exec-8] JwtAuthenticationFilter - JWT AUTHENTICATION SUCCESS
2026-10-06 09:12:37 DEBUG [http-nio-0.0.0.0-8080-exec-12] FilterChainProxy - Secured GET /api/branch
2026-10-06 09:12:37 INFO  [http-nio-0.0.0.0-8080-exec-11] CollegeController - Received request to fetch all colleges.
2026-10-06 09:12:37 INFO  [http-nio-0.0.0.0-8080-exec-12] BranchController - Received request to fetch all branches.
2026-10-06 09:12:37 INFO  [http-nio-0.0.0.0-8080-exec-12] BranchService - Fetching all branches.
2026-10-06 09:12:37 INFO  [http-nio-0.0.0.0-8080-exec-11] CollegeService - Fetching all colleges.
2026-10-06 09:12:37 DEBUG [http-nio-0.0.0.0-8080-exec-8] FilterChainProxy - Secured GET /api/section
2026-10-06 09:12:37 INFO  [http-nio-0.0.0.0-8080-exec-8] SectionController - Received request to fetch all sections.
2026-10-06 09:12:37 INFO  [http-nio-0.0.0.0-8080-exec-8] SectionService - Fetching all sections.
2026-10-06 09:12:37 INFO  [http-nio-0.0.0.0-8080-exec-1] JwtAuthenticationFilter - JWT AUTHENTICATION SUCCESS
2026-10-06 09:12:37 DEBUG [http-nio-0.0.0.0-8080-exec-1] FilterChainProxy - Secured GET /api/exams
2026-10-06 09:12:37 INFO  [http-nio-0.0.0.0-8080-exec-11] CollegeService - Fetched 1 colleges.
2026-10-06 09:12:37 INFO  [http-nio-0.0.0.0-8080-exec-12] BranchService - Fetched 3 branches.
2026-10-06 09:12:37 INFO  [http-nio-0.0.0.0-8080-exec-11] CollegeController - Fetched 1 colleges successfully.
2026-10-06 09:12:37 INFO  [http-nio-0.0.0.0-8080-exec-12] BranchController - Fetched 3 branches successfully.
2026-10-06 09:12:37 INFO  [http-nio-0.0.0.0-8080-exec-8] SectionService - Fetched 1 sections.
2026-10-06 09:12:37 INFO  [http-nio-0.0.0.0-8080-exec-8] SectionController - Fetched 1 sections successfully.
2026-10-06 09:12:37 DEBUG [http-nio-0.0.0.0-8080-exec-4] FilterChainProxy - Securing GET /api/dashboard
2026-10-06 09:12:37 INFO  [http-nio-0.0.0.0-8080-exec-4] JwtAuthenticationFilter - JWT AUTHENTICATION SUCCESS
2026-10-06 09:12:37 DEBUG [http-nio-0.0.0.0-8080-exec-4] FilterChainProxy - Secured GET /api/dashboard
2026-10-06 09:12:37 INFO  [http-nio-0.0.0.0-8080-exec-4] DashboardController - Received request to fetch dashboard details.
2026-10-06 09:12:37 INFO  [http-nio-0.0.0.0-8080-exec-4] DashboardService - Fetching dashboard details.
2026-10-06 09:12:37 INFO  [http-nio-0.0.0.0-8080-exec-4] DashboardService - Dashboard details fetched successfully.
2026-10-06 09:12:37 INFO  [http-nio-0.0.0.0-8080-exec-4] DashboardController - Dashboard details fetched successfully.
2026-10-06 09:12:37 DEBUG [http-nio-0.0.0.0-8080-exec-5] FilterChainProxy - Securing GET /api/questions
2026-10-06 09:12:37 INFO  [http-nio-0.0.0.0-8080-exec-5] JwtAuthenticationFilter - JWT AUTHENTICATION SUCCESS
2026-10-06 09:12:37 DEBUG [http-nio-0.0.0.0-8080-exec-5] FilterChainProxy - Secured GET /api/questions
2026-10-06 09:12:39 DEBUG [http-nio-0.0.0.0-8080-exec-7] FilterChainProxy - Securing GET /api/college
2026-10-06 09:12:39 DEBUG [http-nio-0.0.0.0-8080-exec-6] FilterChainProxy - Securing GET /api/branch
2026-10-06 09:12:39 INFO  [http-nio-0.0.0.0-8080-exec-7] JwtAuthenticationFilter - JWT AUTHENTICATION SUCCESS
2026-10-06 09:12:39 DEBUG [http-nio-0.0.0.0-8080-exec-7] FilterChainProxy - Secured GET /api/college
2026-10-06 09:12:39 DEBUG [http-nio-0.0.0.0-8080-exec-11] FilterChainProxy - Securing GET /api/course
2026-10-06 09:12:39 INFO  [http-nio-0.0.0.0-8080-exec-7] CollegeController - Received request to fetch all colleges.
2026-10-06 09:12:39 INFO  [http-nio-0.0.0.0-8080-exec-7] CollegeService - Fetching all colleges.
2026-10-06 09:12:39 INFO  [http-nio-0.0.0.0-8080-exec-7] CollegeService - Fetched 1 colleges.
2026-10-06 09:12:39 INFO  [http-nio-0.0.0.0-8080-exec-7] CollegeController - Fetched 1 colleges successfully.
2026-10-06 09:12:39 INFO  [http-nio-0.0.0.0-8080-exec-6] JwtAuthenticationFilter - JWT AUTHENTICATION SUCCESS
2026-10-06 09:12:39 INFO  [http-nio-0.0.0.0-8080-exec-11] JwtAuthenticationFilter - JWT AUTHENTICATION SUCCESS
2026-10-06 09:12:39 DEBUG [http-nio-0.0.0.0-8080-exec-6] FilterChainProxy - Secured GET /api/branch
2026-10-06 09:12:39 DEBUG [http-nio-0.0.0.0-8080-exec-12] FilterChainProxy - Securing GET /api/section
2026-10-06 09:12:39 DEBUG [http-nio-0.0.0.0-8080-exec-11] FilterChainProxy - Secured GET /api/course
2026-10-06 09:12:39 INFO  [http-nio-0.0.0.0-8080-exec-6] BranchController - Received request to fetch all branches.
2026-10-06 09:12:39 INFO  [http-nio-0.0.0.0-8080-exec-6] BranchService - Fetching all branches.
2026-10-06 09:12:39 DEBUG [http-nio-0.0.0.0-8080-exec-8] FilterChainProxy - Securing GET /api/exams
2026-10-06 09:12:39 INFO  [http-nio-0.0.0.0-8080-exec-11] CourseController - Received request to fetch all courses.
2026-10-06 09:12:39 INFO  [http-nio-0.0.0.0-8080-exec-11] CourseService - Fetching all courses.
2026-10-06 09:12:39 INFO  [http-nio-0.0.0.0-8080-exec-6] BranchService - Fetched 3 branches.
2026-10-06 09:12:39 INFO  [http-nio-0.0.0.0-8080-exec-6] BranchController - Fetched 3 branches successfully.
2026-10-06 09:12:39 INFO  [http-nio-0.0.0.0-8080-exec-12] JwtAuthenticationFilter - JWT AUTHENTICATION SUCCESS
2026-10-06 09:12:39 INFO  [http-nio-0.0.0.0-8080-exec-11] CourseService - Fetched 1 courses.
2026-10-06 09:12:39 INFO  [http-nio-0.0.0.0-8080-exec-8] JwtAuthenticationFilter - JWT AUTHENTICATION SUCCESS
2026-10-06 09:12:39 DEBUG [http-nio-0.0.0.0-8080-exec-12] FilterChainProxy - Secured GET /api/section
2026-10-06 09:12:39 INFO  [http-nio-0.0.0.0-8080-exec-11] CourseController - Fetched 1 courses successfully.
2026-10-06 09:12:39 DEBUG [http-nio-0.0.0.0-8080-exec-2] FilterChainProxy - Securing OPTIONS /api/users/students_Guest
2026-10-06 09:12:39 DEBUG [http-nio-0.0.0.0-8080-exec-8] FilterChainProxy - Secured GET /api/exams
2026-10-06 09:12:39 INFO  [http-nio-0.0.0.0-8080-exec-12] SectionController - Received request to fetch all sections.
2026-10-06 09:12:39 INFO  [http-nio-0.0.0.0-8080-exec-12] SectionService - Fetching all sections.
2026-10-06 09:12:39 DEBUG [http-nio-0.0.0.0-8080-exec-1] FilterChainProxy - Securing OPTIONS /api/performance/super-admin
2026-10-06 09:12:39 DEBUG [http-nio-0.0.0.0-8080-exec-4] FilterChainProxy - Securing OPTIONS /api/activity-sessions/resume
2026-10-06 09:12:39 INFO  [http-nio-0.0.0.0-8080-exec-12] SectionService - Fetched 1 sections.
2026-10-06 09:12:39 INFO  [http-nio-0.0.0.0-8080-exec-12] SectionController - Fetched 1 sections successfully.
2026-10-06 09:12:39 DEBUG [http-nio-0.0.0.0-8080-exec-9] FilterChainProxy - Securing GET /api/college
2026-10-06 09:12:39 DEBUG [http-nio-0.0.0.0-8080-exec-5] FilterChainProxy - Securing GET /api/branch
2026-10-06 09:12:39 DEBUG [http-nio-0.0.0.0-8080-exec-7] FilterChainProxy - Securing OPTIONS /api/users/students_Guest
2026-10-06 09:12:39 INFO  [http-nio-0.0.0.0-8080-exec-9] JwtAuthenticationFilter - JWT AUTHENTICATION SUCCESS
2026-10-06 09:12:39 DEBUG [http-nio-0.0.0.0-8080-exec-9] FilterChainProxy - Secured GET /api/college
2026-10-06 09:12:39 INFO  [http-nio-0.0.0.0-8080-exec-9] CollegeController - Received request to fetch all colleges.
2026-10-06 09:12:39 INFO  [http-nio-0.0.0.0-8080-exec-9] CollegeService - Fetching all colleges.
2026-10-06 09:12:39 DEBUG [http-nio-0.0.0.0-8080-exec-6] FilterChainProxy - Securing OPTIONS /api/performance/super-admin
2026-10-06 09:12:39 INFO  [http-nio-0.0.0.0-8080-exec-9] CollegeService - Fetched 1 colleges.
2026-10-06 09:12:39 INFO  [http-nio-0.0.0.0-8080-exec-9] CollegeController - Fetched 1 colleges successfully.
2026-10-06 09:12:39 INFO  [http-nio-0.0.0.0-8080-exec-5] JwtAuthenticationFilter - JWT AUTHENTICATION SUCCESS
2026-10-06 09:12:39 DEBUG [http-nio-0.0.0.0-8080-exec-5] FilterChainProxy - Secured GET /api/branch
2026-10-06 09:12:39 INFO  [http-nio-0.0.0.0-8080-exec-5] BranchController - Received request to fetch all branches.
2026-10-06 09:12:39 INFO  [http-nio-0.0.0.0-8080-exec-5] BranchService - Fetching all branches.
2026-10-06 09:12:39 INFO  [http-nio-0.0.0.0-8080-exec-5] BranchService - Fetched 3 branches.
2026-10-06 09:12:39 INFO  [http-nio-0.0.0.0-8080-exec-5] BranchController - Fetched 3 branches successfully.
2026-10-06 09:12:39 DEBUG [http-nio-0.0.0.0-8080-exec-11] FilterChainProxy - Securing GET /api/section
2026-10-06 09:12:39 DEBUG [http-nio-0.0.0.0-8080-exec-2] FilterChainProxy - Securing GET /api/course
2026-10-06 09:12:39 DEBUG [http-nio-0.0.0.0-8080-exec-1] FilterChainProxy - Securing GET /api/exams
2026-10-06 09:12:39 DEBUG [http-nio-0.0.0.0-8080-exec-4] FilterChainProxy - Securing GET /api/users/students_Guest
2026-10-06 09:12:39 DEBUG [http-nio-0.0.0.0-8080-exec-8] FilterChainProxy - Securing GET /api/performance/super-admin
2026-10-06 09:12:39 DEBUG [http-nio-0.0.0.0-8080-exec-12] FilterChainProxy - Securing POST /api/activity-sessions/resume
2026-10-06 09:12:39 INFO  [http-nio-0.0.0.0-8080-exec-11] JwtAuthenticationFilter - JWT AUTHENTICATION SUCCESS
2026-10-06 09:12:39 INFO  [http-nio-0.0.0.0-8080-exec-1] JwtAuthenticationFilter - JWT AUTHENTICATION SUCCESS
2026-10-06 09:12:39 DEBUG [http-nio-0.0.0.0-8080-exec-11] FilterChainProxy - Secured GET /api/section
2026-10-06 09:12:39 INFO  [http-nio-0.0.0.0-8080-exec-2] JwtAuthenticationFilter - JWT AUTHENTICATION SUCCESS
2026-10-06 09:12:39 DEBUG [http-nio-0.0.0.0-8080-exec-1] FilterChainProxy - Secured GET /api/exams
2026-10-06 09:12:39 INFO  [http-nio-0.0.0.0-8080-exec-11] SectionController - Received request to fetch all sections.
2026-10-06 09:12:39 DEBUG [http-nio-0.0.0.0-8080-exec-2] FilterChainProxy - Secured GET /api/course
2026-10-06 09:12:39 INFO  [http-nio-0.0.0.0-8080-exec-12] JwtAuthenticationFilter - JWT AUTHENTICATION SUCCESS
2026-10-06 09:12:39 INFO  [http-nio-0.0.0.0-8080-exec-11] SectionService - Fetching all sections.
2026-10-06 09:12:39 INFO  [http-nio-0.0.0.0-8080-exec-8] JwtAuthenticationFilter - JWT AUTHENTICATION SUCCESS
2026-10-06 09:12:39 INFO  [http-nio-0.0.0.0-8080-exec-4] JwtAuthenticationFilter - JWT AUTHENTICATION SUCCESS
2026-10-06 09:12:39 DEBUG [http-nio-0.0.0.0-8080-exec-12] FilterChainProxy - Secured POST /api/activity-sessions/resume
2026-10-06 09:12:39 INFO  [http-nio-0.0.0.0-8080-exec-2] CourseController - Received request to fetch all courses.
2026-10-06 09:12:39 DEBUG [http-nio-0.0.0.0-8080-exec-8] FilterChainProxy - Secured GET /api/performance/super-admin
2026-10-06 09:12:39 INFO  [http-nio-0.0.0.0-8080-exec-2] CourseService - Fetching all courses.
2026-10-06 09:12:39 DEBUG [http-nio-0.0.0.0-8080-exec-4] FilterChainProxy - Secured GET /api/users/students_Guest
2026-10-06 09:12:39 INFO  [http-nio-0.0.0.0-8080-exec-2] CourseService - Fetched 1 courses.
2026-10-06 09:12:39 INFO  [http-nio-0.0.0.0-8080-exec-2] CourseController - Fetched 1 courses successfully.
2026-10-06 09:12:39 INFO  [http-nio-0.0.0.0-8080-exec-11] SectionService - Fetched 1 sections.
2026-10-06 09:12:39 INFO  [http-nio-0.0.0.0-8080-exec-11] SectionController - Fetched 1 sections successfully.
2026-10-06 09:12:39 DEBUG [http-nio-0.0.0.0-8080-exec-7] FilterChainProxy - Securing GET /api/users/students_Guest
2026-10-06 09:12:39 DEBUG [http-nio-0.0.0.0-8080-exec-6] FilterChainProxy - Securing GET /api/performance/super-admin
2026-10-06 09:12:39 INFO  [http-nio-0.0.0.0-8080-exec-7] JwtAuthenticationFilter - JWT AUTHENTICATION SUCCESS
2026-10-06 09:12:39 DEBUG [http-nio-0.0.0.0-8080-exec-7] FilterChainProxy - Secured GET /api/users/students_Guest
2026-10-06 09:12:39 INFO  [http-nio-0.0.0.0-8080-exec-6] JwtAuthenticationFilter - JWT AUTHENTICATION SUCCESS
2026-10-06 09:12:39 DEBUG [http-nio-0.0.0.0-8080-exec-6] FilterChainProxy - Secured GET /api/performance/super-admin
2026-10-06 09:12:43 DEBUG [http-nio-0.0.0.0-8080-exec-9] FilterChainProxy - Securing OPTIONS /api/performance/super-admin?examId=1&studentId=11
2026-10-06 09:12:43 DEBUG [http-nio-0.0.0.0-8080-exec-5] FilterChainProxy - Securing GET /api/performance/super-admin?examId=1&studentId=11
2026-10-06 09:12:43 INFO  [http-nio-0.0.0.0-8080-exec-5] JwtAuthenticationFilter - JWT AUTHENTICATION SUCCESS
2026-10-06 09:12:43 DEBUG [http-nio-0.0.0.0-8080-exec-5] FilterChainProxy - Secured GET /api/performance/super-admin?examId=1&studentId=11
2026-10-06 09:12:45 DEBUG [http-nio-0.0.0.0-8080-exec-2] FilterChainProxy - Securing OPTIONS /api/performance/exam-results/2/chapters
2026-10-06 09:12:45 DEBUG [http-nio-0.0.0.0-8080-exec-11] FilterChainProxy - Securing GET /api/performance/exam-results/2/chapters
2026-10-06 09:12:45 INFO  [http-nio-0.0.0.0-8080-exec-11] JwtAuthenticationFilter - JWT AUTHENTICATION SUCCESS
2026-10-06 09:12:45 DEBUG [http-nio-0.0.0.0-8080-exec-11] FilterChainProxy - Secured GET /api/performance/exam-results/2/chapters
2026-10-06 09:12:47 DEBUG [http-nio-0.0.0.0-8080-exec-12] FilterChainProxy - Securing OPTIONS /api/exams/1/results/2
2026-10-06 09:12:47 DEBUG [http-nio-0.0.0.0-8080-exec-4] FilterChainProxy - Securing OPTIONS /api/exams/1/questions
2026-10-06 09:12:47 DEBUG [http-nio-0.0.0.0-8080-exec-8] FilterChainProxy - Securing OPTIONS /api/exams/1/questions
2026-10-06 09:12:47 DEBUG [http-nio-0.0.0.0-8080-exec-1] FilterChainProxy - Securing OPTIONS /api/exams/1/results/2
2026-10-06 09:12:47 DEBUG [http-nio-0.0.0.0-8080-exec-7] FilterChainProxy - Securing GET /api/exams/1/results/2
2026-10-06 09:12:47 DEBUG [http-nio-0.0.0.0-8080-exec-6] FilterChainProxy - Securing GET /api/exams/1/questions
2026-10-06 09:12:47 INFO  [http-nio-0.0.0.0-8080-exec-7] JwtAuthenticationFilter - JWT AUTHENTICATION SUCCESS
2026-10-06 09:12:47 DEBUG [http-nio-0.0.0.0-8080-exec-7] FilterChainProxy - Secured GET /api/exams/1/results/2
2026-10-06 09:12:47 INFO  [http-nio-0.0.0.0-8080-exec-6] JwtAuthenticationFilter - JWT AUTHENTICATION SUCCESS
2026-10-06 09:12:47 DEBUG [http-nio-0.0.0.0-8080-exec-6] FilterChainProxy - Secured GET /api/exams/1/questions
2026-10-06 09:12:47 DEBUG [http-nio-0.0.0.0-8080-exec-9] FilterChainProxy - Securing GET /api/exams/1/questions
2026-10-06 09:12:47 INFO  [http-nio-0.0.0.0-8080-exec-9] JwtAuthenticationFilter - JWT AUTHENTICATION SUCCESS
2026-10-06 09:12:47 DEBUG [http-nio-0.0.0.0-8080-exec-9] FilterChainProxy - Secured GET /api/exams/1/questions
2026-10-06 09:12:47 DEBUG [http-nio-0.0.0.0-8080-exec-5] FilterChainProxy - Securing GET /api/exams/1/results/2
2026-10-06 09:12:47 INFO  [http-nio-0.0.0.0-8080-exec-5] JwtAuthenticationFilter - JWT AUTHENTICATION SUCCESS
2026-10-06 09:12:47 DEBUG [http-nio-0.0.0.0-8080-exec-5] FilterChainProxy - Secured GET /api/exams/1/results/2
2026-10-06 09:13:59 DEBUG [http-nio-0.0.0.0-8080-exec-12] FilterChainProxy - Securing OPTIONS /api/notifications/mine?limit=12
2026-10-06 09:13:59 DEBUG [http-nio-0.0.0.0-8080-exec-8] FilterChainProxy - Securing OPTIONS /api/notifications/mine/unread-count
2026-10-06 09:13:59 DEBUG [http-nio-0.0.0.0-8080-exec-6] FilterChainProxy - Securing OPTIONS /api/subjects
2026-10-06 09:13:59 DEBUG [http-nio-0.0.0.0-8080-exec-5] FilterChainProxy - Securing OPTIONS /api/chapter
2026-10-06 09:13:59 DEBUG [http-nio-0.0.0.0-8080-exec-9] FilterChainProxy - Securing OPTIONS /api/topics
2026-10-06 09:13:59 DEBUG [http-nio-0.0.0.0-8080-exec-4] FilterChainProxy - Securing OPTIONS /api/course
2026-10-06 09:13:59 DEBUG [http-nio-0.0.0.0-8080-exec-1] FilterChainProxy - Securing OPTIONS /api/questions
2026-10-06 09:13:59 DEBUG [http-nio-0.0.0.0-8080-exec-2] FilterChainProxy - Securing OPTIONS /api/college
2026-10-06 09:13:59 DEBUG [http-nio-0.0.0.0-8080-exec-11] FilterChainProxy - Securing OPTIONS /api/branch
2026-10-06 09:13:59 DEBUG [http-nio-0.0.0.0-8080-exec-7] FilterChainProxy - Securing OPTIONS /api/section
2026-10-06 09:13:59 DEBUG [http-nio-0.0.0.0-8080-exec-9] FilterChainProxy - Securing OPTIONS /api/exams/results/me
2026-10-06 09:13:59 DEBUG [http-nio-0.0.0.0-8080-exec-11] FilterChainProxy - Securing GET /api/subjects
2026-10-06 09:13:59 DEBUG [http-nio-0.0.0.0-8080-exec-5] FilterChainProxy - Securing GET /api/chapter
2026-10-06 09:13:59 DEBUG [http-nio-0.0.0.0-8080-exec-4] FilterChainProxy - Securing GET /api/notifications/mine/unread-count
2026-10-06 09:13:59 DEBUG [http-nio-0.0.0.0-8080-exec-6] FilterChainProxy - Securing OPTIONS /api/exams
2026-10-06 09:13:59 INFO  [http-nio-0.0.0.0-8080-exec-11] JwtAuthenticationFilter - JWT AUTHENTICATION SUCCESS
2026-10-06 09:13:59 DEBUG [http-nio-0.0.0.0-8080-exec-1] FilterChainProxy - Securing GET /api/notifications/mine?limit=12
2026-10-06 09:13:59 DEBUG [http-nio-0.0.0.0-8080-exec-11] FilterChainProxy - Secured GET /api/subjects
2026-10-06 09:13:59 INFO  [http-nio-0.0.0.0-8080-exec-5] JwtAuthenticationFilter - JWT AUTHENTICATION SUCCESS
2026-10-06 09:13:59 DEBUG [http-nio-0.0.0.0-8080-exec-5] FilterChainProxy - Secured GET /api/chapter
2026-10-06 09:13:59 INFO  [http-nio-0.0.0.0-8080-exec-5] ChapterController - Received request to fetch all chapters.
2026-10-06 09:13:59 INFO  [http-nio-0.0.0.0-8080-exec-5] ChapterService - Fetching all chapters.
2026-10-06 09:13:59 DEBUG [http-nio-0.0.0.0-8080-exec-12] FilterChainProxy - Securing GET /api/topics
2026-10-06 09:13:59 INFO  [http-nio-0.0.0.0-8080-exec-5] ChapterService - Fetched 6 chapters.
2026-10-06 09:13:59 INFO  [http-nio-0.0.0.0-8080-exec-5] ChapterController - Fetched 6 chapters successfully.
2026-10-06 09:13:59 INFO  [http-nio-0.0.0.0-8080-exec-1] JwtAuthenticationFilter - JWT AUTHENTICATION SUCCESS
2026-10-06 09:13:59 INFO  [http-nio-0.0.0.0-8080-exec-12] JwtAuthenticationFilter - JWT AUTHENTICATION SUCCESS
2026-10-06 09:13:59 DEBUG [http-nio-0.0.0.0-8080-exec-12] FilterChainProxy - Secured GET /api/topics
2026-10-06 09:13:59 DEBUG [http-nio-0.0.0.0-8080-exec-1] FilterChainProxy - Secured GET /api/notifications/mine?limit=12
2026-10-06 09:13:59 DEBUG [http-nio-0.0.0.0-8080-exec-5] FilterChainProxy - Securing OPTIONS /api/activity-sessions/resume
2026-10-06 09:13:59 INFO  [http-nio-0.0.0.0-8080-exec-4] JwtAuthenticationFilter - JWT AUTHENTICATION SUCCESS
2026-10-06 09:13:59 DEBUG [http-nio-0.0.0.0-8080-exec-4] FilterChainProxy - Secured GET /api/notifications/mine/unread-count
2026-10-06 09:13:59 DEBUG [http-nio-0.0.0.0-8080-exec-7] FilterChainProxy - Securing GET /api/course
2026-10-06 09:13:59 INFO  [http-nio-0.0.0.0-8080-exec-7] JwtAuthenticationFilter - JWT AUTHENTICATION SUCCESS
2026-10-06 09:13:59 DEBUG [http-nio-0.0.0.0-8080-exec-7] FilterChainProxy - Secured GET /api/course
2026-10-06 09:13:59 INFO  [http-nio-0.0.0.0-8080-exec-7] CourseController - Received request to fetch all courses.
2026-10-06 09:13:59 INFO  [http-nio-0.0.0.0-8080-exec-7] CourseService - Fetching all courses.
2026-10-06 09:13:59 INFO  [http-nio-0.0.0.0-8080-exec-7] CourseService - Fetched 1 courses.
2026-10-06 09:13:59 INFO  [http-nio-0.0.0.0-8080-exec-7] CourseController - Fetched 1 courses successfully.
2026-10-06 09:13:59 DEBUG [http-nio-0.0.0.0-8080-exec-9] FilterChainProxy - Securing OPTIONS /api/notifications/mine?limit=12
2026-10-06 09:13:59 DEBUG [http-nio-0.0.0.0-8080-exec-8] FilterChainProxy - Securing OPTIONS /api/notifications/mine/unread-count
2026-10-06 09:13:59 DEBUG [http-nio-0.0.0.0-8080-exec-8] FilterChainProxy - Securing OPTIONS /api/course
2026-10-06 09:13:59 DEBUG [http-nio-0.0.0.0-8080-exec-11] FilterChainProxy - Securing OPTIONS /api/subjects
2026-10-06 09:13:59 DEBUG [http-nio-0.0.0.0-8080-exec-2] FilterChainProxy - Securing OPTIONS /api/chapter
2026-10-06 09:13:59 DEBUG [http-nio-0.0.0.0-8080-exec-5] FilterChainProxy - Securing OPTIONS /api/topics
2026-10-06 09:13:59 DEBUG [http-nio-0.0.0.0-8080-exec-4] FilterChainProxy - Securing GET /api/college
2026-10-06 09:13:59 DEBUG [http-nio-0.0.0.0-8080-exec-12] FilterChainProxy - Securing GET /api/branch
2026-10-06 09:13:59 DEBUG [http-nio-0.0.0.0-8080-exec-7] FilterChainProxy - Securing GET /api/section
2026-10-06 09:13:59 DEBUG [http-nio-0.0.0.0-8080-exec-1] FilterChainProxy - Securing GET /api/questions
2026-10-06 09:13:59 DEBUG [http-nio-0.0.0.0-8080-exec-9] FilterChainProxy - Securing GET /api/exams/results/me
2026-10-06 09:13:59 INFO  [http-nio-0.0.0.0-8080-exec-1] JwtAuthenticationFilter - JWT AUTHENTICATION SUCCESS
2026-10-06 09:13:59 DEBUG [http-nio-0.0.0.0-8080-exec-1] FilterChainProxy - Secured GET /api/questions
2026-10-06 09:13:59 INFO  [http-nio-0.0.0.0-8080-exec-7] JwtAuthenticationFilter - JWT AUTHENTICATION SUCCESS
2026-10-06 09:13:59 INFO  [http-nio-0.0.0.0-8080-exec-4] JwtAuthenticationFilter - JWT AUTHENTICATION SUCCESS
2026-10-06 09:13:59 DEBUG [http-nio-0.0.0.0-8080-exec-7] FilterChainProxy - Secured GET /api/section
2026-10-06 09:13:59 DEBUG [http-nio-0.0.0.0-8080-exec-4] FilterChainProxy - Secured GET /api/college
2026-10-06 09:13:59 INFO  [http-nio-0.0.0.0-8080-exec-7] SectionController - Received request to fetch all sections.
2026-10-06 09:13:59 INFO  [http-nio-0.0.0.0-8080-exec-12] JwtAuthenticationFilter - JWT AUTHENTICATION SUCCESS
2026-10-06 09:13:59 INFO  [http-nio-0.0.0.0-8080-exec-7] SectionService - Fetching all sections.
2026-10-06 09:13:59 DEBUG [http-nio-0.0.0.0-8080-exec-12] FilterChainProxy - Secured GET /api/branch
2026-10-06 09:13:59 INFO  [http-nio-0.0.0.0-8080-exec-12] BranchController - Received request to fetch all branches.
2026-10-06 09:13:59 INFO  [http-nio-0.0.0.0-8080-exec-12] BranchService - Fetching all branches.
2026-10-06 09:13:59 INFO  [http-nio-0.0.0.0-8080-exec-4] CollegeController - Received request to fetch all colleges.
2026-10-06 09:13:59 INFO  [http-nio-0.0.0.0-8080-exec-4] CollegeService - Fetching all colleges.
2026-10-06 09:13:59 INFO  [http-nio-0.0.0.0-8080-exec-9] JwtAuthenticationFilter - JWT AUTHENTICATION SUCCESS
2026-10-06 09:13:59 DEBUG [http-nio-0.0.0.0-8080-exec-6] FilterChainProxy - Securing OPTIONS /api/questions
2026-10-06 09:13:59 DEBUG [http-nio-0.0.0.0-8080-exec-9] FilterChainProxy - Secured GET /api/exams/results/me
2026-10-06 09:13:59 DEBUG [http-nio-0.0.0.0-8080-exec-8] FilterChainProxy - Securing GET /api/exams
2026-10-06 09:13:59 DEBUG [http-nio-0.0.0.0-8080-exec-11] FilterChainProxy - Securing OPTIONS /api/college
2026-10-06 09:13:59 DEBUG [http-nio-0.0.0.0-8080-exec-6] FilterChainProxy - Securing OPTIONS /api/branch
2026-10-06 09:13:59 INFO  [http-nio-0.0.0.0-8080-exec-7] SectionService - Fetched 1 sections.
2026-10-06 09:13:59 INFO  [http-nio-0.0.0.0-8080-exec-4] CollegeService - Fetched 1 colleges.
2026-10-06 09:13:59 INFO  [http-nio-0.0.0.0-8080-exec-7] SectionController - Fetched 1 sections successfully.
2026-10-06 09:13:59 INFO  [http-nio-0.0.0.0-8080-exec-4] CollegeController - Fetched 1 colleges successfully.
2026-10-06 09:13:59 INFO  [http-nio-0.0.0.0-8080-exec-12] BranchService - Fetched 3 branches.
2026-10-06 09:13:59 INFO  [http-nio-0.0.0.0-8080-exec-12] BranchController - Fetched 3 branches successfully.
2026-10-06 09:13:59 DEBUG [http-nio-0.0.0.0-8080-exec-5] FilterChainProxy - Securing OPTIONS /api/exams
2026-10-06 09:13:59 INFO  [http-nio-0.0.0.0-8080-exec-8] JwtAuthenticationFilter - JWT AUTHENTICATION SUCCESS
2026-10-06 09:13:59 DEBUG [http-nio-0.0.0.0-8080-exec-2] FilterChainProxy - Securing OPTIONS /api/section
2026-10-06 09:13:59 DEBUG [http-nio-0.0.0.0-8080-exec-8] FilterChainProxy - Secured GET /api/exams
2026-10-06 09:13:59 DEBUG [http-nio-0.0.0.0-8080-exec-11] FilterChainProxy - Securing OPTIONS /api/exams/results/me
2026-10-06 09:13:59 DEBUG [http-nio-0.0.0.0-8080-exec-6] FilterChainProxy - Securing POST /api/activity-sessions/resume
2026-10-06 09:13:59 DEBUG [http-nio-0.0.0.0-8080-exec-5] FilterChainProxy - Securing GET /api/subjects
2026-10-06 09:13:59 DEBUG [http-nio-0.0.0.0-8080-exec-12] FilterChainProxy - Securing GET /api/course
2026-10-06 09:13:59 DEBUG [http-nio-0.0.0.0-8080-exec-7] FilterChainProxy - Securing GET /api/notifications/mine?limit=12
2026-10-06 09:13:59 DEBUG [http-nio-0.0.0.0-8080-exec-4] FilterChainProxy - Securing GET /api/notifications/mine/unread-count
2026-10-06 09:13:59 INFO  [http-nio-0.0.0.0-8080-exec-5] JwtAuthenticationFilter - JWT AUTHENTICATION SUCCESS
2026-10-06 09:13:59 INFO  [http-nio-0.0.0.0-8080-exec-12] JwtAuthenticationFilter - JWT AUTHENTICATION SUCCESS
2026-10-06 09:13:59 INFO  [http-nio-0.0.0.0-8080-exec-6] JwtAuthenticationFilter - JWT AUTHENTICATION SUCCESS
2026-10-06 09:13:59 DEBUG [http-nio-0.0.0.0-8080-exec-5] FilterChainProxy - Secured GET /api/subjects
2026-10-06 09:13:59 DEBUG [http-nio-0.0.0.0-8080-exec-12] FilterChainProxy - Secured GET /api/course
2026-10-06 09:13:59 DEBUG [http-nio-0.0.0.0-8080-exec-6] FilterChainProxy - Secured POST /api/activity-sessions/resume
2026-10-06 09:13:59 INFO  [http-nio-0.0.0.0-8080-exec-12] CourseController - Received request to fetch all courses.
2026-10-06 09:13:59 INFO  [http-nio-0.0.0.0-8080-exec-12] CourseService - Fetching all courses.
2026-10-06 09:13:59 INFO  [http-nio-0.0.0.0-8080-exec-4] JwtAuthenticationFilter - JWT AUTHENTICATION SUCCESS
2026-10-06 09:13:59 INFO  [http-nio-0.0.0.0-8080-exec-7] JwtAuthenticationFilter - JWT AUTHENTICATION SUCCESS
2026-10-06 09:13:59 DEBUG [http-nio-0.0.0.0-8080-exec-4] FilterChainProxy - Secured GET /api/notifications/mine/unread-count
2026-10-06 09:13:59 DEBUG [http-nio-0.0.0.0-8080-exec-7] FilterChainProxy - Secured GET /api/notifications/mine?limit=12
2026-10-06 09:13:59 INFO  [http-nio-0.0.0.0-8080-exec-12] CourseService - Fetched 1 courses.
2026-10-06 09:13:59 INFO  [http-nio-0.0.0.0-8080-exec-12] CourseController - Fetched 1 courses successfully.
2026-10-06 09:13:59 DEBUG [http-nio-0.0.0.0-8080-exec-9] FilterChainProxy - Securing GET /api/chapter
2026-10-06 09:13:59 DEBUG [http-nio-0.0.0.0-8080-exec-2] FilterChainProxy - Securing GET /api/topics
2026-10-06 09:13:59 DEBUG [http-nio-0.0.0.0-8080-exec-8] FilterChainProxy - Securing GET /api/branch
2026-10-06 09:13:59 DEBUG [http-nio-0.0.0.0-8080-exec-11] FilterChainProxy - Securing GET /api/college
2026-10-06 09:13:59 INFO  [http-nio-0.0.0.0-8080-exec-9] JwtAuthenticationFilter - JWT AUTHENTICATION SUCCESS
2026-10-06 09:13:59 DEBUG [http-nio-0.0.0.0-8080-exec-9] FilterChainProxy - Secured GET /api/chapter
2026-10-06 09:13:59 INFO  [http-nio-0.0.0.0-8080-exec-9] ChapterController - Received request to fetch all chapters.
2026-10-06 09:13:59 INFO  [http-nio-0.0.0.0-8080-exec-9] ChapterService - Fetching all chapters.
2026-10-06 09:13:59 DEBUG [http-nio-0.0.0.0-8080-exec-5] FilterChainProxy - Securing GET /api/exams
2026-10-06 09:13:59 INFO  [http-nio-0.0.0.0-8080-exec-2] JwtAuthenticationFilter - JWT AUTHENTICATION SUCCESS
2026-10-06 09:13:59 DEBUG [http-nio-0.0.0.0-8080-exec-2] FilterChainProxy - Secured GET /api/topics
2026-10-06 09:13:59 INFO  [http-nio-0.0.0.0-8080-exec-8] JwtAuthenticationFilter - JWT AUTHENTICATION SUCCESS
2026-10-06 09:13:59 DEBUG [http-nio-0.0.0.0-8080-exec-8] FilterChainProxy - Secured GET /api/branch
2026-10-06 09:13:59 INFO  [http-nio-0.0.0.0-8080-exec-11] JwtAuthenticationFilter - JWT AUTHENTICATION SUCCESS
2026-10-06 09:13:59 INFO  [http-nio-0.0.0.0-8080-exec-8] BranchController - Received request to fetch all branches.
2026-10-06 09:13:59 INFO  [http-nio-0.0.0.0-8080-exec-8] BranchService - Fetching all branches.
2026-10-06 09:13:59 DEBUG [http-nio-0.0.0.0-8080-exec-11] FilterChainProxy - Secured GET /api/college
2026-10-06 09:13:59 INFO  [http-nio-0.0.0.0-8080-exec-9] ChapterService - Fetched 6 chapters.
2026-10-06 09:13:59 INFO  [http-nio-0.0.0.0-8080-exec-9] ChapterController - Fetched 6 chapters successfully.
2026-10-06 09:13:59 INFO  [http-nio-0.0.0.0-8080-exec-11] CollegeController - Received request to fetch all colleges.
2026-10-06 09:13:59 INFO  [http-nio-0.0.0.0-8080-exec-11] CollegeService - Fetching all colleges.
2026-10-06 09:13:59 INFO  [http-nio-0.0.0.0-8080-exec-5] JwtAuthenticationFilter - JWT AUTHENTICATION SUCCESS
2026-10-06 09:13:59 DEBUG [http-nio-0.0.0.0-8080-exec-5] FilterChainProxy - Secured GET /api/exams
2026-10-06 09:13:59 INFO  [http-nio-0.0.0.0-8080-exec-8] BranchService - Fetched 3 branches.
2026-10-06 09:13:59 INFO  [http-nio-0.0.0.0-8080-exec-8] BranchController - Fetched 3 branches successfully.
2026-10-06 09:13:59 INFO  [http-nio-0.0.0.0-8080-exec-11] CollegeService - Fetched 1 colleges.
2026-10-06 09:13:59 INFO  [http-nio-0.0.0.0-8080-exec-11] CollegeController - Fetched 1 colleges successfully.
2026-10-06 09:13:59 DEBUG [http-nio-0.0.0.0-8080-exec-12] FilterChainProxy - Securing GET /api/section
2026-10-06 09:13:59 INFO  [http-nio-0.0.0.0-8080-exec-12] JwtAuthenticationFilter - JWT AUTHENTICATION SUCCESS
2026-10-06 09:13:59 DEBUG [http-nio-0.0.0.0-8080-exec-12] FilterChainProxy - Secured GET /api/section
2026-10-06 09:13:59 INFO  [http-nio-0.0.0.0-8080-exec-12] SectionController - Received request to fetch all sections.
2026-10-06 09:13:59 INFO  [http-nio-0.0.0.0-8080-exec-12] SectionService - Fetching all sections.
2026-10-06 09:13:59 INFO  [http-nio-0.0.0.0-8080-exec-12] SectionService - Fetched 1 sections.
2026-10-06 09:13:59 INFO  [http-nio-0.0.0.0-8080-exec-12] SectionController - Fetched 1 sections successfully.
2026-10-06 09:13:59 DEBUG [http-nio-0.0.0.0-8080-exec-4] FilterChainProxy - Securing GET /api/exams/results/me
2026-10-06 09:13:59 INFO  [http-nio-0.0.0.0-8080-exec-4] JwtAuthenticationFilter - JWT AUTHENTICATION SUCCESS
2026-10-06 09:13:59 DEBUG [http-nio-0.0.0.0-8080-exec-4] FilterChainProxy - Secured GET /api/exams/results/me
2026-10-06 09:13:59 DEBUG [http-nio-0.0.0.0-8080-exec-7] FilterChainProxy - Securing GET /api/questions
2026-10-06 09:13:59 INFO  [http-nio-0.0.0.0-8080-exec-7] JwtAuthenticationFilter - JWT AUTHENTICATION SUCCESS
2026-10-06 09:13:59 DEBUG [http-nio-0.0.0.0-8080-exec-7] FilterChainProxy - Secured GET /api/questions
2026-10-06 09:14:03 DEBUG [http-nio-0.0.0.0-8080-exec-6] FilterChainProxy - Securing GET /api/college
2026-10-06 09:14:03 DEBUG [http-nio-0.0.0.0-8080-exec-9] FilterChainProxy - Securing GET /api/branch
2026-10-06 09:14:03 INFO  [http-nio-0.0.0.0-8080-exec-6] JwtAuthenticationFilter - JWT AUTHENTICATION SUCCESS
2026-10-06 09:14:03 DEBUG [http-nio-0.0.0.0-8080-exec-8] FilterChainProxy - Securing GET /api/course
2026-10-06 09:14:03 DEBUG [http-nio-0.0.0.0-8080-exec-2] FilterChainProxy - Securing GET /api/section
2026-10-06 09:14:03 DEBUG [http-nio-0.0.0.0-8080-exec-6] FilterChainProxy - Secured GET /api/college
2026-10-06 09:14:03 DEBUG [http-nio-0.0.0.0-8080-exec-11] FilterChainProxy - Securing GET /api/exams
2026-10-06 09:14:03 DEBUG [http-nio-0.0.0.0-8080-exec-5] FilterChainProxy - Securing OPTIONS /api/performance/super-admin
2026-10-06 09:14:03 INFO  [http-nio-0.0.0.0-8080-exec-6] CollegeController - Received request to fetch all colleges.
2026-10-06 09:14:03 INFO  [http-nio-0.0.0.0-8080-exec-6] CollegeService - Fetching all colleges.
2026-10-06 09:14:03 DEBUG [http-nio-0.0.0.0-8080-exec-5] FilterChainProxy - Securing OPTIONS /api/users/students_Guest
2026-10-06 09:14:03 DEBUG [http-nio-0.0.0.0-8080-exec-12] FilterChainProxy - Securing POST /api/activity-sessions/resume
2026-10-06 09:14:03 DEBUG [http-nio-0.0.0.0-8080-exec-5] FilterChainProxy - Securing OPTIONS /api/users/students_Guest
2026-10-06 09:14:03 INFO  [http-nio-0.0.0.0-8080-exec-8] JwtAuthenticationFilter - JWT AUTHENTICATION SUCCESS
2026-10-06 09:14:03 INFO  [http-nio-0.0.0.0-8080-exec-11] JwtAuthenticationFilter - JWT AUTHENTICATION SUCCESS
2026-10-06 09:14:03 DEBUG [http-nio-0.0.0.0-8080-exec-5] FilterChainProxy - Securing OPTIONS /api/performance/super-admin
2026-10-06 09:14:03 DEBUG [http-nio-0.0.0.0-8080-exec-11] FilterChainProxy - Secured GET /api/exams
2026-10-06 09:14:03 INFO  [http-nio-0.0.0.0-8080-exec-9] JwtAuthenticationFilter - JWT AUTHENTICATION SUCCESS
2026-10-06 09:14:03 DEBUG [http-nio-0.0.0.0-8080-exec-9] FilterChainProxy - Secured GET /api/branch
2026-10-06 09:14:03 DEBUG [http-nio-0.0.0.0-8080-exec-8] FilterChainProxy - Secured GET /api/course
2026-10-06 09:14:03 INFO  [http-nio-0.0.0.0-8080-exec-9] BranchController - Received request to fetch all branches.
2026-10-06 09:14:03 INFO  [http-nio-0.0.0.0-8080-exec-8] CourseController - Received request to fetch all courses.
2026-10-06 09:14:03 INFO  [http-nio-0.0.0.0-8080-exec-9] BranchService - Fetching all branches.
2026-10-06 09:14:03 INFO  [http-nio-0.0.0.0-8080-exec-8] CourseService - Fetching all courses.
2026-10-06 09:14:03 INFO  [http-nio-0.0.0.0-8080-exec-6] CollegeService - Fetched 1 colleges.
2026-10-06 09:14:03 INFO  [http-nio-0.0.0.0-8080-exec-6] CollegeController - Fetched 1 colleges successfully.
2026-10-06 09:14:03 INFO  [http-nio-0.0.0.0-8080-exec-2] JwtAuthenticationFilter - JWT AUTHENTICATION SUCCESS
2026-10-06 09:14:03 DEBUG [http-nio-0.0.0.0-8080-exec-2] FilterChainProxy - Secured GET /api/section
2026-10-06 09:14:03 INFO  [http-nio-0.0.0.0-8080-exec-12] JwtAuthenticationFilter - JWT AUTHENTICATION SUCCESS
2026-10-06 09:14:03 DEBUG [http-nio-0.0.0.0-8080-exec-12] FilterChainProxy - Secured POST /api/activity-sessions/resume
2026-10-06 09:14:03 INFO  [http-nio-0.0.0.0-8080-exec-9] BranchService - Fetched 3 branches.
2026-10-06 09:14:03 INFO  [http-nio-0.0.0.0-8080-exec-9] BranchController - Fetched 3 branches successfully.
2026-10-06 09:14:03 INFO  [http-nio-0.0.0.0-8080-exec-8] CourseService - Fetched 1 courses.
2026-10-06 09:14:03 INFO  [http-nio-0.0.0.0-8080-exec-8] CourseController - Fetched 1 courses successfully.
2026-10-06 09:14:03 INFO  [http-nio-0.0.0.0-8080-exec-2] SectionController - Received request to fetch all sections.
2026-10-06 09:14:03 INFO  [http-nio-0.0.0.0-8080-exec-2] SectionService - Fetching all sections.
2026-10-06 09:14:03 INFO  [http-nio-0.0.0.0-8080-exec-2] SectionService - Fetched 1 sections.
2026-10-06 09:14:03 INFO  [http-nio-0.0.0.0-8080-exec-2] SectionController - Fetched 1 sections successfully.
2026-10-06 09:14:03 DEBUG [http-nio-0.0.0.0-8080-exec-4] FilterChainProxy - Securing GET /api/performance/super-admin
2026-10-06 09:14:03 DEBUG [http-nio-0.0.0.0-8080-exec-1] FilterChainProxy - Securing GET /api/users/students_Guest
2026-10-06 09:14:03 DEBUG [http-nio-0.0.0.0-8080-exec-5] FilterChainProxy - Securing GET /api/college
2026-10-06 09:14:03 DEBUG [http-nio-0.0.0.0-8080-exec-6] FilterChainProxy - Securing GET /api/course
2026-10-06 09:14:03 DEBUG [http-nio-0.0.0.0-8080-exec-7] FilterChainProxy - Securing GET /api/branch
2026-10-06 09:14:03 DEBUG [http-nio-0.0.0.0-8080-exec-9] FilterChainProxy - Securing GET /api/exams
2026-10-06 09:14:03 INFO  [http-nio-0.0.0.0-8080-exec-1] JwtAuthenticationFilter - JWT AUTHENTICATION SUCCESS
2026-10-06 09:14:03 INFO  [http-nio-0.0.0.0-8080-exec-6] JwtAuthenticationFilter - JWT AUTHENTICATION SUCCESS
2026-10-06 09:14:03 INFO  [http-nio-0.0.0.0-8080-exec-5] JwtAuthenticationFilter - JWT AUTHENTICATION SUCCESS
2026-10-06 09:14:03 DEBUG [http-nio-0.0.0.0-8080-exec-6] FilterChainProxy - Secured GET /api/course
2026-10-06 09:14:03 DEBUG [http-nio-0.0.0.0-8080-exec-5] FilterChainProxy - Secured GET /api/college
2026-10-06 09:14:03 DEBUG [http-nio-0.0.0.0-8080-exec-1] FilterChainProxy - Secured GET /api/users/students_Guest
2026-10-06 09:14:03 INFO  [http-nio-0.0.0.0-8080-exec-9] JwtAuthenticationFilter - JWT AUTHENTICATION SUCCESS
2026-10-06 09:14:03 INFO  [http-nio-0.0.0.0-8080-exec-6] CourseController - Received request to fetch all courses.
2026-10-06 09:14:03 INFO  [http-nio-0.0.0.0-8080-exec-6] CourseService - Fetching all courses.
2026-10-06 09:14:03 DEBUG [http-nio-0.0.0.0-8080-exec-9] FilterChainProxy - Secured GET /api/exams
2026-10-06 09:14:03 INFO  [http-nio-0.0.0.0-8080-exec-4] JwtAuthenticationFilter - JWT AUTHENTICATION SUCCESS
2026-10-06 09:14:03 DEBUG [http-nio-0.0.0.0-8080-exec-4] FilterChainProxy - Secured GET /api/performance/super-admin
2026-10-06 09:14:03 INFO  [http-nio-0.0.0.0-8080-exec-7] JwtAuthenticationFilter - JWT AUTHENTICATION SUCCESS
2026-10-06 09:14:03 DEBUG [http-nio-0.0.0.0-8080-exec-7] FilterChainProxy - Secured GET /api/branch
2026-10-06 09:14:03 INFO  [http-nio-0.0.0.0-8080-exec-7] BranchController - Received request to fetch all branches.
2026-10-06 09:14:03 INFO  [http-nio-0.0.0.0-8080-exec-7] BranchService - Fetching all branches.
2026-10-06 09:14:03 INFO  [http-nio-0.0.0.0-8080-exec-5] CollegeController - Received request to fetch all colleges.
2026-10-06 09:14:03 INFO  [http-nio-0.0.0.0-8080-exec-5] CollegeService - Fetching all colleges.
2026-10-06 09:14:03 INFO  [http-nio-0.0.0.0-8080-exec-6] CourseService - Fetched 1 courses.
2026-10-06 09:14:03 INFO  [http-nio-0.0.0.0-8080-exec-6] CourseController - Fetched 1 courses successfully.
2026-10-06 09:14:03 INFO  [http-nio-0.0.0.0-8080-exec-5] CollegeService - Fetched 1 colleges.
2026-10-06 09:14:03 INFO  [http-nio-0.0.0.0-8080-exec-5] CollegeController - Fetched 1 colleges successfully.
2026-10-06 09:14:03 INFO  [http-nio-0.0.0.0-8080-exec-7] BranchService - Fetched 3 branches.
2026-10-06 09:14:03 INFO  [http-nio-0.0.0.0-8080-exec-7] BranchController - Fetched 3 branches successfully.
2026-10-06 09:14:03 DEBUG [http-nio-0.0.0.0-8080-exec-8] FilterChainProxy - Securing GET /api/section
2026-10-06 09:14:03 DEBUG [http-nio-0.0.0.0-8080-exec-11] FilterChainProxy - Securing GET /api/users/students_Guest
2026-10-06 09:14:03 DEBUG [http-nio-0.0.0.0-8080-exec-2] FilterChainProxy - Securing GET /api/performance/super-admin
2026-10-06 09:14:03 INFO  [http-nio-0.0.0.0-8080-exec-8] JwtAuthenticationFilter - JWT AUTHENTICATION SUCCESS
2026-10-06 09:14:03 INFO  [http-nio-0.0.0.0-8080-exec-2] JwtAuthenticationFilter - JWT AUTHENTICATION SUCCESS
2026-10-06 09:14:03 INFO  [http-nio-0.0.0.0-8080-exec-11] JwtAuthenticationFilter - JWT AUTHENTICATION SUCCESS
2026-10-06 09:14:03 DEBUG [http-nio-0.0.0.0-8080-exec-8] FilterChainProxy - Secured GET /api/section
2026-10-06 09:14:03 DEBUG [http-nio-0.0.0.0-8080-exec-2] FilterChainProxy - Secured GET /api/performance/super-admin
2026-10-06 09:14:03 DEBUG [http-nio-0.0.0.0-8080-exec-11] FilterChainProxy - Secured GET /api/users/students_Guest
2026-10-06 09:14:03 INFO  [http-nio-0.0.0.0-8080-exec-8] SectionController - Received request to fetch all sections.
2026-10-06 09:14:03 INFO  [http-nio-0.0.0.0-8080-exec-8] SectionService - Fetching all sections.
2026-10-06 09:14:03 INFO  [http-nio-0.0.0.0-8080-exec-8] SectionService - Fetched 1 sections.
2026-10-06 09:14:03 INFO  [http-nio-0.0.0.0-8080-exec-8] SectionController - Fetched 1 sections successfully.
2026-10-06 09:14:33 DEBUG [http-nio-0.0.0.0-8080-exec-12] FilterChainProxy - Securing OPTIONS /api/activity-sessions/heartbeat
2026-10-06 09:14:33 DEBUG [http-nio-0.0.0.0-8080-exec-5] FilterChainProxy - Securing POST /api/activity-sessions/heartbeat
2026-10-06 09:14:33 INFO  [http-nio-0.0.0.0-8080-exec-5] JwtAuthenticationFilter - JWT AUTHENTICATION SUCCESS
2026-10-06 09:14:33 DEBUG [http-nio-0.0.0.0-8080-exec-5] FilterChainProxy - Secured POST /api/activity-sessions/heartbeat
2026-10-06 09:14:42 DEBUG [http-nio-0.0.0.0-8080-exec-6] FilterChainProxy - Securing OPTIONS /api/performance/super-admin?examId=1&studentId=10
2026-10-06 09:14:42 DEBUG [http-nio-0.0.0.0-8080-exec-7] FilterChainProxy - Securing GET /api/performance/super-admin?examId=1&studentId=10
2026-10-06 09:14:42 INFO  [http-nio-0.0.0.0-8080-exec-7] JwtAuthenticationFilter - JWT AUTHENTICATION SUCCESS
2026-10-06 09:14:42 DEBUG [http-nio-0.0.0.0-8080-exec-7] FilterChainProxy - Secured GET /api/performance/super-admin?examId=1&studentId=10
2026-10-06 09:14:44 DEBUG [http-nio-0.0.0.0-8080-exec-9] FilterChainProxy - Securing OPTIONS /api/performance/exam-results/1/chapters
2026-10-06 09:14:44 DEBUG [http-nio-0.0.0.0-8080-exec-1] FilterChainProxy - Securing GET /api/performance/exam-results/1/chapters
2026-10-06 09:14:44 INFO  [http-nio-0.0.0.0-8080-exec-1] JwtAuthenticationFilter - JWT AUTHENTICATION SUCCESS
2026-10-06 09:14:44 DEBUG [http-nio-0.0.0.0-8080-exec-1] FilterChainProxy - Secured GET /api/performance/exam-results/1/chapters
2026-10-06 09:14:44 DEBUG [http-nio-0.0.0.0-8080-exec-8] FilterChainProxy - Securing OPTIONS /api/notifications/mine/unread-count
2026-10-06 09:14:44 DEBUG [http-nio-0.0.0.0-8080-exec-4] FilterChainProxy - Securing OPTIONS /api/notifications/mine?limit=12
2026-10-06 09:14:44 DEBUG [http-nio-0.0.0.0-8080-exec-2] FilterChainProxy - Securing GET /api/notifications/mine?limit=12
2026-10-06 09:14:44 DEBUG [http-nio-0.0.0.0-8080-exec-11] FilterChainProxy - Securing GET /api/notifications/mine/unread-count
2026-10-06 09:14:44 INFO  [http-nio-0.0.0.0-8080-exec-2] JwtAuthenticationFilter - JWT AUTHENTICATION SUCCESS
2026-10-06 09:14:44 INFO  [http-nio-0.0.0.0-8080-exec-11] JwtAuthenticationFilter - JWT AUTHENTICATION SUCCESS
2026-10-06 09:14:44 DEBUG [http-nio-0.0.0.0-8080-exec-11] FilterChainProxy - Secured GET /api/notifications/mine/unread-count
2026-10-06 09:14:44 DEBUG [http-nio-0.0.0.0-8080-exec-2] FilterChainProxy - Secured GET /api/notifications/mine?limit=12
2026-10-06 09:15:03 DEBUG [http-nio-0.0.0.0-8080-exec-6] FilterChainProxy - Securing OPTIONS /api/activity-sessions/heartbeat
2026-10-06 09:15:03 DEBUG [http-nio-0.0.0.0-8080-exec-7] FilterChainProxy - Securing POST /api/activity-sessions/heartbeat
2026-10-06 09:15:03 INFO  [http-nio-0.0.0.0-8080-exec-7] JwtAuthenticationFilter - JWT AUTHENTICATION SUCCESS
2026-10-06 09:15:03 DEBUG [http-nio-0.0.0.0-8080-exec-7] FilterChainProxy - Secured POST /api/activity-sessions/heartbeat
2026-10-06 09:15:29 DEBUG [http-nio-0.0.0.0-8080-exec-12] FilterChainProxy - Securing OPTIONS /api/notifications/mine?limit=12
2026-10-06 09:15:29 DEBUG [http-nio-0.0.0.0-8080-exec-6] FilterChainProxy - Securing GET /api/notifications/mine?limit=12
2026-10-06 09:15:29 DEBUG [http-nio-0.0.0.0-8080-exec-5] FilterChainProxy - Securing OPTIONS /api/notifications/mine/unread-count
2026-10-06 09:15:29 INFO  [http-nio-0.0.0.0-8080-exec-6] JwtAuthenticationFilter - JWT AUTHENTICATION SUCCESS
2026-10-06 09:15:29 DEBUG [http-nio-0.0.0.0-8080-exec-6] FilterChainProxy - Secured GET /api/notifications/mine?limit=12
2026-10-06 09:15:29 DEBUG [http-nio-0.0.0.0-8080-exec-7] FilterChainProxy - Securing GET /api/notifications/mine/unread-count
2026-10-06 09:15:29 INFO  [http-nio-0.0.0.0-8080-exec-7] JwtAuthenticationFilter - JWT AUTHENTICATION SUCCESS
2026-10-06 09:15:29 DEBUG [http-nio-0.0.0.0-8080-exec-7] FilterChainProxy - Secured GET /api/notifications/mine/unread-count
2026-10-06 09:15:33 DEBUG [http-nio-0.0.0.0-8080-exec-9] FilterChainProxy - Securing OPTIONS /api/activity-sessions/heartbeat
2026-10-06 09:15:33 DEBUG [http-nio-0.0.0.0-8080-exec-1] FilterChainProxy - Securing POST /api/activity-sessions/heartbeat
2026-10-06 09:15:33 INFO  [http-nio-0.0.0.0-8080-exec-1] JwtAuthenticationFilter - JWT AUTHENTICATION SUCCESS
2026-10-06 09:15:33 DEBUG [http-nio-0.0.0.0-8080-exec-1] FilterChainProxy - Secured POST /api/activity-sessions/heartbeat
2026-10-06 09:16:03 DEBUG [http-nio-0.0.0.0-8080-exec-8] FilterChainProxy - Securing OPTIONS /api/activity-sessions/heartbeat
2026-10-06 09:16:03 DEBUG [http-nio-0.0.0.0-8080-exec-11] FilterChainProxy - Securing POST /api/activity-sessions/heartbeat
2026-10-06 09:16:03 INFO  [http-nio-0.0.0.0-8080-exec-11] JwtAuthenticationFilter - JWT AUTHENTICATION SUCCESS
2026-10-06 09:16:03 DEBUG [http-nio-0.0.0.0-8080-exec-11] FilterChainProxy - Secured POST /api/activity-sessions/heartbeat
2026-10-06 09:16:14 DEBUG [http-nio-0.0.0.0-8080-exec-4] FilterChainProxy - Securing OPTIONS /api/notifications/mine?limit=12
2026-10-06 09:16:14 DEBUG [http-nio-0.0.0.0-8080-exec-2] FilterChainProxy - Securing OPTIONS /api/notifications/mine/unread-count
2026-10-06 09:16:14 DEBUG [http-nio-0.0.0.0-8080-exec-12] FilterChainProxy - Securing GET /api/notifications/mine?limit=12
2026-10-06 09:16:14 DEBUG [http-nio-0.0.0.0-8080-exec-5] FilterChainProxy - Securing GET /api/notifications/mine/unread-count
2026-10-06 09:16:14 INFO  [http-nio-0.0.0.0-8080-exec-12] JwtAuthenticationFilter - JWT AUTHENTICATION SUCCESS
2026-10-06 09:16:14 INFO  [http-nio-0.0.0.0-8080-exec-5] JwtAuthenticationFilter - JWT AUTHENTICATION SUCCESS
2026-10-06 09:16:14 DEBUG [http-nio-0.0.0.0-8080-exec-12] FilterChainProxy - Secured GET /api/notifications/mine?limit=12
2026-10-06 09:16:14 DEBUG [http-nio-0.0.0.0-8080-exec-5] FilterChainProxy - Secured GET /api/notifications/mine/unread-count
2026-10-06 09:16:33 DEBUG [http-nio-0.0.0.0-8080-exec-6] FilterChainProxy - Securing OPTIONS /api/activity-sessions/heartbeat
2026-10-06 09:16:33 DEBUG [http-nio-0.0.0.0-8080-exec-7] FilterChainProxy - Securing POST /api/activity-sessions/heartbeat
2026-10-06 09:16:33 INFO  [http-nio-0.0.0.0-8080-exec-7] JwtAuthenticationFilter - JWT AUTHENTICATION SUCCESS
2026-10-06 09:16:33 DEBUG [http-nio-0.0.0.0-8080-exec-7] FilterChainProxy - Secured POST /api/activity-sessions/heartbeat
2026-10-06 09:16:59 DEBUG [http-nio-0.0.0.0-8080-exec-1] FilterChainProxy - Securing OPTIONS /api/notifications/mine/unread-count
2026-10-06 09:16:59 DEBUG [http-nio-0.0.0.0-8080-exec-9] FilterChainProxy - Securing OPTIONS /api/notifications/mine?limit=12
2026-10-06 09:16:59 DEBUG [http-nio-0.0.0.0-8080-exec-8] FilterChainProxy - Securing GET /api/notifications/mine/unread-count
2026-10-06 09:16:59 DEBUG [http-nio-0.0.0.0-8080-exec-11] FilterChainProxy - Securing GET /api/notifications/mine?limit=12
2026-10-06 09:16:59 INFO  [http-nio-0.0.0.0-8080-exec-11] JwtAuthenticationFilter - JWT AUTHENTICATION SUCCESS
2026-10-06 09:16:59 DEBUG [http-nio-0.0.0.0-8080-exec-11] FilterChainProxy - Secured GET /api/notifications/mine?limit=12
2026-10-06 09:16:59 INFO  [http-nio-0.0.0.0-8080-exec-8] JwtAuthenticationFilter - JWT AUTHENTICATION SUCCESS
2026-10-06 09:16:59 DEBUG [http-nio-0.0.0.0-8080-exec-8] FilterChainProxy - Secured GET /api/notifications/mine/unread-count
2026-10-06 09:17:03 DEBUG [http-nio-0.0.0.0-8080-exec-4] FilterChainProxy - Securing OPTIONS /api/activity-sessions/heartbeat
2026-10-06 09:17:03 DEBUG [http-nio-0.0.0.0-8080-exec-2] FilterChainProxy - Securing POST /api/activity-sessions/heartbeat
2026-10-06 09:17:03 INFO  [http-nio-0.0.0.0-8080-exec-2] JwtAuthenticationFilter - JWT AUTHENTICATION SUCCESS
2026-10-06 09:17:03 DEBUG [http-nio-0.0.0.0-8080-exec-2] FilterChainProxy - Secured POST /api/activity-sessions/heartbeat
2026-10-06 09:17:33 DEBUG [http-nio-0.0.0.0-8080-exec-12] FilterChainProxy - Securing OPTIONS /api/activity-sessions/heartbeat
2026-10-06 09:17:33 DEBUG [http-nio-0.0.0.0-8080-exec-5] FilterChainProxy - Securing POST /api/activity-sessions/heartbeat
2026-10-06 09:17:33 INFO  [http-nio-0.0.0.0-8080-exec-5] JwtAuthenticationFilter - JWT AUTHENTICATION SUCCESS
2026-10-06 09:17:33 DEBUG [http-nio-0.0.0.0-8080-exec-5] FilterChainProxy - Secured POST /api/activity-sessions/heartbeat
2026-10-06 09:17:44 DEBUG [http-nio-0.0.0.0-8080-exec-6] FilterChainProxy - Securing OPTIONS /api/notifications/mine?limit=12
2026-10-06 09:17:44 DEBUG [http-nio-0.0.0.0-8080-exec-7] FilterChainProxy - Securing OPTIONS /api/notifications/mine/unread-count
2026-10-06 09:17:44 DEBUG [http-nio-0.0.0.0-8080-exec-1] FilterChainProxy - Securing GET /api/notifications/mine/unread-count
2026-10-06 09:17:44 DEBUG [http-nio-0.0.0.0-8080-exec-9] FilterChainProxy - Securing GET /api/notifications/mine?limit=12
2026-10-06 09:17:44 INFO  [http-nio-0.0.0.0-8080-exec-1] JwtAuthenticationFilter - JWT AUTHENTICATION SUCCESS
2026-10-06 09:17:44 INFO  [http-nio-0.0.0.0-8080-exec-9] JwtAuthenticationFilter - JWT AUTHENTICATION SUCCESS
2026-10-06 09:17:44 DEBUG [http-nio-0.0.0.0-8080-exec-1] FilterChainProxy - Secured GET /api/notifications/mine/unread-count
2026-10-06 09:17:44 DEBUG [http-nio-0.0.0.0-8080-exec-9] FilterChainProxy - Secured GET /api/notifications/mine?limit=12
2026-10-06 09:18:03 DEBUG [http-nio-0.0.0.0-8080-exec-11] FilterChainProxy - Securing OPTIONS /api/activity-sessions/heartbeat
2026-10-06 09:18:03 DEBUG [http-nio-0.0.0.0-8080-exec-8] FilterChainProxy - Securing POST /api/activity-sessions/heartbeat
2026-10-06 09:18:03 INFO  [http-nio-0.0.0.0-8080-exec-8] JwtAuthenticationFilter - JWT AUTHENTICATION SUCCESS
2026-10-06 09:18:03 DEBUG [http-nio-0.0.0.0-8080-exec-8] FilterChainProxy - Secured POST /api/activity-sessions/heartbeat
2026-10-06 09:18:29 DEBUG [http-nio-0.0.0.0-8080-exec-4] FilterChainProxy - Securing OPTIONS /api/notifications/mine?limit=12
2026-10-06 09:18:29 DEBUG [http-nio-0.0.0.0-8080-exec-2] FilterChainProxy - Securing OPTIONS /api/notifications/mine/unread-count
2026-10-06 09:18:29 DEBUG [http-nio-0.0.0.0-8080-exec-12] FilterChainProxy - Securing GET /api/notifications/mine/unread-count
2026-10-06 09:18:29 INFO  [http-nio-0.0.0.0-8080-exec-12] JwtAuthenticationFilter - JWT AUTHENTICATION SUCCESS
2026-10-06 09:18:29 DEBUG [http-nio-0.0.0.0-8080-exec-12] FilterChainProxy - Secured GET /api/notifications/mine/unread-count
2026-10-06 09:18:29 DEBUG [http-nio-0.0.0.0-8080-exec-5] FilterChainProxy - Securing GET /api/notifications/mine?limit=12
2026-10-06 09:18:29 INFO  [http-nio-0.0.0.0-8080-exec-5] JwtAuthenticationFilter - JWT AUTHENTICATION SUCCESS
2026-10-06 09:18:29 DEBUG [http-nio-0.0.0.0-8080-exec-5] FilterChainProxy - Secured GET /api/notifications/mine?limit=12
2026-10-06 09:18:33 DEBUG [http-nio-0.0.0.0-8080-exec-7] FilterChainProxy - Securing OPTIONS /api/activity-sessions/heartbeat
2026-10-06 09:18:33 DEBUG [http-nio-0.0.0.0-8080-exec-6] FilterChainProxy - Securing POST /api/activity-sessions/heartbeat
2026-10-06 09:18:33 INFO  [http-nio-0.0.0.0-8080-exec-6] JwtAuthenticationFilter - JWT AUTHENTICATION SUCCESS
2026-10-06 09:18:33 DEBUG [http-nio-0.0.0.0-8080-exec-6] FilterChainProxy - Secured POST /api/activity-sessions/heartbeat
2026-10-06 09:19:03 DEBUG [http-nio-0.0.0.0-8080-exec-1] FilterChainProxy - Securing OPTIONS /api/activity-sessions/heartbeat
2026-10-06 09:19:03 DEBUG [http-nio-0.0.0.0-8080-exec-9] FilterChainProxy - Securing POST /api/activity-sessions/heartbeat
2026-10-06 09:19:03 INFO  [http-nio-0.0.0.0-8080-exec-9] JwtAuthenticationFilter - JWT AUTHENTICATION SUCCESS
2026-10-06 09:19:03 DEBUG [http-nio-0.0.0.0-8080-exec-9] FilterChainProxy - Secured POST /api/activity-sessions/heartbeat
2026-10-06 09:19:14 DEBUG [http-nio-0.0.0.0-8080-exec-11] FilterChainProxy - Securing OPTIONS /api/notifications/mine?limit=12
2026-10-06 09:19:14 DEBUG [http-nio-0.0.0.0-8080-exec-8] FilterChainProxy - Securing OPTIONS /api/notifications/mine/unread-count
2026-10-06 09:19:14 DEBUG [http-nio-0.0.0.0-8080-exec-2] FilterChainProxy - Securing GET /api/notifications/mine/unread-count
2026-10-06 09:19:14 DEBUG [http-nio-0.0.0.0-8080-exec-4] FilterChainProxy - Securing GET /api/notifications/mine?limit=12
2026-10-06 09:19:14 INFO  [http-nio-0.0.0.0-8080-exec-2] JwtAuthenticationFilter - JWT AUTHENTICATION SUCCESS
2026-10-06 09:19:14 DEBUG [http-nio-0.0.0.0-8080-exec-2] FilterChainProxy - Secured GET /api/notifications/mine/unread-count
2026-10-06 09:19:14 INFO  [http-nio-0.0.0.0-8080-exec-4] JwtAuthenticationFilter - JWT AUTHENTICATION SUCCESS
2026-10-06 09:19:14 DEBUG [http-nio-0.0.0.0-8080-exec-4] FilterChainProxy - Secured GET /api/notifications/mine?limit=12
2026-10-06 09:19:33 DEBUG [http-nio-0.0.0.0-8080-exec-12] FilterChainProxy - Securing OPTIONS /api/activity-sessions/heartbeat
2026-10-06 09:19:33 DEBUG [http-nio-0.0.0.0-8080-exec-5] FilterChainProxy - Securing POST /api/activity-sessions/heartbeat
2026-10-06 09:19:33 INFO  [http-nio-0.0.0.0-8080-exec-5] JwtAuthenticationFilter - JWT AUTHENTICATION SUCCESS
2026-10-06 09:19:33 DEBUG [http-nio-0.0.0.0-8080-exec-5] FilterChainProxy - Secured POST /api/activity-sessions/heartbeat
2026-10-06 09:19:59 DEBUG [http-nio-0.0.0.0-8080-exec-7] FilterChainProxy - Securing OPTIONS /api/notifications/mine?limit=12
2026-10-06 09:19:59 DEBUG [http-nio-0.0.0.0-8080-exec-6] FilterChainProxy - Securing OPTIONS /api/notifications/mine/unread-count
2026-10-06 09:19:59 DEBUG [http-nio-0.0.0.0-8080-exec-1] FilterChainProxy - Securing GET /api/notifications/mine/unread-count
2026-10-06 09:19:59 INFO  [http-nio-0.0.0.0-8080-exec-1] JwtAuthenticationFilter - JWT AUTHENTICATION SUCCESS
2026-10-06 09:19:59 DEBUG [http-nio-0.0.0.0-8080-exec-1] FilterChainProxy - Secured GET /api/notifications/mine/unread-count
2026-10-06 09:19:59 DEBUG [http-nio-0.0.0.0-8080-exec-9] FilterChainProxy - Securing GET /api/notifications/mine?limit=12
2026-10-06 09:19:59 INFO  [http-nio-0.0.0.0-8080-exec-9] JwtAuthenticationFilter - JWT AUTHENTICATION SUCCESS
2026-10-06 09:19:59 DEBUG [http-nio-0.0.0.0-8080-exec-9] FilterChainProxy - Secured GET /api/notifications/mine?limit=12
2026-10-06 09:20:03 DEBUG [http-nio-0.0.0.0-8080-exec-8] FilterChainProxy - Securing OPTIONS /api/activity-sessions/idle
2026-10-06 09:20:03 DEBUG [http-nio-0.0.0.0-8080-exec-11] FilterChainProxy - Securing POST /api/activity-sessions/idle
2026-10-06 09:20:03 INFO  [http-nio-0.0.0.0-8080-exec-11] JwtAuthenticationFilter - JWT AUTHENTICATION SUCCESS
2026-10-06 09:20:03 DEBUG [http-nio-0.0.0.0-8080-exec-11] FilterChainProxy - Secured POST /api/activity-sessions/idle
2026-10-06 09:20:24 DEBUG [http-nio-0.0.0.0-8080-exec-2] FilterChainProxy - Securing OPTIONS /api/activity-sessions/resume
2026-10-06 09:20:24 DEBUG [http-nio-0.0.0.0-8080-exec-4] FilterChainProxy - Securing POST /api/activity-sessions/resume
2026-10-06 09:20:24 INFO  [http-nio-0.0.0.0-8080-exec-4] JwtAuthenticationFilter - JWT AUTHENTICATION SUCCESS
2026-10-06 09:20:24 DEBUG [http-nio-0.0.0.0-8080-exec-4] FilterChainProxy - Secured POST /api/activity-sessions/resume
2026-10-06 09:20:27 DEBUG [http-nio-0.0.0.0-8080-exec-12] FilterChainProxy - Securing OPTIONS /api/performance/exam-results/1/chapters
2026-10-06 09:20:27 DEBUG [http-nio-0.0.0.0-8080-exec-5] FilterChainProxy - Securing GET /api/performance/exam-results/1/chapters
2026-10-06 09:20:27 INFO  [http-nio-0.0.0.0-8080-exec-5] JwtAuthenticationFilter - JWT AUTHENTICATION SUCCESS
2026-10-06 09:20:27 DEBUG [http-nio-0.0.0.0-8080-exec-5] FilterChainProxy - Secured GET /api/performance/exam-results/1/chapters
2026-10-06 09:20:29 DEBUG [http-nio-0.0.0.0-8080-exec-6] FilterChainProxy - Securing OPTIONS /api/exams/1/results/1
2026-10-06 09:20:29 DEBUG [http-nio-0.0.0.0-8080-exec-7] FilterChainProxy - Securing OPTIONS /api/exams/1/questions
2026-10-06 09:20:29 DEBUG [http-nio-0.0.0.0-8080-exec-9] FilterChainProxy - Securing OPTIONS /api/exams/1/results/1
2026-10-06 09:20:29 DEBUG [http-nio-0.0.0.0-8080-exec-1] FilterChainProxy - Securing OPTIONS /api/exams/1/questions
2026-10-06 09:20:29 DEBUG [http-nio-0.0.0.0-8080-exec-8] FilterChainProxy - Securing GET /api/exams/1/results/1
2026-10-06 09:20:29 DEBUG [http-nio-0.0.0.0-8080-exec-11] FilterChainProxy - Securing GET /api/exams/1/questions
2026-10-06 09:20:29 INFO  [http-nio-0.0.0.0-8080-exec-8] JwtAuthenticationFilter - JWT AUTHENTICATION SUCCESS
2026-10-06 09:20:29 DEBUG [http-nio-0.0.0.0-8080-exec-8] FilterChainProxy - Secured GET /api/exams/1/results/1
2026-10-06 09:20:29 INFO  [http-nio-0.0.0.0-8080-exec-11] JwtAuthenticationFilter - JWT AUTHENTICATION SUCCESS
2026-10-06 09:20:29 DEBUG [http-nio-0.0.0.0-8080-exec-11] FilterChainProxy - Secured GET /api/exams/1/questions
2026-10-06 09:20:29 DEBUG [http-nio-0.0.0.0-8080-exec-2] FilterChainProxy - Securing GET /api/exams/1/questions
2026-10-06 09:20:29 INFO  [http-nio-0.0.0.0-8080-exec-2] JwtAuthenticationFilter - JWT AUTHENTICATION SUCCESS
2026-10-06 09:20:29 DEBUG [http-nio-0.0.0.0-8080-exec-2] FilterChainProxy - Secured GET /api/exams/1/questions
2026-10-06 09:20:29 DEBUG [http-nio-0.0.0.0-8080-exec-4] FilterChainProxy - Securing GET /api/exams/1/results/1
2026-10-06 09:20:29 INFO  [http-nio-0.0.0.0-8080-exec-4] JwtAuthenticationFilter - JWT AUTHENTICATION SUCCESS
2026-10-06 09:20:29 DEBUG [http-nio-0.0.0.0-8080-exec-4] FilterChainProxy - Secured GET /api/exams/1/results/1
2026-10-06 09:20:32 DEBUG [http-nio-0.0.0.0-8080-exec-12] FilterChainProxy - Securing OPTIONS /api/notifications/mine?limit=12
2026-10-06 09:20:32 DEBUG [http-nio-0.0.0.0-8080-exec-5] FilterChainProxy - Securing OPTIONS /api/notifications/mine/unread-count
2026-10-06 09:20:32 DEBUG [http-nio-0.0.0.0-8080-exec-6] FilterChainProxy - Securing OPTIONS /api/course
2026-10-06 09:20:32 DEBUG [http-nio-0.0.0.0-8080-exec-7] FilterChainProxy - Securing OPTIONS /api/subjects
2026-10-06 09:20:32 DEBUG [http-nio-0.0.0.0-8080-exec-9] FilterChainProxy - Securing OPTIONS /api/chapter
2026-10-06 09:20:32 DEBUG [http-nio-0.0.0.0-8080-exec-1] FilterChainProxy - Securing GET /api/notifications/mine?limit=12
2026-10-06 09:20:32 DEBUG [http-nio-0.0.0.0-8080-exec-11] FilterChainProxy - Securing OPTIONS /api/topics
2026-10-06 09:20:32 INFO  [http-nio-0.0.0.0-8080-exec-1] JwtAuthenticationFilter - JWT AUTHENTICATION SUCCESS
2026-10-06 09:20:32 DEBUG [http-nio-0.0.0.0-8080-exec-1] FilterChainProxy - Secured GET /api/notifications/mine?limit=12
2026-10-06 09:20:32 DEBUG [http-nio-0.0.0.0-8080-exec-8] FilterChainProxy - Securing OPTIONS /api/questions
2026-10-06 09:20:32 DEBUG [http-nio-0.0.0.0-8080-exec-2] FilterChainProxy - Securing GET /api/notifications/mine/unread-count
2026-10-06 09:20:32 DEBUG [http-nio-0.0.0.0-8080-exec-4] FilterChainProxy - Securing OPTIONS /api/section
2026-10-06 09:20:32 INFO  [http-nio-0.0.0.0-8080-exec-2] JwtAuthenticationFilter - JWT AUTHENTICATION SUCCESS
2026-10-06 09:20:32 DEBUG [http-nio-0.0.0.0-8080-exec-2] FilterChainProxy - Secured GET /api/notifications/mine/unread-count
2026-10-06 09:20:32 DEBUG [http-nio-0.0.0.0-8080-exec-6] FilterChainProxy - Securing OPTIONS /api/branch
2026-10-06 09:20:32 DEBUG [http-nio-0.0.0.0-8080-exec-12] FilterChainProxy - Securing OPTIONS /api/college
2026-10-06 09:20:32 DEBUG [http-nio-0.0.0.0-8080-exec-5] FilterChainProxy - Securing OPTIONS /api/college
2026-10-06 09:20:32 DEBUG [http-nio-0.0.0.0-8080-exec-7] FilterChainProxy - Securing GET /api/course
2026-10-06 09:20:32 INFO  [http-nio-0.0.0.0-8080-exec-7] JwtAuthenticationFilter - JWT AUTHENTICATION SUCCESS
2026-10-06 09:20:32 DEBUG [http-nio-0.0.0.0-8080-exec-7] FilterChainProxy - Secured GET /api/course
2026-10-06 09:20:32 INFO  [http-nio-0.0.0.0-8080-exec-7] CourseController - Received request to fetch all courses.
2026-10-06 09:20:32 INFO  [http-nio-0.0.0.0-8080-exec-7] CourseService - Fetching all courses.
2026-10-06 09:20:32 INFO  [http-nio-0.0.0.0-8080-exec-7] CourseService - Fetched 1 courses.
2026-10-06 09:20:32 INFO  [http-nio-0.0.0.0-8080-exec-7] CourseController - Fetched 1 courses successfully.
2026-10-06 09:20:32 DEBUG [http-nio-0.0.0.0-8080-exec-8] FilterChainProxy - Securing OPTIONS /api/exams
2026-10-06 09:20:32 DEBUG [http-nio-0.0.0.0-8080-exec-9] FilterChainProxy - Securing OPTIONS /api/branch
2026-10-06 09:20:32 DEBUG [http-nio-0.0.0.0-8080-exec-11] FilterChainProxy - Securing OPTIONS /api/section
2026-10-06 09:20:32 DEBUG [http-nio-0.0.0.0-8080-exec-1] FilterChainProxy - Securing GET /api/notifications/mine?limit=12
2026-10-06 09:20:32 DEBUG [http-nio-0.0.0.0-8080-exec-4] FilterChainProxy - Securing GET /api/subjects
2026-10-06 09:20:32 DEBUG [http-nio-0.0.0.0-8080-exec-5] FilterChainProxy - Securing OPTIONS /api/users/students_Guest
2026-10-06 09:20:32 DEBUG [http-nio-0.0.0.0-8080-exec-2] FilterChainProxy - Securing GET /api/chapter
2026-10-06 09:20:32 DEBUG [http-nio-0.0.0.0-8080-exec-12] FilterChainProxy - Securing OPTIONS /api/performance/super-admin
2026-10-06 09:20:32 DEBUG [http-nio-0.0.0.0-8080-exec-6] FilterChainProxy - Securing GET /api/notifications/mine/unread-count
2026-10-06 09:20:32 DEBUG [http-nio-0.0.0.0-8080-exec-7] FilterChainProxy - Securing OPTIONS /api/activity-sessions/resume
2026-10-06 09:20:32 DEBUG [http-nio-0.0.0.0-8080-exec-7] FilterChainProxy - Securing GET /api/topics
2026-10-06 09:20:32 INFO  [http-nio-0.0.0.0-8080-exec-1] JwtAuthenticationFilter - JWT AUTHENTICATION SUCCESS
2026-10-06 09:20:32 INFO  [http-nio-0.0.0.0-8080-exec-4] JwtAuthenticationFilter - JWT AUTHENTICATION SUCCESS
2026-10-06 09:20:32 INFO  [http-nio-0.0.0.0-8080-exec-2] JwtAuthenticationFilter - JWT AUTHENTICATION SUCCESS
2026-10-06 09:20:32 DEBUG [http-nio-0.0.0.0-8080-exec-4] FilterChainProxy - Secured GET /api/subjects
2026-10-06 09:20:32 DEBUG [http-nio-0.0.0.0-8080-exec-1] FilterChainProxy - Secured GET /api/notifications/mine?limit=12
2026-10-06 09:20:32 DEBUG [http-nio-0.0.0.0-8080-exec-2] FilterChainProxy - Secured GET /api/chapter
2026-10-06 09:20:32 DEBUG [http-nio-0.0.0.0-8080-exec-8] FilterChainProxy - Securing GET /api/questions
2026-10-06 09:20:32 INFO  [http-nio-0.0.0.0-8080-exec-2] ChapterController - Received request to fetch all chapters.
2026-10-06 09:20:32 INFO  [http-nio-0.0.0.0-8080-exec-2] ChapterService - Fetching all chapters.
2026-10-06 09:20:32 INFO  [http-nio-0.0.0.0-8080-exec-6] JwtAuthenticationFilter - JWT AUTHENTICATION SUCCESS
2026-10-06 09:20:32 DEBUG [http-nio-0.0.0.0-8080-exec-6] FilterChainProxy - Secured GET /api/notifications/mine/unread-count
2026-10-06 09:20:32 INFO  [http-nio-0.0.0.0-8080-exec-2] ChapterService - Fetched 6 chapters.
2026-10-06 09:20:32 INFO  [http-nio-0.0.0.0-8080-exec-2] ChapterController - Fetched 6 chapters successfully.
2026-10-06 09:20:32 INFO  [http-nio-0.0.0.0-8080-exec-8] JwtAuthenticationFilter - JWT AUTHENTICATION SUCCESS
2026-10-06 09:20:32 DEBUG [http-nio-0.0.0.0-8080-exec-8] FilterChainProxy - Secured GET /api/questions
2026-10-06 09:20:32 INFO  [http-nio-0.0.0.0-8080-exec-7] JwtAuthenticationFilter - JWT AUTHENTICATION SUCCESS
2026-10-06 09:20:32 DEBUG [http-nio-0.0.0.0-8080-exec-7] FilterChainProxy - Secured GET /api/topics
2026-10-06 09:20:32 DEBUG [http-nio-0.0.0.0-8080-exec-9] FilterChainProxy - Securing OPTIONS /api/subjects
2026-10-06 09:20:32 DEBUG [http-nio-0.0.0.0-8080-exec-5] FilterChainProxy - Securing OPTIONS /api/chapter
2026-10-06 09:20:32 DEBUG [http-nio-0.0.0.0-8080-exec-12] FilterChainProxy - Securing OPTIONS /api/topics
2026-10-06 09:20:32 DEBUG [http-nio-0.0.0.0-8080-exec-11] FilterChainProxy - Securing OPTIONS /api/questions
2026-10-06 09:20:32 DEBUG [http-nio-0.0.0.0-8080-exec-1] FilterChainProxy - Securing OPTIONS /api/college
2026-10-06 09:20:32 DEBUG [http-nio-0.0.0.0-8080-exec-4] FilterChainProxy - Securing OPTIONS /api/branch
2026-10-06 09:20:32 DEBUG [http-nio-0.0.0.0-8080-exec-6] FilterChainProxy - Securing GET /api/course
2026-10-06 09:20:32 DEBUG [http-nio-0.0.0.0-8080-exec-7] FilterChainProxy - Securing GET /api/college
2026-10-06 09:20:32 DEBUG [http-nio-0.0.0.0-8080-exec-2] FilterChainProxy - Securing GET /api/section
2026-10-06 09:20:32 DEBUG [http-nio-0.0.0.0-8080-exec-5] FilterChainProxy - Securing GET /api/exams
2026-10-06 09:20:32 DEBUG [http-nio-0.0.0.0-8080-exec-9] FilterChainProxy - Securing GET /api/branch
2026-10-06 09:20:32 DEBUG [http-nio-0.0.0.0-8080-exec-11] FilterChainProxy - Securing OPTIONS /api/section
2026-10-06 09:20:32 DEBUG [http-nio-0.0.0.0-8080-exec-12] FilterChainProxy - Securing OPTIONS /api/college
2026-10-06 09:20:32 DEBUG [http-nio-0.0.0.0-8080-exec-4] FilterChainProxy - Securing OPTIONS /api/section
2026-10-06 09:20:32 DEBUG [http-nio-0.0.0.0-8080-exec-1] FilterChainProxy - Securing OPTIONS /api/branch
2026-10-06 09:20:32 INFO  [http-nio-0.0.0.0-8080-exec-7] JwtAuthenticationFilter - JWT AUTHENTICATION SUCCESS
2026-10-06 09:20:32 DEBUG [http-nio-0.0.0.0-8080-exec-11] FilterChainProxy - Securing OPTIONS /api/exams
2026-10-06 09:20:32 INFO  [http-nio-0.0.0.0-8080-exec-5] JwtAuthenticationFilter - JWT AUTHENTICATION SUCCESS
2026-10-06 09:20:32 DEBUG [http-nio-0.0.0.0-8080-exec-7] FilterChainProxy - Secured GET /api/college
2026-10-06 09:20:32 DEBUG [http-nio-0.0.0.0-8080-exec-5] FilterChainProxy - Secured GET /api/exams
2026-10-06 09:20:32 INFO  [http-nio-0.0.0.0-8080-exec-6] JwtAuthenticationFilter - JWT AUTHENTICATION SUCCESS
2026-10-06 09:20:32 INFO  [http-nio-0.0.0.0-8080-exec-9] JwtAuthenticationFilter - JWT AUTHENTICATION SUCCESS
2026-10-06 09:20:32 DEBUG [http-nio-0.0.0.0-8080-exec-6] FilterChainProxy - Secured GET /api/course
2026-10-06 09:20:32 DEBUG [http-nio-0.0.0.0-8080-exec-9] FilterChainProxy - Secured GET /api/branch
2026-10-06 09:20:32 INFO  [http-nio-0.0.0.0-8080-exec-7] CollegeController - Received request to fetch all colleges.
2026-10-06 09:20:32 INFO  [http-nio-0.0.0.0-8080-exec-7] CollegeService - Fetching all colleges.
2026-10-06 09:20:32 INFO  [http-nio-0.0.0.0-8080-exec-6] CourseController - Received request to fetch all courses.
2026-10-06 09:20:32 INFO  [http-nio-0.0.0.0-8080-exec-6] CourseService - Fetching all courses.
2026-10-06 09:20:32 INFO  [http-nio-0.0.0.0-8080-exec-9] BranchController - Received request to fetch all branches.
2026-10-06 09:20:32 INFO  [http-nio-0.0.0.0-8080-exec-9] BranchService - Fetching all branches.
2026-10-06 09:20:32 INFO  [http-nio-0.0.0.0-8080-exec-2] JwtAuthenticationFilter - JWT AUTHENTICATION SUCCESS
2026-10-06 09:20:32 DEBUG [http-nio-0.0.0.0-8080-exec-2] FilterChainProxy - Secured GET /api/section
2026-10-06 09:20:32 INFO  [http-nio-0.0.0.0-8080-exec-2] SectionController - Received request to fetch all sections.
2026-10-06 09:20:32 INFO  [http-nio-0.0.0.0-8080-exec-2] SectionService - Fetching all sections.
2026-10-06 09:20:32 INFO  [http-nio-0.0.0.0-8080-exec-7] CollegeService - Fetched 1 colleges.
2026-10-06 09:20:32 INFO  [http-nio-0.0.0.0-8080-exec-7] CollegeController - Fetched 1 colleges successfully.
2026-10-06 09:20:32 INFO  [http-nio-0.0.0.0-8080-exec-9] BranchService - Fetched 3 branches.
2026-10-06 09:20:32 INFO  [http-nio-0.0.0.0-8080-exec-9] BranchController - Fetched 3 branches successfully.
2026-10-06 09:20:32 INFO  [http-nio-0.0.0.0-8080-exec-6] CourseService - Fetched 1 courses.
2026-10-06 09:20:32 INFO  [http-nio-0.0.0.0-8080-exec-6] CourseController - Fetched 1 courses successfully.
2026-10-06 09:20:32 DEBUG [http-nio-0.0.0.0-8080-exec-12] FilterChainProxy - Securing OPTIONS /api/users/students_Guest
2026-10-06 09:20:32 INFO  [http-nio-0.0.0.0-8080-exec-2] SectionService - Fetched 1 sections.
2026-10-06 09:20:32 INFO  [http-nio-0.0.0.0-8080-exec-2] SectionController - Fetched 1 sections successfully.
2026-10-06 09:20:32 DEBUG [http-nio-0.0.0.0-8080-exec-4] FilterChainProxy - Securing OPTIONS /api/performance/super-admin
2026-10-06 09:20:32 DEBUG [http-nio-0.0.0.0-8080-exec-11] FilterChainProxy - Securing GET /api/performance/super-admin
2026-10-06 09:20:32 DEBUG [http-nio-0.0.0.0-8080-exec-1] FilterChainProxy - Securing GET /api/users/students_Guest
2026-10-06 09:20:32 DEBUG [http-nio-0.0.0.0-8080-exec-4] FilterChainProxy - Securing POST /api/activity-sessions/resume
2026-10-06 09:20:32 DEBUG [http-nio-0.0.0.0-8080-exec-6] FilterChainProxy - Securing GET /api/chapter
2026-10-06 09:20:32 DEBUG [http-nio-0.0.0.0-8080-exec-9] FilterChainProxy - Securing GET /api/subjects
2026-10-06 09:20:32 INFO  [http-nio-0.0.0.0-8080-exec-4] JwtAuthenticationFilter - JWT AUTHENTICATION SUCCESS
2026-10-06 09:20:32 INFO  [http-nio-0.0.0.0-8080-exec-11] JwtAuthenticationFilter - JWT AUTHENTICATION SUCCESS
2026-10-06 09:20:32 INFO  [http-nio-0.0.0.0-8080-exec-1] JwtAuthenticationFilter - JWT AUTHENTICATION SUCCESS
2026-10-06 09:20:32 DEBUG [http-nio-0.0.0.0-8080-exec-11] FilterChainProxy - Secured GET /api/performance/super-admin
2026-10-06 09:20:32 DEBUG [http-nio-0.0.0.0-8080-exec-1] FilterChainProxy - Secured GET /api/users/students_Guest
2026-10-06 09:20:32 DEBUG [http-nio-0.0.0.0-8080-exec-4] FilterChainProxy - Secured POST /api/activity-sessions/resume
2026-10-06 09:20:32 INFO  [http-nio-0.0.0.0-8080-exec-6] JwtAuthenticationFilter - JWT AUTHENTICATION SUCCESS
2026-10-06 09:20:32 DEBUG [http-nio-0.0.0.0-8080-exec-6] FilterChainProxy - Secured GET /api/chapter
2026-10-06 09:20:32 INFO  [http-nio-0.0.0.0-8080-exec-6] ChapterController - Received request to fetch all chapters.
2026-10-06 09:20:32 INFO  [http-nio-0.0.0.0-8080-exec-6] ChapterService - Fetching all chapters.
2026-10-06 09:20:32 INFO  [http-nio-0.0.0.0-8080-exec-9] JwtAuthenticationFilter - JWT AUTHENTICATION SUCCESS
2026-10-06 09:20:32 DEBUG [http-nio-0.0.0.0-8080-exec-9] FilterChainProxy - Secured GET /api/subjects
2026-10-06 09:20:32 INFO  [http-nio-0.0.0.0-8080-exec-6] ChapterService - Fetched 6 chapters.
2026-10-06 09:20:32 INFO  [http-nio-0.0.0.0-8080-exec-6] ChapterController - Fetched 6 chapters successfully.
2026-10-06 09:20:32 DEBUG [http-nio-0.0.0.0-8080-exec-12] FilterChainProxy - Securing GET /api/topics
2026-10-06 09:20:32 DEBUG [http-nio-0.0.0.0-8080-exec-2] FilterChainProxy - Securing GET /api/college
2026-10-06 09:20:32 DEBUG [http-nio-0.0.0.0-8080-exec-5] FilterChainProxy - Securing GET /api/branch
2026-10-06 09:20:32 DEBUG [http-nio-0.0.0.0-8080-exec-7] FilterChainProxy - Securing GET /api/course
2026-10-06 09:20:32 INFO  [http-nio-0.0.0.0-8080-exec-12] JwtAuthenticationFilter - JWT AUTHENTICATION SUCCESS
2026-10-06 09:20:32 DEBUG [http-nio-0.0.0.0-8080-exec-12] FilterChainProxy - Secured GET /api/topics
2026-10-06 09:20:32 DEBUG [http-nio-0.0.0.0-8080-exec-6] FilterChainProxy - Securing GET /api/section
2026-10-06 09:20:32 INFO  [http-nio-0.0.0.0-8080-exec-2] JwtAuthenticationFilter - JWT AUTHENTICATION SUCCESS
2026-10-06 09:20:32 DEBUG [http-nio-0.0.0.0-8080-exec-2] FilterChainProxy - Secured GET /api/college
2026-10-06 09:20:32 INFO  [http-nio-0.0.0.0-8080-exec-5] JwtAuthenticationFilter - JWT AUTHENTICATION SUCCESS
2026-10-06 09:20:32 DEBUG [http-nio-0.0.0.0-8080-exec-5] FilterChainProxy - Secured GET /api/branch
2026-10-06 09:20:32 INFO  [http-nio-0.0.0.0-8080-exec-2] CollegeController - Received request to fetch all colleges.
2026-10-06 09:20:32 INFO  [http-nio-0.0.0.0-8080-exec-5] BranchController - Received request to fetch all branches.
2026-10-06 09:20:32 INFO  [http-nio-0.0.0.0-8080-exec-2] CollegeService - Fetching all colleges.
2026-10-06 09:20:32 INFO  [http-nio-0.0.0.0-8080-exec-5] BranchService - Fetching all branches.
2026-10-06 09:20:32 INFO  [http-nio-0.0.0.0-8080-exec-7] JwtAuthenticationFilter - JWT AUTHENTICATION SUCCESS
2026-10-06 09:20:32 DEBUG [http-nio-0.0.0.0-8080-exec-7] FilterChainProxy - Secured GET /api/course
2026-10-06 09:20:32 INFO  [http-nio-0.0.0.0-8080-exec-7] CourseController - Received request to fetch all courses.
2026-10-06 09:20:32 INFO  [http-nio-0.0.0.0-8080-exec-7] CourseService - Fetching all courses.
2026-10-06 09:20:32 INFO  [http-nio-0.0.0.0-8080-exec-6] JwtAuthenticationFilter - JWT AUTHENTICATION SUCCESS
2026-10-06 09:20:32 INFO  [http-nio-0.0.0.0-8080-exec-5] BranchService - Fetched 3 branches.
2026-10-06 09:20:32 INFO  [http-nio-0.0.0.0-8080-exec-2] CollegeService - Fetched 1 colleges.
2026-10-06 09:20:32 INFO  [http-nio-0.0.0.0-8080-exec-5] BranchController - Fetched 3 branches successfully.
2026-10-06 09:20:32 INFO  [http-nio-0.0.0.0-8080-exec-2] CollegeController - Fetched 1 colleges successfully.
2026-10-06 09:20:32 DEBUG [http-nio-0.0.0.0-8080-exec-6] FilterChainProxy - Secured GET /api/section
2026-10-06 09:20:32 INFO  [http-nio-0.0.0.0-8080-exec-6] SectionController - Received request to fetch all sections.
2026-10-06 09:20:32 INFO  [http-nio-0.0.0.0-8080-exec-6] SectionService - Fetching all sections.
2026-10-06 09:20:32 INFO  [http-nio-0.0.0.0-8080-exec-7] CourseService - Fetched 1 courses.
2026-10-06 09:20:32 INFO  [http-nio-0.0.0.0-8080-exec-7] CourseController - Fetched 1 courses successfully.
2026-10-06 09:20:32 INFO  [http-nio-0.0.0.0-8080-exec-6] SectionService - Fetched 1 sections.
2026-10-06 09:20:32 INFO  [http-nio-0.0.0.0-8080-exec-6] SectionController - Fetched 1 sections successfully.
2026-10-06 09:20:32 DEBUG [http-nio-0.0.0.0-8080-exec-9] FilterChainProxy - Securing GET /api/exams
2026-10-06 09:20:32 DEBUG [http-nio-0.0.0.0-8080-exec-11] FilterChainProxy - Securing GET /api/users/students_Guest
2026-10-06 09:20:32 DEBUG [http-nio-0.0.0.0-8080-exec-1] FilterChainProxy - Securing GET /api/branch
2026-10-06 09:20:32 DEBUG [http-nio-0.0.0.0-8080-exec-4] FilterChainProxy - Securing GET /api/performance/super-admin
2026-10-06 09:20:32 DEBUG [http-nio-0.0.0.0-8080-exec-2] FilterChainProxy - Securing GET /api/college
2026-10-06 09:20:32 INFO  [http-nio-0.0.0.0-8080-exec-11] JwtAuthenticationFilter - JWT AUTHENTICATION SUCCESS
2026-10-06 09:20:32 INFO  [http-nio-0.0.0.0-8080-exec-1] JwtAuthenticationFilter - JWT AUTHENTICATION SUCCESS
2026-10-06 09:20:32 INFO  [http-nio-0.0.0.0-8080-exec-9] JwtAuthenticationFilter - JWT AUTHENTICATION SUCCESS
2026-10-06 09:20:32 DEBUG [http-nio-0.0.0.0-8080-exec-1] FilterChainProxy - Secured GET /api/branch
2026-10-06 09:20:32 DEBUG [http-nio-0.0.0.0-8080-exec-9] FilterChainProxy - Secured GET /api/exams
2026-10-06 09:20:32 DEBUG [http-nio-0.0.0.0-8080-exec-11] FilterChainProxy - Secured GET /api/users/students_Guest
2026-10-06 09:20:32 INFO  [http-nio-0.0.0.0-8080-exec-1] BranchController - Received request to fetch all branches.
2026-10-06 09:20:32 INFO  [http-nio-0.0.0.0-8080-exec-1] BranchService - Fetching all branches.
2026-10-06 09:20:32 INFO  [http-nio-0.0.0.0-8080-exec-4] JwtAuthenticationFilter - JWT AUTHENTICATION SUCCESS
2026-10-06 09:20:32 INFO  [http-nio-0.0.0.0-8080-exec-2] JwtAuthenticationFilter - JWT AUTHENTICATION SUCCESS
2026-10-06 09:20:32 DEBUG [http-nio-0.0.0.0-8080-exec-2] FilterChainProxy - Secured GET /api/college
2026-10-06 09:20:32 DEBUG [http-nio-0.0.0.0-8080-exec-4] FilterChainProxy - Secured GET /api/performance/super-admin
2026-10-06 09:20:32 INFO  [http-nio-0.0.0.0-8080-exec-2] CollegeController - Received request to fetch all colleges.
2026-10-06 09:20:32 INFO  [http-nio-0.0.0.0-8080-exec-2] CollegeService - Fetching all colleges.
2026-10-06 09:20:32 INFO  [http-nio-0.0.0.0-8080-exec-1] BranchService - Fetched 3 branches.
2026-10-06 09:20:32 INFO  [http-nio-0.0.0.0-8080-exec-1] BranchController - Fetched 3 branches successfully.
2026-10-06 09:20:32 INFO  [http-nio-0.0.0.0-8080-exec-2] CollegeService - Fetched 1 colleges.
2026-10-06 09:20:32 INFO  [http-nio-0.0.0.0-8080-exec-2] CollegeController - Fetched 1 colleges successfully.
2026-10-06 09:20:32 DEBUG [http-nio-0.0.0.0-8080-exec-5] FilterChainProxy - Securing GET /api/course
2026-10-06 09:20:32 DEBUG [http-nio-0.0.0.0-8080-exec-7] FilterChainProxy - Securing GET /api/section
2026-10-06 09:20:32 DEBUG [http-nio-0.0.0.0-8080-exec-12] FilterChainProxy - Securing GET /api/branch
2026-10-06 09:20:32 DEBUG [http-nio-0.0.0.0-8080-exec-6] FilterChainProxy - Securing GET /api/college
2026-10-06 09:20:32 INFO  [http-nio-0.0.0.0-8080-exec-7] JwtAuthenticationFilter - JWT AUTHENTICATION SUCCESS
2026-10-06 09:20:32 DEBUG [http-nio-0.0.0.0-8080-exec-7] FilterChainProxy - Secured GET /api/section
2026-10-06 09:20:32 INFO  [http-nio-0.0.0.0-8080-exec-7] SectionController - Received request to fetch all sections.
2026-10-06 09:20:32 INFO  [http-nio-0.0.0.0-8080-exec-7] SectionService - Fetching all sections.
2026-10-06 09:20:32 INFO  [http-nio-0.0.0.0-8080-exec-12] JwtAuthenticationFilter - JWT AUTHENTICATION SUCCESS
2026-10-06 09:20:32 INFO  [http-nio-0.0.0.0-8080-exec-5] JwtAuthenticationFilter - JWT AUTHENTICATION SUCCESS
2026-10-06 09:20:32 DEBUG [http-nio-0.0.0.0-8080-exec-12] FilterChainProxy - Secured GET /api/branch
2026-10-06 09:20:32 DEBUG [http-nio-0.0.0.0-8080-exec-5] FilterChainProxy - Secured GET /api/course
2026-10-06 09:20:32 INFO  [http-nio-0.0.0.0-8080-exec-6] JwtAuthenticationFilter - JWT AUTHENTICATION SUCCESS
2026-10-06 09:20:32 INFO  [http-nio-0.0.0.0-8080-exec-5] CourseController - Received request to fetch all courses.
2026-10-06 09:20:32 INFO  [http-nio-0.0.0.0-8080-exec-12] BranchController - Received request to fetch all branches.
2026-10-06 09:20:32 DEBUG [http-nio-0.0.0.0-8080-exec-6] FilterChainProxy - Secured GET /api/college
2026-10-06 09:20:32 INFO  [http-nio-0.0.0.0-8080-exec-5] CourseService - Fetching all courses.
2026-10-06 09:20:32 INFO  [http-nio-0.0.0.0-8080-exec-12] BranchService - Fetching all branches.
2026-10-06 09:20:32 INFO  [http-nio-0.0.0.0-8080-exec-6] CollegeController - Received request to fetch all colleges.
2026-10-06 09:20:32 INFO  [http-nio-0.0.0.0-8080-exec-6] CollegeService - Fetching all colleges.
2026-10-06 09:20:32 INFO  [http-nio-0.0.0.0-8080-exec-6] CollegeService - Fetched 1 colleges.
2026-10-06 09:20:32 INFO  [http-nio-0.0.0.0-8080-exec-6] CollegeController - Fetched 1 colleges successfully.
2026-10-06 09:20:32 INFO  [http-nio-0.0.0.0-8080-exec-5] CourseService - Fetched 1 courses.
2026-10-06 09:20:32 INFO  [http-nio-0.0.0.0-8080-exec-12] BranchService - Fetched 3 branches.
2026-10-06 09:20:32 INFO  [http-nio-0.0.0.0-8080-exec-5] CourseController - Fetched 1 courses successfully.
2026-10-06 09:20:32 INFO  [http-nio-0.0.0.0-8080-exec-12] BranchController - Fetched 3 branches successfully.
2026-10-06 09:20:32 INFO  [http-nio-0.0.0.0-8080-exec-7] SectionService - Fetched 1 sections.
2026-10-06 09:20:32 INFO  [http-nio-0.0.0.0-8080-exec-7] SectionController - Fetched 1 sections successfully.
2026-10-06 09:20:32 DEBUG [http-nio-0.0.0.0-8080-exec-1] FilterChainProxy - Securing GET /api/section
2026-10-06 09:20:32 INFO  [http-nio-0.0.0.0-8080-exec-1] JwtAuthenticationFilter - JWT AUTHENTICATION SUCCESS
2026-10-06 09:20:32 DEBUG [http-nio-0.0.0.0-8080-exec-1] FilterChainProxy - Secured GET /api/section
2026-10-06 09:20:32 INFO  [http-nio-0.0.0.0-8080-exec-1] SectionController - Received request to fetch all sections.
2026-10-06 09:20:32 INFO  [http-nio-0.0.0.0-8080-exec-1] SectionService - Fetching all sections.
2026-10-06 09:20:32 INFO  [http-nio-0.0.0.0-8080-exec-1] SectionService - Fetched 1 sections.
2026-10-06 09:20:32 INFO  [http-nio-0.0.0.0-8080-exec-1] SectionController - Fetched 1 sections successfully.
2026-10-06 09:20:32 DEBUG [http-nio-0.0.0.0-8080-exec-2] FilterChainProxy - Securing GET /api/questions
2026-10-06 09:20:32 INFO  [http-nio-0.0.0.0-8080-exec-2] JwtAuthenticationFilter - JWT AUTHENTICATION SUCCESS
2026-10-06 09:20:32 DEBUG [http-nio-0.0.0.0-8080-exec-2] FilterChainProxy - Secured GET /api/questions
2026-10-06 09:20:38 DEBUG [http-nio-0.0.0.0-8080-exec-9] FilterChainProxy - Securing OPTIONS /api/performance/super-admin?examId=1&studentId=11
2026-10-06 09:20:38 DEBUG [http-nio-0.0.0.0-8080-exec-11] FilterChainProxy - Securing GET /api/performance/super-admin?examId=1&studentId=11
2026-10-06 09:20:38 INFO  [http-nio-0.0.0.0-8080-exec-11] JwtAuthenticationFilter - JWT AUTHENTICATION SUCCESS
2026-10-06 09:20:38 DEBUG [http-nio-0.0.0.0-8080-exec-11] FilterChainProxy - Secured GET /api/performance/super-admin?examId=1&studentId=11
2026-10-06 09:20:44 DEBUG [http-nio-0.0.0.0-8080-exec-4] FilterChainProxy - Securing OPTIONS /api/performance/super-admin?studentId=11
2026-10-06 09:20:44 DEBUG [http-nio-0.0.0.0-8080-exec-6] FilterChainProxy - Securing GET /api/performance/super-admin?studentId=11
2026-10-06 09:20:44 INFO  [http-nio-0.0.0.0-8080-exec-6] JwtAuthenticationFilter - JWT AUTHENTICATION SUCCESS
2026-10-06 09:20:44 DEBUG [http-nio-0.0.0.0-8080-exec-6] FilterChainProxy - Secured GET /api/performance/super-admin?studentId=11
2026-10-06 09:20:46 DEBUG [http-nio-0.0.0.0-8080-exec-5] FilterChainProxy - Securing OPTIONS /api/performance/exam-results/2/chapters
2026-10-06 09:20:46 DEBUG [http-nio-0.0.0.0-8080-exec-12] FilterChainProxy - Securing GET /api/performance/exam-results/2/chapters
2026-10-06 09:20:46 INFO  [http-nio-0.0.0.0-8080-exec-12] JwtAuthenticationFilter - JWT AUTHENTICATION SUCCESS
2026-10-06 09:20:46 DEBUG [http-nio-0.0.0.0-8080-exec-12] FilterChainProxy - Secured GET /api/performance/exam-results/2/chapters
2026-10-06 09:20:53 DEBUG [http-nio-0.0.0.0-8080-exec-7] FilterChainProxy - Securing OPTIONS /api/exams/1/results/2
2026-10-06 09:20:53 DEBUG [http-nio-0.0.0.0-8080-exec-1] FilterChainProxy - Securing OPTIONS /api/exams/1/questions
2026-10-06 09:20:53 DEBUG [http-nio-0.0.0.0-8080-exec-8] FilterChainProxy - Securing OPTIONS /api/exams/1/results/2
2026-10-06 09:20:53 DEBUG [http-nio-0.0.0.0-8080-exec-2] FilterChainProxy - Securing OPTIONS /api/exams/1/questions
2026-10-06 09:20:53 DEBUG [http-nio-0.0.0.0-8080-exec-9] FilterChainProxy - Securing GET /api/exams/1/questions
2026-10-06 09:20:53 DEBUG [http-nio-0.0.0.0-8080-exec-11] FilterChainProxy - Securing GET /api/exams/1/results/2
2026-10-06 09:20:53 INFO  [http-nio-0.0.0.0-8080-exec-11] JwtAuthenticationFilter - JWT AUTHENTICATION SUCCESS
2026-10-06 09:20:53 INFO  [http-nio-0.0.0.0-8080-exec-9] JwtAuthenticationFilter - JWT AUTHENTICATION SUCCESS
2026-10-06 09:20:53 DEBUG [http-nio-0.0.0.0-8080-exec-9] FilterChainProxy - Secured GET /api/exams/1/questions
2026-10-06 09:20:53 DEBUG [http-nio-0.0.0.0-8080-exec-11] FilterChainProxy - Secured GET /api/exams/1/results/2
2026-10-06 09:20:53 DEBUG [http-nio-0.0.0.0-8080-exec-4] FilterChainProxy - Securing GET /api/exams/1/questions
2026-10-06 09:20:53 INFO  [http-nio-0.0.0.0-8080-exec-4] JwtAuthenticationFilter - JWT AUTHENTICATION SUCCESS
2026-10-06 09:20:53 DEBUG [http-nio-0.0.0.0-8080-exec-4] FilterChainProxy - Secured GET /api/exams/1/questions
2026-10-06 09:20:53 DEBUG [http-nio-0.0.0.0-8080-exec-6] FilterChainProxy - Securing GET /api/exams/1/results/2
2026-10-06 09:20:53 INFO  [http-nio-0.0.0.0-8080-exec-6] JwtAuthenticationFilter - JWT AUTHENTICATION SUCCESS
2026-10-06 09:20:53 DEBUG [http-nio-0.0.0.0-8080-exec-6] FilterChainProxy - Secured GET /api/exams/1/results/2
2026-10-06 09:20:54 DEBUG [http-nio-0.0.0.0-8080-exec-5] FilterChainProxy - Securing OPTIONS /api/notifications/mine?limit=12
2026-10-06 09:20:54 DEBUG [http-nio-0.0.0.0-8080-exec-12] FilterChainProxy - Securing OPTIONS /api/notifications/mine/unread-count
2026-10-06 09:20:54 DEBUG [http-nio-0.0.0.0-8080-exec-1] FilterChainProxy - Securing OPTIONS /api/course
2026-10-06 09:20:54 DEBUG [http-nio-0.0.0.0-8080-exec-7] FilterChainProxy - Securing OPTIONS /api/subjects
2026-10-06 09:20:54 DEBUG [http-nio-0.0.0.0-8080-exec-8] FilterChainProxy - Securing GET /api/notifications/mine?limit=12
2026-10-06 09:20:54 DEBUG [http-nio-0.0.0.0-8080-exec-2] FilterChainProxy - Securing OPTIONS /api/chapter
2026-10-06 09:20:54 INFO  [http-nio-0.0.0.0-8080-exec-8] JwtAuthenticationFilter - JWT AUTHENTICATION SUCCESS
2026-10-06 09:20:54 DEBUG [http-nio-0.0.0.0-8080-exec-8] FilterChainProxy - Secured GET /api/notifications/mine?limit=12
2026-10-06 09:20:54 DEBUG [http-nio-0.0.0.0-8080-exec-9] FilterChainProxy - Securing OPTIONS /api/topics
2026-10-06 09:20:54 DEBUG [http-nio-0.0.0.0-8080-exec-4] FilterChainProxy - Securing GET /api/notifications/mine/unread-count
2026-10-06 09:20:54 DEBUG [http-nio-0.0.0.0-8080-exec-11] FilterChainProxy - Securing OPTIONS /api/questions
2026-10-06 09:20:54 DEBUG [http-nio-0.0.0.0-8080-exec-6] FilterChainProxy - Securing OPTIONS /api/college
2026-10-06 09:20:54 INFO  [http-nio-0.0.0.0-8080-exec-4] JwtAuthenticationFilter - JWT AUTHENTICATION SUCCESS
2026-10-06 09:20:54 DEBUG [http-nio-0.0.0.0-8080-exec-4] FilterChainProxy - Secured GET /api/notifications/mine/unread-count
2026-10-06 09:20:54 DEBUG [http-nio-0.0.0.0-8080-exec-5] FilterChainProxy - Securing OPTIONS /api/branch
2026-10-06 09:20:54 DEBUG [http-nio-0.0.0.0-8080-exec-12] FilterChainProxy - Securing OPTIONS /api/section
2026-10-06 09:20:54 DEBUG [http-nio-0.0.0.0-8080-exec-1] FilterChainProxy - Securing GET /api/course
2026-10-06 09:20:54 DEBUG [http-nio-0.0.0.0-8080-exec-7] FilterChainProxy - Securing GET /api/subjects
2026-10-06 09:20:54 DEBUG [http-nio-0.0.0.0-8080-exec-2] FilterChainProxy - Securing GET /api/notifications/mine?limit=12
2026-10-06 09:20:54 INFO  [http-nio-0.0.0.0-8080-exec-1] JwtAuthenticationFilter - JWT AUTHENTICATION SUCCESS
2026-10-06 09:20:54 DEBUG [http-nio-0.0.0.0-8080-exec-1] FilterChainProxy - Secured GET /api/course
2026-10-06 09:20:54 INFO  [http-nio-0.0.0.0-8080-exec-1] CourseController - Received request to fetch all courses.
2026-10-06 09:20:54 INFO  [http-nio-0.0.0.0-8080-exec-1] CourseService - Fetching all courses.
2026-10-06 09:20:54 DEBUG [http-nio-0.0.0.0-8080-exec-8] FilterChainProxy - Securing GET /api/notifications/mine/unread-count
2026-10-06 09:20:54 INFO  [http-nio-0.0.0.0-8080-exec-2] JwtAuthenticationFilter - JWT AUTHENTICATION SUCCESS
2026-10-06 09:20:54 INFO  [http-nio-0.0.0.0-8080-exec-7] JwtAuthenticationFilter - JWT AUTHENTICATION SUCCESS
2026-10-06 09:20:54 DEBUG [http-nio-0.0.0.0-8080-exec-7] FilterChainProxy - Secured GET /api/subjects
2026-10-06 09:20:54 DEBUG [http-nio-0.0.0.0-8080-exec-2] FilterChainProxy - Secured GET /api/notifications/mine?limit=12
2026-10-06 09:20:54 INFO  [http-nio-0.0.0.0-8080-exec-8] JwtAuthenticationFilter - JWT AUTHENTICATION SUCCESS
2026-10-06 09:20:54 DEBUG [http-nio-0.0.0.0-8080-exec-8] FilterChainProxy - Secured GET /api/notifications/mine/unread-count
2026-10-06 09:20:54 INFO  [http-nio-0.0.0.0-8080-exec-1] CourseService - Fetched 1 courses.
2026-10-06 09:20:54 INFO  [http-nio-0.0.0.0-8080-exec-1] CourseController - Fetched 1 courses successfully.
2026-10-06 09:20:54 DEBUG [http-nio-0.0.0.0-8080-exec-9] FilterChainProxy - Securing OPTIONS /api/college
2026-10-06 09:20:54 DEBUG [http-nio-0.0.0.0-8080-exec-11] FilterChainProxy - Securing OPTIONS /api/branch
2026-10-06 09:20:54 DEBUG [http-nio-0.0.0.0-8080-exec-6] FilterChainProxy - Securing OPTIONS /api/course
2026-10-06 09:20:54 DEBUG [http-nio-0.0.0.0-8080-exec-4] FilterChainProxy - Securing OPTIONS /api/section
2026-10-06 09:20:54 DEBUG [http-nio-0.0.0.0-8080-exec-12] FilterChainProxy - Securing OPTIONS /api/users/students_Guest
2026-10-06 09:20:54 DEBUG [http-nio-0.0.0.0-8080-exec-5] FilterChainProxy - Securing OPTIONS /api/exams
2026-10-06 09:20:54 DEBUG [http-nio-0.0.0.0-8080-exec-2] FilterChainProxy - Securing GET /api/chapter
2026-10-06 09:20:54 DEBUG [http-nio-0.0.0.0-8080-exec-7] FilterChainProxy - Securing GET /api/topics
2026-10-06 09:20:54 INFO  [http-nio-0.0.0.0-8080-exec-2] JwtAuthenticationFilter - JWT AUTHENTICATION SUCCESS
2026-10-06 09:20:54 DEBUG [http-nio-0.0.0.0-8080-exec-2] FilterChainProxy - Secured GET /api/chapter
2026-10-06 09:20:54 INFO  [http-nio-0.0.0.0-8080-exec-2] ChapterController - Received request to fetch all chapters.
2026-10-06 09:20:54 INFO  [http-nio-0.0.0.0-8080-exec-2] ChapterService - Fetching all chapters.
2026-10-06 09:20:54 INFO  [http-nio-0.0.0.0-8080-exec-7] JwtAuthenticationFilter - JWT AUTHENTICATION SUCCESS
2026-10-06 09:20:54 DEBUG [http-nio-0.0.0.0-8080-exec-7] FilterChainProxy - Secured GET /api/topics
2026-10-06 09:20:54 DEBUG [http-nio-0.0.0.0-8080-exec-1] FilterChainProxy - Securing OPTIONS /api/performance/super-admin
2026-10-06 09:20:54 DEBUG [http-nio-0.0.0.0-8080-exec-9] FilterChainProxy - Securing OPTIONS /api/chapter
2026-10-06 09:20:54 DEBUG [http-nio-0.0.0.0-8080-exec-1] FilterChainProxy - Securing GET /api/questions
2026-10-06 09:20:54 DEBUG [http-nio-0.0.0.0-8080-exec-9] FilterChainProxy - Securing OPTIONS /api/questions
2026-10-06 09:20:54 INFO  [http-nio-0.0.0.0-8080-exec-2] ChapterService - Fetched 6 chapters.
2026-10-06 09:20:54 INFO  [http-nio-0.0.0.0-8080-exec-2] ChapterController - Fetched 6 chapters successfully.
2026-10-06 09:20:54 DEBUG [http-nio-0.0.0.0-8080-exec-6] FilterChainProxy - Securing GET /api/branch
2026-10-06 09:20:54 DEBUG [http-nio-0.0.0.0-8080-exec-9] FilterChainProxy - Securing OPTIONS /api/college
2026-10-06 09:20:54 DEBUG [http-nio-0.0.0.0-8080-exec-8] FilterChainProxy - Securing OPTIONS /api/activity-sessions/resume
2026-10-06 09:20:54 DEBUG [http-nio-0.0.0.0-8080-exec-11] FilterChainProxy - Securing OPTIONS /api/topics
2026-10-06 09:20:54 DEBUG [http-nio-0.0.0.0-8080-exec-4] FilterChainProxy - Securing GET /api/college
2026-10-06 09:20:54 DEBUG [http-nio-0.0.0.0-8080-exec-9] FilterChainProxy - Securing GET /api/section
2026-10-06 09:20:54 INFO  [http-nio-0.0.0.0-8080-exec-1] JwtAuthenticationFilter - JWT AUTHENTICATION SUCCESS
2026-10-06 09:20:54 DEBUG [http-nio-0.0.0.0-8080-exec-1] FilterChainProxy - Secured GET /api/questions
2026-10-06 09:20:54 INFO  [http-nio-0.0.0.0-8080-exec-4] JwtAuthenticationFilter - JWT AUTHENTICATION SUCCESS
2026-10-06 09:20:54 INFO  [http-nio-0.0.0.0-8080-exec-9] JwtAuthenticationFilter - JWT AUTHENTICATION SUCCESS
2026-10-06 09:20:54 INFO  [http-nio-0.0.0.0-8080-exec-6] JwtAuthenticationFilter - JWT AUTHENTICATION SUCCESS
2026-10-06 09:20:54 DEBUG [http-nio-0.0.0.0-8080-exec-4] FilterChainProxy - Secured GET /api/college
2026-10-06 09:20:54 DEBUG [http-nio-0.0.0.0-8080-exec-9] FilterChainProxy - Secured GET /api/section
2026-10-06 09:20:54 DEBUG [http-nio-0.0.0.0-8080-exec-6] FilterChainProxy - Secured GET /api/branch
2026-10-06 09:20:54 INFO  [http-nio-0.0.0.0-8080-exec-9] SectionController - Received request to fetch all sections.
2026-10-06 09:20:54 INFO  [http-nio-0.0.0.0-8080-exec-4] CollegeController - Received request to fetch all colleges.
2026-10-06 09:20:54 INFO  [http-nio-0.0.0.0-8080-exec-9] SectionService - Fetching all sections.
2026-10-06 09:20:54 INFO  [http-nio-0.0.0.0-8080-exec-6] BranchController - Received request to fetch all branches.
2026-10-06 09:20:54 INFO  [http-nio-0.0.0.0-8080-exec-4] CollegeService - Fetching all colleges.
2026-10-06 09:20:54 INFO  [http-nio-0.0.0.0-8080-exec-6] BranchService - Fetching all branches.
2026-10-06 09:20:54 INFO  [http-nio-0.0.0.0-8080-exec-4] CollegeService - Fetched 1 colleges.
2026-10-06 09:20:54 INFO  [http-nio-0.0.0.0-8080-exec-4] CollegeController - Fetched 1 colleges successfully.
2026-10-06 09:20:54 INFO  [http-nio-0.0.0.0-8080-exec-6] BranchService - Fetched 3 branches.
2026-10-06 09:20:54 INFO  [http-nio-0.0.0.0-8080-exec-6] BranchController - Fetched 3 branches successfully.
2026-10-06 09:20:54 INFO  [http-nio-0.0.0.0-8080-exec-9] SectionService - Fetched 1 sections.
2026-10-06 09:20:54 INFO  [http-nio-0.0.0.0-8080-exec-9] SectionController - Fetched 1 sections successfully.
2026-10-06 09:20:54 DEBUG [http-nio-0.0.0.0-8080-exec-2] FilterChainProxy - Securing OPTIONS /api/branch
2026-10-06 09:20:54 DEBUG [http-nio-0.0.0.0-8080-exec-11] FilterChainProxy - Securing OPTIONS /api/section
2026-10-06 09:20:54 DEBUG [http-nio-0.0.0.0-8080-exec-8] FilterChainProxy - Securing OPTIONS /api/college
2026-10-06 09:20:54 DEBUG [http-nio-0.0.0.0-8080-exec-12] FilterChainProxy - Securing OPTIONS /api/branch
2026-10-06 09:20:54 DEBUG [http-nio-0.0.0.0-8080-exec-5] FilterChainProxy - Securing OPTIONS /api/section
2026-10-06 09:20:54 DEBUG [http-nio-0.0.0.0-8080-exec-7] FilterChainProxy - Securing OPTIONS /api/exams
2026-10-06 09:20:54 DEBUG [http-nio-0.0.0.0-8080-exec-4] FilterChainProxy - Securing GET /api/subjects
2026-10-06 09:20:54 DEBUG [http-nio-0.0.0.0-8080-exec-5] FilterChainProxy - Securing GET /api/course
2026-10-06 09:20:54 DEBUG [http-nio-0.0.0.0-8080-exec-9] FilterChainProxy - Securing GET /api/users/students_Guest
2026-10-06 09:20:54 DEBUG [http-nio-0.0.0.0-8080-exec-2] FilterChainProxy - Securing GET /api/exams
2026-10-06 09:20:54 DEBUG [http-nio-0.0.0.0-8080-exec-7] FilterChainProxy - Securing GET /api/performance/super-admin
2026-10-06 09:20:54 INFO  [http-nio-0.0.0.0-8080-exec-4] JwtAuthenticationFilter - JWT AUTHENTICATION SUCCESS
2026-10-06 09:20:54 INFO  [http-nio-0.0.0.0-8080-exec-9] JwtAuthenticationFilter - JWT AUTHENTICATION SUCCESS
2026-10-06 09:20:54 INFO  [http-nio-0.0.0.0-8080-exec-7] JwtAuthenticationFilter - JWT AUTHENTICATION SUCCESS
2026-10-06 09:20:54 INFO  [http-nio-0.0.0.0-8080-exec-5] JwtAuthenticationFilter - JWT AUTHENTICATION SUCCESS
2026-10-06 09:20:54 DEBUG [http-nio-0.0.0.0-8080-exec-4] FilterChainProxy - Secured GET /api/subjects
2026-10-06 09:20:54 INFO  [http-nio-0.0.0.0-8080-exec-2] JwtAuthenticationFilter - JWT AUTHENTICATION SUCCESS
2026-10-06 09:20:54 DEBUG [http-nio-0.0.0.0-8080-exec-5] FilterChainProxy - Secured GET /api/course
2026-10-06 09:20:54 DEBUG [http-nio-0.0.0.0-8080-exec-9] FilterChainProxy - Secured GET /api/users/students_Guest
2026-10-06 09:20:54 DEBUG [http-nio-0.0.0.0-8080-exec-7] FilterChainProxy - Secured GET /api/performance/super-admin
2026-10-06 09:20:54 DEBUG [http-nio-0.0.0.0-8080-exec-2] FilterChainProxy - Secured GET /api/exams
2026-10-06 09:20:54 INFO  [http-nio-0.0.0.0-8080-exec-5] CourseController - Received request to fetch all courses.
2026-10-06 09:20:54 INFO  [http-nio-0.0.0.0-8080-exec-5] CourseService - Fetching all courses.
2026-10-06 09:20:54 INFO  [http-nio-0.0.0.0-8080-exec-5] CourseService - Fetched 1 courses.
2026-10-06 09:20:54 INFO  [http-nio-0.0.0.0-8080-exec-5] CourseController - Fetched 1 courses successfully.
2026-10-06 09:20:55 DEBUG [http-nio-0.0.0.0-8080-exec-8] FilterChainProxy - Securing OPTIONS /api/users/students_Guest
2026-10-06 09:20:55 DEBUG [http-nio-0.0.0.0-8080-exec-12] FilterChainProxy - Securing OPTIONS /api/performance/super-admin
2026-10-06 09:20:55 DEBUG [http-nio-0.0.0.0-8080-exec-11] FilterChainProxy - Securing GET /api/branch
2026-10-06 09:20:55 DEBUG [http-nio-0.0.0.0-8080-exec-6] FilterChainProxy - Securing GET /api/college
2026-10-06 09:20:55 DEBUG [http-nio-0.0.0.0-8080-exec-5] FilterChainProxy - Securing GET /api/section
2026-10-06 09:20:55 DEBUG [http-nio-0.0.0.0-8080-exec-4] FilterChainProxy - Securing GET /api/chapter
2026-10-06 09:20:55 INFO  [http-nio-0.0.0.0-8080-exec-11] JwtAuthenticationFilter - JWT AUTHENTICATION SUCCESS
2026-10-06 09:20:55 DEBUG [http-nio-0.0.0.0-8080-exec-11] FilterChainProxy - Secured GET /api/branch
2026-10-06 09:20:55 INFO  [http-nio-0.0.0.0-8080-exec-11] BranchController - Received request to fetch all branches.
2026-10-06 09:20:55 INFO  [http-nio-0.0.0.0-8080-exec-6] JwtAuthenticationFilter - JWT AUTHENTICATION SUCCESS
2026-10-06 09:20:55 INFO  [http-nio-0.0.0.0-8080-exec-11] BranchService - Fetching all branches.
2026-10-06 09:20:55 DEBUG [http-nio-0.0.0.0-8080-exec-6] FilterChainProxy - Secured GET /api/college
2026-10-06 09:20:55 INFO  [http-nio-0.0.0.0-8080-exec-6] CollegeController - Received request to fetch all colleges.
2026-10-06 09:20:55 INFO  [http-nio-0.0.0.0-8080-exec-6] CollegeService - Fetching all colleges.
2026-10-06 09:20:55 INFO  [http-nio-0.0.0.0-8080-exec-4] JwtAuthenticationFilter - JWT AUTHENTICATION SUCCESS
2026-10-06 09:20:55 DEBUG [http-nio-0.0.0.0-8080-exec-2] FilterChainProxy - Securing GET /api/topics
2026-10-06 09:20:55 INFO  [http-nio-0.0.0.0-8080-exec-6] CollegeService - Fetched 1 colleges.
2026-10-06 09:20:55 INFO  [http-nio-0.0.0.0-8080-exec-6] CollegeController - Fetched 1 colleges successfully.
2026-10-06 09:20:55 INFO  [http-nio-0.0.0.0-8080-exec-5] JwtAuthenticationFilter - JWT AUTHENTICATION SUCCESS
2026-10-06 09:20:55 INFO  [http-nio-0.0.0.0-8080-exec-11] BranchService - Fetched 3 branches.
2026-10-06 09:20:55 INFO  [http-nio-0.0.0.0-8080-exec-11] BranchController - Fetched 3 branches successfully.
2026-10-06 09:20:55 DEBUG [http-nio-0.0.0.0-8080-exec-5] FilterChainProxy - Secured GET /api/section
2026-10-06 09:20:55 INFO  [http-nio-0.0.0.0-8080-exec-5] SectionController - Received request to fetch all sections.
2026-10-06 09:20:55 INFO  [http-nio-0.0.0.0-8080-exec-5] SectionService - Fetching all sections.
2026-10-06 09:20:55 DEBUG [http-nio-0.0.0.0-8080-exec-4] FilterChainProxy - Secured GET /api/chapter
2026-10-06 09:20:55 INFO  [http-nio-0.0.0.0-8080-exec-4] ChapterController - Received request to fetch all chapters.
2026-10-06 09:20:55 INFO  [http-nio-0.0.0.0-8080-exec-4] ChapterService - Fetching all chapters.
2026-10-06 09:20:55 INFO  [http-nio-0.0.0.0-8080-exec-2] JwtAuthenticationFilter - JWT AUTHENTICATION SUCCESS
2026-10-06 09:20:55 DEBUG [http-nio-0.0.0.0-8080-exec-2] FilterChainProxy - Secured GET /api/topics
2026-10-06 09:20:55 INFO  [http-nio-0.0.0.0-8080-exec-4] ChapterService - Fetched 6 chapters.
2026-10-06 09:20:55 INFO  [http-nio-0.0.0.0-8080-exec-4] ChapterController - Fetched 6 chapters successfully.
2026-10-06 09:20:55 DEBUG [http-nio-0.0.0.0-8080-exec-4] FilterChainProxy - Securing POST /api/activity-sessions/resume
2026-10-06 09:20:55 INFO  [http-nio-0.0.0.0-8080-exec-5] SectionService - Fetched 1 sections.
2026-10-06 09:20:55 INFO  [http-nio-0.0.0.0-8080-exec-5] SectionController - Fetched 1 sections successfully.
2026-10-06 09:20:55 DEBUG [http-nio-0.0.0.0-8080-exec-9] FilterChainProxy - Securing GET /api/course
2026-10-06 09:20:55 INFO  [http-nio-0.0.0.0-8080-exec-4] JwtAuthenticationFilter - JWT AUTHENTICATION SUCCESS
2026-10-06 09:20:55 DEBUG [http-nio-0.0.0.0-8080-exec-4] FilterChainProxy - Secured POST /api/activity-sessions/resume
2026-10-06 09:20:55 INFO  [http-nio-0.0.0.0-8080-exec-9] JwtAuthenticationFilter - JWT AUTHENTICATION SUCCESS
2026-10-06 09:20:55 DEBUG [http-nio-0.0.0.0-8080-exec-9] FilterChainProxy - Secured GET /api/course
2026-10-06 09:20:55 INFO  [http-nio-0.0.0.0-8080-exec-9] CourseController - Received request to fetch all courses.
2026-10-06 09:20:55 INFO  [http-nio-0.0.0.0-8080-exec-9] CourseService - Fetching all courses.
2026-10-06 09:20:55 DEBUG [http-nio-0.0.0.0-8080-exec-8] FilterChainProxy - Securing GET /api/exams
2026-10-06 09:20:55 DEBUG [http-nio-0.0.0.0-8080-exec-12] FilterChainProxy - Securing GET /api/users/students_Guest
2026-10-06 09:20:55 INFO  [http-nio-0.0.0.0-8080-exec-8] JwtAuthenticationFilter - JWT AUTHENTICATION SUCCESS
2026-10-06 09:20:55 DEBUG [http-nio-0.0.0.0-8080-exec-8] FilterChainProxy - Secured GET /api/exams
2026-10-06 09:20:55 INFO  [http-nio-0.0.0.0-8080-exec-9] CourseService - Fetched 1 courses.
2026-10-06 09:20:55 INFO  [http-nio-0.0.0.0-8080-exec-9] CourseController - Fetched 1 courses successfully.
2026-10-06 09:20:55 DEBUG [http-nio-0.0.0.0-8080-exec-4] FilterChainProxy - Securing GET /api/performance/super-admin
2026-10-06 09:20:55 INFO  [http-nio-0.0.0.0-8080-exec-12] JwtAuthenticationFilter - JWT AUTHENTICATION SUCCESS
2026-10-06 09:20:55 DEBUG [http-nio-0.0.0.0-8080-exec-12] FilterChainProxy - Secured GET /api/users/students_Guest
2026-10-06 09:20:55 INFO  [http-nio-0.0.0.0-8080-exec-4] JwtAuthenticationFilter - JWT AUTHENTICATION SUCCESS
2026-10-06 09:20:55 DEBUG [http-nio-0.0.0.0-8080-exec-4] FilterChainProxy - Secured GET /api/performance/super-admin
2026-10-06 09:20:55 DEBUG [http-nio-0.0.0.0-8080-exec-11] FilterChainProxy - Securing GET /api/college
2026-10-06 09:20:55 DEBUG [http-nio-0.0.0.0-8080-exec-7] FilterChainProxy - Securing GET /api/branch
2026-10-06 09:20:55 INFO  [http-nio-0.0.0.0-8080-exec-11] JwtAuthenticationFilter - JWT AUTHENTICATION SUCCESS
2026-10-06 09:20:55 DEBUG [http-nio-0.0.0.0-8080-exec-11] FilterChainProxy - Secured GET /api/college
2026-10-06 09:20:55 INFO  [http-nio-0.0.0.0-8080-exec-7] JwtAuthenticationFilter - JWT AUTHENTICATION SUCCESS
2026-10-06 09:20:55 INFO  [http-nio-0.0.0.0-8080-exec-11] CollegeController - Received request to fetch all colleges.
2026-10-06 09:20:55 INFO  [http-nio-0.0.0.0-8080-exec-11] CollegeService - Fetching all colleges.
2026-10-06 09:20:55 DEBUG [http-nio-0.0.0.0-8080-exec-7] FilterChainProxy - Secured GET /api/branch
2026-10-06 09:20:55 INFO  [http-nio-0.0.0.0-8080-exec-7] BranchController - Received request to fetch all branches.
2026-10-06 09:20:55 INFO  [http-nio-0.0.0.0-8080-exec-7] BranchService - Fetching all branches.
2026-10-06 09:20:55 DEBUG [http-nio-0.0.0.0-8080-exec-5] FilterChainProxy - Securing GET /api/section
2026-10-06 09:20:55 INFO  [http-nio-0.0.0.0-8080-exec-11] CollegeService - Fetched 1 colleges.
2026-10-06 09:20:55 INFO  [http-nio-0.0.0.0-8080-exec-11] CollegeController - Fetched 1 colleges successfully.
2026-10-06 09:20:55 INFO  [http-nio-0.0.0.0-8080-exec-7] BranchService - Fetched 3 branches.
2026-10-06 09:20:55 INFO  [http-nio-0.0.0.0-8080-exec-7] BranchController - Fetched 3 branches successfully.
2026-10-06 09:20:55 INFO  [http-nio-0.0.0.0-8080-exec-5] JwtAuthenticationFilter - JWT AUTHENTICATION SUCCESS
2026-10-06 09:20:55 DEBUG [http-nio-0.0.0.0-8080-exec-5] FilterChainProxy - Secured GET /api/section
2026-10-06 09:20:55 INFO  [http-nio-0.0.0.0-8080-exec-5] SectionController - Received request to fetch all sections.
2026-10-06 09:20:55 INFO  [http-nio-0.0.0.0-8080-exec-5] SectionService - Fetching all sections.
2026-10-06 09:20:55 DEBUG [http-nio-0.0.0.0-8080-exec-2] FilterChainProxy - Securing GET /api/course
2026-10-06 09:20:55 INFO  [http-nio-0.0.0.0-8080-exec-5] SectionService - Fetched 1 sections.
2026-10-06 09:20:55 INFO  [http-nio-0.0.0.0-8080-exec-5] SectionController - Fetched 1 sections successfully.
2026-10-06 09:20:55 INFO  [http-nio-0.0.0.0-8080-exec-2] JwtAuthenticationFilter - JWT AUTHENTICATION SUCCESS
2026-10-06 09:20:55 DEBUG [http-nio-0.0.0.0-8080-exec-2] FilterChainProxy - Secured GET /api/course
2026-10-06 09:20:55 INFO  [http-nio-0.0.0.0-8080-exec-2] CourseController - Received request to fetch all courses.
2026-10-06 09:20:55 INFO  [http-nio-0.0.0.0-8080-exec-2] CourseService - Fetching all courses.
2026-10-06 09:20:55 INFO  [http-nio-0.0.0.0-8080-exec-2] CourseService - Fetched 1 courses.
2026-10-06 09:20:55 INFO  [http-nio-0.0.0.0-8080-exec-2] CourseController - Fetched 1 courses successfully.
2026-10-06 09:20:55 DEBUG [http-nio-0.0.0.0-8080-exec-9] FilterChainProxy - Securing GET /api/college
2026-10-06 09:20:55 DEBUG [http-nio-0.0.0.0-8080-exec-6] FilterChainProxy - Securing GET /api/branch
2026-10-06 09:20:55 DEBUG [http-nio-0.0.0.0-8080-exec-8] FilterChainProxy - Securing GET /api/section
2026-10-06 09:20:55 INFO  [http-nio-0.0.0.0-8080-exec-9] JwtAuthenticationFilter - JWT AUTHENTICATION SUCCESS
2026-10-06 09:20:55 INFO  [http-nio-0.0.0.0-8080-exec-8] JwtAuthenticationFilter - JWT AUTHENTICATION SUCCESS
2026-10-06 09:20:55 INFO  [http-nio-0.0.0.0-8080-exec-6] JwtAuthenticationFilter - JWT AUTHENTICATION SUCCESS
2026-10-06 09:20:55 DEBUG [http-nio-0.0.0.0-8080-exec-8] FilterChainProxy - Secured GET /api/section
2026-10-06 09:20:55 DEBUG [http-nio-0.0.0.0-8080-exec-9] FilterChainProxy - Secured GET /api/college
2026-10-06 09:20:55 DEBUG [http-nio-0.0.0.0-8080-exec-6] FilterChainProxy - Secured GET /api/branch
2026-10-06 09:20:55 INFO  [http-nio-0.0.0.0-8080-exec-8] SectionController - Received request to fetch all sections.
2026-10-06 09:20:55 INFO  [http-nio-0.0.0.0-8080-exec-6] BranchController - Received request to fetch all branches.
2026-10-06 09:20:55 INFO  [http-nio-0.0.0.0-8080-exec-9] CollegeController - Received request to fetch all colleges.
2026-10-06 09:20:55 INFO  [http-nio-0.0.0.0-8080-exec-8] SectionService - Fetching all sections.
2026-10-06 09:20:55 INFO  [http-nio-0.0.0.0-8080-exec-6] BranchService - Fetching all branches.
2026-10-06 09:20:55 INFO  [http-nio-0.0.0.0-8080-exec-9] CollegeService - Fetching all colleges.
2026-10-06 09:20:55 INFO  [http-nio-0.0.0.0-8080-exec-9] CollegeService - Fetched 1 colleges.
2026-10-06 09:20:55 INFO  [http-nio-0.0.0.0-8080-exec-9] CollegeController - Fetched 1 colleges successfully.
2026-10-06 09:20:55 INFO  [http-nio-0.0.0.0-8080-exec-6] BranchService - Fetched 3 branches.
2026-10-06 09:20:55 INFO  [http-nio-0.0.0.0-8080-exec-6] BranchController - Fetched 3 branches successfully.
2026-10-06 09:20:55 INFO  [http-nio-0.0.0.0-8080-exec-8] SectionService - Fetched 1 sections.
2026-10-06 09:20:55 INFO  [http-nio-0.0.0.0-8080-exec-8] SectionController - Fetched 1 sections successfully.
2026-10-06 09:20:55 DEBUG [http-nio-0.0.0.0-8080-exec-12] FilterChainProxy - Securing GET /api/questions
2026-10-06 09:20:55 INFO  [http-nio-0.0.0.0-8080-exec-12] JwtAuthenticationFilter - JWT AUTHENTICATION SUCCESS
2026-10-06 09:20:55 DEBUG [http-nio-0.0.0.0-8080-exec-12] FilterChainProxy - Secured GET /api/questions
2026-10-06 09:21:24 DEBUG [http-nio-0.0.0.0-8080-exec-11] FilterChainProxy - Securing OPTIONS /api/activity-sessions/heartbeat
2026-10-06 09:21:24 DEBUG [http-nio-0.0.0.0-8080-exec-4] FilterChainProxy - Securing POST /api/activity-sessions/heartbeat
2026-10-06 09:21:24 INFO  [http-nio-0.0.0.0-8080-exec-4] JwtAuthenticationFilter - JWT AUTHENTICATION SUCCESS
2026-10-06 09:21:24 DEBUG [http-nio-0.0.0.0-8080-exec-4] FilterChainProxy - Secured POST /api/activity-sessions/heartbeat
2026-10-06 09:21:39 DEBUG [http-nio-0.0.0.0-8080-exec-5] FilterChainProxy - Securing OPTIONS /api/notifications/mine/unread-count
2026-10-06 09:21:39 DEBUG [http-nio-0.0.0.0-8080-exec-7] FilterChainProxy - Securing OPTIONS /api/notifications/mine?limit=12
2026-10-06 09:21:39 DEBUG [http-nio-0.0.0.0-8080-exec-2] FilterChainProxy - Securing GET /api/notifications/mine?limit=12
2026-10-06 09:21:39 DEBUG [http-nio-0.0.0.0-8080-exec-9] FilterChainProxy - Securing GET /api/notifications/mine/unread-count
2026-10-06 09:21:39 INFO  [http-nio-0.0.0.0-8080-exec-2] JwtAuthenticationFilter - JWT AUTHENTICATION SUCCESS
2026-10-06 09:21:39 DEBUG [http-nio-0.0.0.0-8080-exec-2] FilterChainProxy - Secured GET /api/notifications/mine?limit=12
2026-10-06 09:21:39 INFO  [http-nio-0.0.0.0-8080-exec-9] JwtAuthenticationFilter - JWT AUTHENTICATION SUCCESS
2026-10-06 09:21:39 DEBUG [http-nio-0.0.0.0-8080-exec-9] FilterChainProxy - Secured GET /api/notifications/mine/unread-count
2026-10-06 09:21:54 DEBUG [http-nio-0.0.0.0-8080-exec-6] FilterChainProxy - Securing OPTIONS /api/activity-sessions/heartbeat
2026-10-06 09:21:54 DEBUG [http-nio-0.0.0.0-8080-exec-8] FilterChainProxy - Securing POST /api/activity-sessions/heartbeat
2026-10-06 09:21:54 INFO  [http-nio-0.0.0.0-8080-exec-8] JwtAuthenticationFilter - JWT AUTHENTICATION SUCCESS
2026-10-06 09:21:54 DEBUG [http-nio-0.0.0.0-8080-exec-8] FilterChainProxy - Secured POST /api/activity-sessions/heartbeat
2026-10-06 09:22:24 DEBUG [http-nio-0.0.0.0-8080-exec-6] FilterChainProxy - Securing OPTIONS /api/notifications/mine?limit=12
2026-10-06 09:22:24 DEBUG [http-nio-0.0.0.0-8080-exec-8] FilterChainProxy - Securing OPTIONS /api/notifications/mine/unread-count
2026-10-06 09:22:24 DEBUG [http-nio-0.0.0.0-8080-exec-4] FilterChainProxy - Securing OPTIONS /api/activity-sessions/heartbeat
2026-10-06 09:22:24 DEBUG [http-nio-0.0.0.0-8080-exec-11] FilterChainProxy - Securing GET /api/notifications/mine?limit=12
2026-10-06 09:22:24 DEBUG [http-nio-0.0.0.0-8080-exec-5] FilterChainProxy - Securing GET /api/notifications/mine/unread-count
2026-10-06 09:22:24 INFO  [http-nio-0.0.0.0-8080-exec-11] JwtAuthenticationFilter - JWT AUTHENTICATION SUCCESS
2026-10-06 09:22:24 DEBUG [http-nio-0.0.0.0-8080-exec-11] FilterChainProxy - Secured GET /api/notifications/mine?limit=12
2026-10-06 09:22:24 INFO  [http-nio-0.0.0.0-8080-exec-5] JwtAuthenticationFilter - JWT AUTHENTICATION SUCCESS
2026-10-06 09:22:24 DEBUG [http-nio-0.0.0.0-8080-exec-5] FilterChainProxy - Secured GET /api/notifications/mine/unread-count
2026-10-06 09:22:24 DEBUG [http-nio-0.0.0.0-8080-exec-2] FilterChainProxy - Securing POST /api/activity-sessions/heartbeat
2026-10-06 09:22:24 INFO  [http-nio-0.0.0.0-8080-exec-2] JwtAuthenticationFilter - JWT AUTHENTICATION SUCCESS
2026-10-06 09:22:24 DEBUG [http-nio-0.0.0.0-8080-exec-2] FilterChainProxy - Secured POST /api/activity-sessions/heartbeat
2026-10-06 09:22:54 DEBUG [http-nio-0.0.0.0-8080-exec-7] FilterChainProxy - Securing OPTIONS /api/activity-sessions/heartbeat
2026-10-06 09:22:54 DEBUG [http-nio-0.0.0.0-8080-exec-12] FilterChainProxy - Securing POST /api/activity-sessions/heartbeat
2026-10-06 09:22:54 INFO  [http-nio-0.0.0.0-8080-exec-12] JwtAuthenticationFilter - JWT AUTHENTICATION SUCCESS
2026-10-06 09:22:54 DEBUG [http-nio-0.0.0.0-8080-exec-12] FilterChainProxy - Secured POST /api/activity-sessions/heartbeat
2026-10-06 09:23:09 DEBUG [http-nio-0.0.0.0-8080-exec-1] FilterChainProxy - Securing OPTIONS /api/notifications/mine?limit=12
2026-10-06 09:23:09 DEBUG [http-nio-0.0.0.0-8080-exec-9] FilterChainProxy - Securing OPTIONS /api/notifications/mine/unread-count
2026-10-06 09:23:09 DEBUG [http-nio-0.0.0.0-8080-exec-6] FilterChainProxy - Securing GET /api/notifications/mine?limit=12
2026-10-06 09:23:09 DEBUG [http-nio-0.0.0.0-8080-exec-8] FilterChainProxy - Securing GET /api/notifications/mine/unread-count
2026-10-06 09:23:09 INFO  [http-nio-0.0.0.0-8080-exec-6] JwtAuthenticationFilter - JWT AUTHENTICATION SUCCESS
2026-10-06 09:23:09 INFO  [http-nio-0.0.0.0-8080-exec-8] JwtAuthenticationFilter - JWT AUTHENTICATION SUCCESS
2026-10-06 09:23:09 DEBUG [http-nio-0.0.0.0-8080-exec-6] FilterChainProxy - Secured GET /api/notifications/mine?limit=12
2026-10-06 09:23:09 DEBUG [http-nio-0.0.0.0-8080-exec-8] FilterChainProxy - Secured GET /api/notifications/mine/unread-count
2026-10-06 09:23:24 DEBUG [http-nio-0.0.0.0-8080-exec-4] FilterChainProxy - Securing OPTIONS /api/activity-sessions/heartbeat
2026-10-06 09:23:24 DEBUG [http-nio-0.0.0.0-8080-exec-5] FilterChainProxy - Securing POST /api/activity-sessions/heartbeat
2026-10-06 09:23:24 INFO  [http-nio-0.0.0.0-8080-exec-5] JwtAuthenticationFilter - JWT AUTHENTICATION SUCCESS
2026-10-06 09:23:24 DEBUG [http-nio-0.0.0.0-8080-exec-5] FilterChainProxy - Secured POST /api/activity-sessions/heartbeat
2026-10-06 09:23:54 DEBUG [http-nio-0.0.0.0-8080-exec-7] FilterChainProxy - Securing OPTIONS /api/notifications/mine?limit=12
2026-10-06 09:23:54 DEBUG [http-nio-0.0.0.0-8080-exec-7] FilterChainProxy - Securing OPTIONS /api/notifications/mine/unread-count
2026-10-06 09:23:54 DEBUG [http-nio-0.0.0.0-8080-exec-12] FilterChainProxy - Securing OPTIONS /api/activity-sessions/heartbeat
2026-10-06 09:23:54 DEBUG [http-nio-0.0.0.0-8080-exec-1] FilterChainProxy - Securing GET /api/notifications/mine?limit=12
2026-10-06 09:23:54 DEBUG [http-nio-0.0.0.0-8080-exec-7] FilterChainProxy - Securing GET /api/notifications/mine/unread-count
2026-10-06 09:23:54 INFO  [http-nio-0.0.0.0-8080-exec-1] JwtAuthenticationFilter - JWT AUTHENTICATION SUCCESS
2026-10-06 09:23:54 INFO  [http-nio-0.0.0.0-8080-exec-7] JwtAuthenticationFilter - JWT AUTHENTICATION SUCCESS
2026-10-06 09:23:54 DEBUG [http-nio-0.0.0.0-8080-exec-7] FilterChainProxy - Secured GET /api/notifications/mine/unread-count
2026-10-06 09:23:54 DEBUG [http-nio-0.0.0.0-8080-exec-8] FilterChainProxy - Securing POST /api/activity-sessions/heartbeat
2026-10-06 09:23:54 DEBUG [http-nio-0.0.0.0-8080-exec-1] FilterChainProxy - Secured GET /api/notifications/mine?limit=12
2026-10-06 09:23:54 INFO  [http-nio-0.0.0.0-8080-exec-8] JwtAuthenticationFilter - JWT AUTHENTICATION SUCCESS
2026-10-06 09:23:54 DEBUG [http-nio-0.0.0.0-8080-exec-8] FilterChainProxy - Secured POST /api/activity-sessions/heartbeat
2026-10-06 09:24:24 DEBUG [http-nio-0.0.0.0-8080-exec-4] FilterChainProxy - Securing OPTIONS /api/activity-sessions/heartbeat
2026-10-06 09:24:24 DEBUG [http-nio-0.0.0.0-8080-exec-5] FilterChainProxy - Securing POST /api/activity-sessions/heartbeat
2026-10-06 09:24:24 INFO  [http-nio-0.0.0.0-8080-exec-5] JwtAuthenticationFilter - JWT AUTHENTICATION SUCCESS
2026-10-06 09:24:24 DEBUG [http-nio-0.0.0.0-8080-exec-5] FilterChainProxy - Secured POST /api/activity-sessions/heartbeat
2026-10-06 09:24:39 DEBUG [http-nio-0.0.0.0-8080-exec-2] FilterChainProxy - Securing OPTIONS /api/notifications/mine?limit=12
2026-10-06 09:24:39 DEBUG [http-nio-0.0.0.0-8080-exec-11] FilterChainProxy - Securing OPTIONS /api/notifications/mine/unread-count
2026-10-06 09:24:39 DEBUG [http-nio-0.0.0.0-8080-exec-12] FilterChainProxy - Securing GET /api/notifications/mine?limit=12
2026-10-06 09:24:39 DEBUG [http-nio-0.0.0.0-8080-exec-9] FilterChainProxy - Securing GET /api/notifications/mine/unread-count
2026-10-06 09:24:39 INFO  [http-nio-0.0.0.0-8080-exec-12] JwtAuthenticationFilter - JWT AUTHENTICATION SUCCESS
2026-10-06 09:24:39 INFO  [http-nio-0.0.0.0-8080-exec-9] JwtAuthenticationFilter - JWT AUTHENTICATION SUCCESS
2026-10-06 09:24:39 DEBUG [http-nio-0.0.0.0-8080-exec-9] FilterChainProxy - Secured GET /api/notifications/mine/unread-count
2026-10-06 09:24:39 DEBUG [http-nio-0.0.0.0-8080-exec-12] FilterChainProxy - Secured GET /api/notifications/mine?limit=12
2026-10-06 09:24:54 DEBUG [http-nio-0.0.0.0-8080-exec-6] FilterChainProxy - Securing OPTIONS /api/activity-sessions/heartbeat
2026-10-06 09:24:54 DEBUG [http-nio-0.0.0.0-8080-exec-7] FilterChainProxy - Securing POST /api/activity-sessions/heartbeat
2026-10-06 09:24:54 INFO  [http-nio-0.0.0.0-8080-exec-7] JwtAuthenticationFilter - JWT AUTHENTICATION SUCCESS
2026-10-06 09:24:54 DEBUG [http-nio-0.0.0.0-8080-exec-7] FilterChainProxy - Secured POST /api/activity-sessions/heartbeat
2026-10-06 09:25:24 DEBUG [http-nio-0.0.0.0-8080-exec-4] FilterChainProxy - Securing OPTIONS /api/notifications/mine?limit=12
2026-10-06 09:25:24 DEBUG [http-nio-0.0.0.0-8080-exec-5] FilterChainProxy - Securing OPTIONS /api/notifications/mine/unread-count
2026-10-06 09:25:24 DEBUG [http-nio-0.0.0.0-8080-exec-11] FilterChainProxy - Securing OPTIONS /api/activity-sessions/heartbeat
2026-10-06 09:25:24 DEBUG [http-nio-0.0.0.0-8080-exec-2] FilterChainProxy - Securing GET /api/notifications/mine?limit=12
2026-10-06 09:25:24 DEBUG [http-nio-0.0.0.0-8080-exec-12] FilterChainProxy - Securing POST /api/activity-sessions/heartbeat
2026-10-06 09:25:24 DEBUG [http-nio-0.0.0.0-8080-exec-9] FilterChainProxy - Securing GET /api/notifications/mine/unread-count
2026-10-06 09:25:24 INFO  [http-nio-0.0.0.0-8080-exec-9] JwtAuthenticationFilter - JWT AUTHENTICATION SUCCESS
2026-10-06 09:25:24 INFO  [http-nio-0.0.0.0-8080-exec-12] JwtAuthenticationFilter - JWT AUTHENTICATION SUCCESS
2026-10-06 09:25:24 INFO  [http-nio-0.0.0.0-8080-exec-2] JwtAuthenticationFilter - JWT AUTHENTICATION SUCCESS
2026-10-06 09:25:24 DEBUG [http-nio-0.0.0.0-8080-exec-12] FilterChainProxy - Secured POST /api/activity-sessions/heartbeat
2026-10-06 09:25:24 DEBUG [http-nio-0.0.0.0-8080-exec-9] FilterChainProxy - Secured GET /api/notifications/mine/unread-count
2026-10-06 09:25:24 DEBUG [http-nio-0.0.0.0-8080-exec-2] FilterChainProxy - Secured GET /api/notifications/mine?limit=12
2026-10-06 09:25:54 DEBUG [http-nio-0.0.0.0-8080-exec-6] FilterChainProxy - Securing OPTIONS /api/activity-sessions/heartbeat
2026-10-06 09:25:54 DEBUG [http-nio-0.0.0.0-8080-exec-7] FilterChainProxy - Securing POST /api/activity-sessions/heartbeat
2026-10-06 09:25:54 INFO  [http-nio-0.0.0.0-8080-exec-7] JwtAuthenticationFilter - JWT AUTHENTICATION SUCCESS
2026-10-06 09:25:54 DEBUG [http-nio-0.0.0.0-8080-exec-7] FilterChainProxy - Secured POST /api/activity-sessions/heartbeat
2026-10-06 09:25:58 INFO  [SpringApplicationShutdownHook] GracefulShutdown - Commencing graceful shutdown. Waiting for active requests to complete
2026-10-06 09:25:58 INFO  [tomcat-shutdown] GracefulShutdown - Graceful shutdown complete
2026-10-06 09:25:58 INFO  [SpringApplicationShutdownHook] LocalContainerEntityManagerFactoryBean - Closing JPA EntityManagerFactory for persistence unit 'default'
2026-10-06 09:25:58 INFO  [SpringApplicationShutdownHook] HikariDataSource - HikariPool-1 - Shutdown initiated...
2026-10-06 09:25:58 INFO  [SpringApplicationShutdownHook] HikariDataSource - HikariPool-1 - Shutdown completed.
